sitemap_index_file,child_sitemap_url,child_sitemap_lastmod,child_sitemap_file
sitemap_index.xml,https://www.timesofisrael.com/post-sitemap.xml,2026-08-21T23:45:51+00:00,post-sitemap.xml
sitemap_index.xml,https://www.timesofisrael.com/post-sitemap2.xml,-0001-11-30T00:00:00+00:00,post-sitemap2.xml
sitemap_index.xml,https://www.timesofisrael.com/post-sitemap3.xml,-0001-11-30T00:00:00+00:00,post-sitemap3.xml
sitemap_index.xml,https://www.timesofisrael.com/post-sitemap4.xml,-0001-11-30T00:00:00+00:00,post-sitemap4.xml
sitemap_index.xml,https://www.timesofisrael.com/post-sitemap5.xml,-0001-11-30T00:00:00+00:00,post-sitemap5.xml
sitemap_index.xml,https://www.timesofisrael.com/post-sitemap6.xml,-0001-11-30T00:00:00+00:00,post-sitemap6.xml
sitemap_index.xml,https://www.timesofisrael.com/post-sitemap7.xml,-0001-11-30T00:00:00+00:00,post-sitemap7.xml
sitemap_index.xml,https://www.timesofisrael.com/post-sitemap8.xml,-0001-11-30T00:00:00+00:00,post-sitemap8.xml
sitemap_index.xml,https://www.timesofisrael.com/post-sitemap9.xml,-0001-11-30T00:00:00+00:00,post-sitemap9.xml
sitemap_index.xml,https://www.timesofisrael.com/post-sitemap10.xml,2012-02-14T10:55:17+00:00,post-sitemap10.xml
sitemap_index.xml,https://www.timesofisrael.com/post-sitemap11.xml,2012-02-24T14:26:18+00:00,post-sitemap11.xml
sitemap_index.xml,https://www.timesofisrael.com/post-sitemap12.xml,2012-03-06T18:54:48+00:00,post-sitemap12.xml
sitemap_index.xml,https://www.timesofisrael.com/post-sitemap13.xml,2012-03-18T17:45:47+00:00,post-sitemap13.xml
sitemap_index.xml,https://www.timesofisrael.com/post-sitemap14.xml,2012-03-30T20:15:49+00:00,post-sitemap14.xml
sitemap_index.xml,https://www.timesofisrael.com/post-sitemap15.xml,2012-04-09T18:38:47+00:00,post-sitemap15.xml
sitemap_index.xml,https://www.timesofisrael.com/post-sitemap16.xml,2012-04-20T06:25:18+00:00,post-sitemap16.xml
sitemap_index.xml,https://www.timesofisrael.com/post-sitemap17.xml,2012-05-01T20:05:26+00:00,post-sitemap17.xml
sitemap_index.xml,https://www.timesofisrael.com/post-sitemap18.xml,2012-05-11T14:50:25+00:00,post-sitemap18.xml
sitemap_index.xml,https://www.timesofisrael.com/post-sitemap19.xml,2012-05-21T13:51:01+00:00,post-sitemap19.xml
sitemap_index.xml,https://www.timesofisrael.com/post-sitemap20.xml,2012-05-31T05:07:02+00:00,post-sitemap20.xml
sitemap_index.xml,https://www.timesofisrael.com/post-sitemap21.xml,2012-06-10T02:13:24+00:00,post-sitemap21.xml
sitemap_index.xml,https://www.timesofisrael.com/post-sitemap22.xml,2012-06-19T11:40:24+00:00,post-sitemap22.xml
sitemap_index.xml,https://www.timesofisrael.com/post-sitemap23.xml,2012-06-28T13:55:51+00:00,post-sitemap23.xml
sitemap_index.xml,https://www.timesofisrael.com/post-sitemap24.xml,2012-07-08T12:09:12+00:00,post-sitemap24.xml
sitemap_index.xml,https://www.timesofisrael.com/post-sitemap25.xml,2012-07-17T11:42:42+00:00,post-sitemap25.xml
sitemap_index.xml,https://www.timesofisrael.com/post-sitemap26.xml,2012-07-26T10:30:22+00:00,post-sitemap26.xml
sitemap_index.xml,https://www.timesofisrael.com/post-sitemap27.xml,2012-08-05T14:27:40+00:00,post-sitemap27.xml
sitemap_index.xml,https://www.timesofisrael.com/post-sitemap28.xml,2012-08-13T12:08:49+00:00,post-sitemap28.xml
sitemap_index.xml,https://www.timesofisrael.com/post-sitemap29.xml,2012-09-01T21:14:33+00:00,post-sitemap29.xml
sitemap_index.xml,https://www.timesofisrael.com/post-sitemap30.xml,2012-09-11T01:32:20+00:00,post-sitemap30.xml
sitemap_index.xml,https://www.timesofisrael.com/post-sitemap31.xml,2012-09-21T06:27:44+00:00,post-sitemap31.xml
sitemap_index.xml,https://www.timesofisrael.com/post-sitemap32.xml,2012-10-02T12:57:02+00:00,post-sitemap32.xml
sitemap_index.xml,https://www.timesofisrael.com/post-sitemap33.xml,2012-10-09T16:28:45+00:00,post-sitemap33.xml
sitemap_index.xml,https://www.timesofisrael.com/post-sitemap34.xml,2012-10-12T10:42:45+00:00,post-sitemap34.xml
sitemap_index.xml,https://www.timesofisrael.com/post-sitemap35.xml,2012-10-22T19:00:01+00:00,post-sitemap35.xml
sitemap_index.xml,https://www.timesofisrael.com/post-sitemap36.xml,2012-11-01T16:31:49+00:00,post-sitemap36.xml
sitemap_index.xml,https://www.timesofisrael.com/post-sitemap37.xml,2012-11-11T14:02:16+00:00,post-sitemap37.xml
sitemap_index.xml,https://www.timesofisrael.com/post-sitemap38.xml,2012-11-22T22:12:40+00:00,post-sitemap38.xml
sitemap_index.xml,https://www.timesofisrael.com/post-sitemap39.xml,2012-12-03T15:43:44+00:00,post-sitemap39.xml
sitemap_index.xml,https://www.timesofisrael.com/post-sitemap40.xml,2012-12-13T20:25:05+00:00,post-sitemap40.xml
sitemap_index.xml,https://www.timesofisrael.com/post-sitemap41.xml,2012-12-24T16:31:09+00:00,post-sitemap41.xml
sitemap_index.xml,https://www.timesofisrael.com/post-sitemap42.xml,2013-01-04T11:27:50+00:00,post-sitemap42.xml
sitemap_index.xml,https://www.timesofisrael.com/post-sitemap43.xml,2013-01-15T03:46:16+00:00,post-sitemap43.xml
sitemap_index.xml,https://www.timesofisrael.com/post-sitemap44.xml,2013-01-24T23:32:58+00:00,post-sitemap44.xml
sitemap_index.xml,https://www.timesofisrael.com/post-sitemap45.xml,2013-02-12T17:40:07+00:00,post-sitemap45.xml
sitemap_index.xml,https://www.timesofisrael.com/post-sitemap46.xml,2013-02-14T17:03:01+00:00,post-sitemap46.xml
sitemap_index.xml,https://www.timesofisrael.com/post-sitemap47.xml,2013-02-24T22:33:25+00:00,post-sitemap47.xml
sitemap_index.xml,https://www.timesofisrael.com/post-sitemap48.xml,2013-03-06T21:16:38+00:00,post-sitemap48.xml
sitemap_index.xml,https://www.timesofisrael.com/post-sitemap49.xml,2013-03-15T01:56:24+00:00,post-sitemap49.xml
sitemap_index.xml,https://www.timesofisrael.com/post-sitemap50.xml,2013-03-24T13:21:48+00:00,post-sitemap50.xml
sitemap_index.xml,https://www.timesofisrael.com/post-sitemap51.xml,2013-04-04T09:54:05+00:00,post-sitemap51.xml
sitemap_index.xml,https://www.timesofisrael.com/post-sitemap52.xml,2013-04-14T13:59:52+00:00,post-sitemap52.xml
sitemap_index.xml,https://www.timesofisrael.com/post-sitemap53.xml,2013-04-23T01:50:55+00:00,post-sitemap53.xml
sitemap_index.xml,https://www.timesofisrael.com/post-sitemap54.xml,2013-05-01T11:35:26+00:00,post-sitemap54.xml
sitemap_index.xml,https://www.timesofisrael.com/post-sitemap55.xml,2013-05-11T15:46:35+00:00,post-sitemap55.xml
sitemap_index.xml,https://www.timesofisrael.com/post-sitemap56.xml,2013-05-21T22:04:05+00:00,post-sitemap56.xml
sitemap_index.xml,https://www.timesofisrael.com/post-sitemap57.xml,2013-05-30T18:50:20+00:00,post-sitemap57.xml
sitemap_index.xml,https://www.timesofisrael.com/post-sitemap58.xml,2013-06-12T11:02:12+00:00,post-sitemap58.xml
sitemap_index.xml,https://www.timesofisrael.com/post-sitemap59.xml,2013-06-19T12:36:53+00:00,post-sitemap59.xml
sitemap_index.xml,https://www.timesofisrael.com/post-sitemap60.xml,2013-06-28T13:56:45+00:00,post-sitemap60.xml
sitemap_index.xml,https://www.timesofisrael.com/post-sitemap61.xml,2013-07-10T05:13:31+00:00,post-sitemap61.xml
sitemap_index.xml,https://www.timesofisrael.com/post-sitemap62.xml,2013-07-18T17:23:23+00:00,post-sitemap62.xml
sitemap_index.xml,https://www.timesofisrael.com/post-sitemap63.xml,2013-07-29T02:46:08+00:00,post-sitemap63.xml
sitemap_index.xml,https://www.timesofisrael.com/post-sitemap64.xml,2013-08-08T13:41:25+00:00,post-sitemap64.xml
sitemap_index.xml,https://www.timesofisrael.com/post-sitemap65.xml,2013-08-19T23:03:31+00:00,post-sitemap65.xml
sitemap_index.xml,https://www.timesofisrael.com/post-sitemap66.xml,2013-08-29T14:53:55+00:00,post-sitemap66.xml
sitemap_index.xml,https://www.timesofisrael.com/post-sitemap67.xml,2013-09-09T15:25:55+00:00,post-sitemap67.xml
sitemap_index.xml,https://www.timesofisrael.com/post-sitemap68.xml,2013-09-20T06:50:33+00:00,post-sitemap68.xml
sitemap_index.xml,https://www.timesofisrael.com/post-sitemap69.xml,2013-10-02T16:11:20+00:00,post-sitemap69.xml
sitemap_index.xml,https://www.timesofisrael.com/post-sitemap70.xml,2013-10-11T09:59:43+00:00,post-sitemap70.xml
sitemap_index.xml,https://www.timesofisrael.com/post-sitemap71.xml,2013-10-22T10:30:26+00:00,post-sitemap71.xml
sitemap_index.xml,https://www.timesofisrael.com/post-sitemap72.xml,2013-11-01T18:31:32+00:00,post-sitemap72.xml
sitemap_index.xml,https://www.timesofisrael.com/post-sitemap73.xml,2013-11-12T15:04:28+00:00,post-sitemap73.xml
sitemap_index.xml,https://www.timesofisrael.com/post-sitemap74.xml,2013-11-23T21:26:27+00:00,post-sitemap74.xml
sitemap_index.xml,https://www.timesofisrael.com/post-sitemap75.xml,2013-12-04T05:05:42+00:00,post-sitemap75.xml
sitemap_index.xml,https://www.timesofisrael.com/post-sitemap76.xml,2013-12-15T14:20:05+00:00,post-sitemap76.xml
sitemap_index.xml,https://www.timesofisrael.com/post-sitemap77.xml,2013-12-23T22:13:50+00:00,post-sitemap77.xml
sitemap_index.xml,https://www.timesofisrael.com/post-sitemap78.xml,2014-01-02T20:50:25+00:00,post-sitemap78.xml
sitemap_index.xml,https://www.timesofisrael.com/post-sitemap79.xml,2014-01-12T17:41:42+00:00,post-sitemap79.xml
sitemap_index.xml,https://www.timesofisrael.com/post-sitemap80.xml,2014-01-22T09:30:55+00:00,post-sitemap80.xml
sitemap_index.xml,https://www.timesofisrael.com/post-sitemap81.xml,2014-01-30T16:33:29+00:00,post-sitemap81.xml
sitemap_index.xml,https://www.timesofisrael.com/post-sitemap82.xml,2014-02-09T16:39:16+00:00,post-sitemap82.xml
sitemap_index.xml,https://www.timesofisrael.com/post-sitemap83.xml,2014-02-19T09:44:36+00:00,post-sitemap83.xml
sitemap_index.xml,https://www.timesofisrael.com/post-sitemap84.xml,2014-02-27T13:51:05+00:00,post-sitemap84.xml
sitemap_index.xml,https://www.timesofisrael.com/post-sitemap85.xml,2014-03-09T03:27:43+00:00,post-sitemap85.xml
sitemap_index.xml,https://www.timesofisrael.com/post-sitemap86.xml,2014-03-17T23:04:16+00:00,post-sitemap86.xml
sitemap_index.xml,https://www.timesofisrael.com/post-sitemap87.xml,2014-03-27T09:25:18+00:00,post-sitemap87.xml
sitemap_index.xml,https://www.timesofisrael.com/post-sitemap88.xml,2014-04-05T20:23:57+00:00,post-sitemap88.xml
sitemap_index.xml,https://www.timesofisrael.com/post-sitemap89.xml,2014-04-15T21:56:05+00:00,post-sitemap89.xml
sitemap_index.xml,https://www.timesofisrael.com/post-sitemap90.xml,2014-04-26T12:40:02+00:00,post-sitemap90.xml
sitemap_index.xml,https://www.timesofisrael.com/post-sitemap91.xml,2014-05-05T10:31:00+00:00,post-sitemap91.xml
sitemap_index.xml,https://www.timesofisrael.com/post-sitemap92.xml,2014-05-14T13:36:29+00:00,post-sitemap92.xml
sitemap_index.xml,https://www.timesofisrael.com/post-sitemap93.xml,2014-05-23T15:07:06+00:00,post-sitemap93.xml
sitemap_index.xml,https://www.timesofisrael.com/post-sitemap94.xml,2014-06-01T13:22:45+00:00,post-sitemap94.xml
sitemap_index.xml,https://www.timesofisrael.com/post-sitemap95.xml,2014-06-10T15:56:31+00:00,post-sitemap95.xml
sitemap_index.xml,https://www.timesofisrael.com/post-sitemap96.xml,2014-06-19T17:58:14+00:00,post-sitemap96.xml
sitemap_index.xml,https://www.timesofisrael.com/post-sitemap97.xml,2014-06-28T22:00:57+00:00,post-sitemap97.xml
sitemap_index.xml,https://www.timesofisrael.com/post-sitemap98.xml,2014-07-08T16:04:59+00:00,post-sitemap98.xml
sitemap_index.xml,https://www.timesofisrael.com/post-sitemap99.xml,2014-07-18T20:37:43+00:00,post-sitemap99.xml
sitemap_index.xml,https://www.timesofisrael.com/post-sitemap100.xml,2014-07-29T06:36:12+00:00,post-sitemap100.xml
sitemap_index.xml,https://www.timesofisrael.com/post-sitemap101.xml,2014-08-08T07:54:56+00:00,post-sitemap101.xml
sitemap_index.xml,https://www.timesofisrael.com/post-sitemap102.xml,2014-08-19T12:08:41+00:00,post-sitemap102.xml
sitemap_index.xml,https://www.timesofisrael.com/post-sitemap103.xml,2014-08-29T13:34:14+00:00,post-sitemap103.xml
sitemap_index.xml,https://www.timesofisrael.com/post-sitemap104.xml,2014-09-07T17:11:42+00:00,post-sitemap104.xml
sitemap_index.xml,https://www.timesofisrael.com/post-sitemap105.xml,2014-09-16T10:04:23+00:00,post-sitemap105.xml
sitemap_index.xml,https://www.timesofisrael.com/post-sitemap106.xml,2014-09-24T10:01:21+00:00,post-sitemap106.xml
sitemap_index.xml,https://www.timesofisrael.com/post-sitemap107.xml,2014-10-05T11:53:51+00:00,post-sitemap107.xml
sitemap_index.xml,https://www.timesofisrael.com/post-sitemap108.xml,2014-10-14T15:37:38+00:00,post-sitemap108.xml
sitemap_index.xml,https://www.timesofisrael.com/post-sitemap109.xml,2014-10-24T06:21:29+00:00,post-sitemap109.xml
sitemap_index.xml,https://www.timesofisrael.com/post-sitemap110.xml,2014-11-03T13:33:26+00:00,post-sitemap110.xml
sitemap_index.xml,https://www.timesofisrael.com/post-sitemap111.xml,2014-11-12T07:53:58+00:00,post-sitemap111.xml
sitemap_index.xml,https://www.timesofisrael.com/post-sitemap112.xml,2014-11-22T07:55:37+00:00,post-sitemap112.xml
sitemap_index.xml,https://www.timesofisrael.com/post-sitemap113.xml,2014-12-01T18:34:42+00:00,post-sitemap113.xml
sitemap_index.xml,https://www.timesofisrael.com/post-sitemap114.xml,2014-12-11T03:38:35+00:00,post-sitemap114.xml
sitemap_index.xml,https://www.timesofisrael.com/post-sitemap115.xml,2014-12-20T22:00:22+00:00,post-sitemap115.xml
sitemap_index.xml,https://www.timesofisrael.com/post-sitemap116.xml,2014-12-29T23:29:02+00:00,post-sitemap116.xml
sitemap_index.xml,https://www.timesofisrael.com/post-sitemap117.xml,2015-01-08T21:02:48+00:00,post-sitemap117.xml
sitemap_index.xml,https://www.timesofisrael.com/post-sitemap118.xml,2015-01-17T18:10:43+00:00,post-sitemap118.xml
sitemap_index.xml,https://www.timesofisrael.com/post-sitemap119.xml,2015-01-26T10:23:44+00:00,post-sitemap119.xml
sitemap_index.xml,https://www.timesofisrael.com/post-sitemap120.xml,2015-02-04T11:59:08+00:00,post-sitemap120.xml
sitemap_index.xml,https://www.timesofisrael.com/post-sitemap121.xml,2015-02-12T18:18:06+00:00,post-sitemap121.xml
sitemap_index.xml,https://www.timesofisrael.com/post-sitemap122.xml,2015-02-22T06:49:28+00:00,post-sitemap122.xml
sitemap_index.xml,https://www.timesofisrael.com/post-sitemap123.xml,2015-03-03T12:48:39+00:00,post-sitemap123.xml
sitemap_index.xml,https://www.timesofisrael.com/post-sitemap124.xml,2015-03-12T13:04:36+00:00,post-sitemap124.xml
sitemap_index.xml,https://www.timesofisrael.com/post-sitemap125.xml,2015-03-22T15:53:33+00:00,post-sitemap125.xml
sitemap_index.xml,https://www.timesofisrael.com/post-sitemap126.xml,2015-03-31T16:48:22+00:00,post-sitemap126.xml
sitemap_index.xml,https://www.timesofisrael.com/post-sitemap127.xml,2015-04-09T20:27:10+00:00,post-sitemap127.xml
sitemap_index.xml,https://www.timesofisrael.com/post-sitemap128.xml,2015-04-18T21:33:03+00:00,post-sitemap128.xml
sitemap_index.xml,https://www.timesofisrael.com/post-sitemap129.xml,2015-04-27T21:16:00+00:00,post-sitemap129.xml
sitemap_index.xml,https://www.timesofisrael.com/post-sitemap130.xml,2015-05-06T16:38:33+00:00,post-sitemap130.xml
sitemap_index.xml,https://www.timesofisrael.com/post-sitemap131.xml,2015-05-16T13:11:17+00:00,post-sitemap131.xml
sitemap_index.xml,https://www.timesofisrael.com/post-sitemap132.xml,2015-05-26T12:15:52+00:00,post-sitemap132.xml
sitemap_index.xml,https://www.timesofisrael.com/post-sitemap133.xml,2015-06-05T07:22:46+00:00,post-sitemap133.xml
sitemap_index.xml,https://www.timesofisrael.com/post-sitemap134.xml,2015-06-14T10:54:08+00:00,post-sitemap134.xml
sitemap_index.xml,https://www.timesofisrael.com/post-sitemap135.xml,2015-06-23T10:23:22+00:00,post-sitemap135.xml
sitemap_index.xml,https://www.timesofisrael.com/post-sitemap136.xml,2015-07-01T22:30:22+00:00,post-sitemap136.xml
sitemap_index.xml,https://www.timesofisrael.com/post-sitemap137.xml,2015-07-11T13:18:36+00:00,post-sitemap137.xml
sitemap_index.xml,https://www.timesofisrael.com/post-sitemap138.xml,2015-07-19T20:01:19+00:00,post-sitemap138.xml
sitemap_index.xml,https://www.timesofisrael.com/post-sitemap139.xml,2015-07-28T16:54:38+00:00,post-sitemap139.xml
sitemap_index.xml,https://www.timesofisrael.com/post-sitemap140.xml,2015-08-06T08:24:29+00:00,post-sitemap140.xml
sitemap_index.xml,https://www.timesofisrael.com/post-sitemap141.xml,2015-08-15T12:23:07+00:00,post-sitemap141.xml
sitemap_index.xml,https://www.timesofisrael.com/post-sitemap142.xml,2015-09-01T13:10:52+00:00,post-sitemap142.xml
sitemap_index.xml,https://www.timesofisrael.com/post-sitemap143.xml,2015-09-08T22:47:33+00:00,post-sitemap143.xml
sitemap_index.xml,https://www.timesofisrael.com/post-sitemap144.xml,2015-09-26T23:01:00+00:00,post-sitemap144.xml
sitemap_index.xml,https://www.timesofisrael.com/post-sitemap145.xml,2015-10-05T17:53:00+00:00,post-sitemap145.xml
sitemap_index.xml,https://www.timesofisrael.com/post-sitemap146.xml,2015-10-14T17:59:39+00:00,post-sitemap146.xml
sitemap_index.xml,https://www.timesofisrael.com/post-sitemap147.xml,2015-10-23T21:42:03+00:00,post-sitemap147.xml
sitemap_index.xml,https://www.timesofisrael.com/post-sitemap148.xml,2015-11-02T11:14:03+00:00,post-sitemap148.xml
sitemap_index.xml,https://www.timesofisrael.com/post-sitemap149.xml,2015-11-11T17:00:25+00:00,post-sitemap149.xml
sitemap_index.xml,https://www.timesofisrael.com/post-sitemap150.xml,2015-11-19T17:18:26+00:00,post-sitemap150.xml
sitemap_index.xml,https://www.timesofisrael.com/post-sitemap151.xml,2015-11-27T00:02:53+00:00,post-sitemap151.xml
sitemap_index.xml,https://www.timesofisrael.com/post-sitemap152.xml,2015-12-05T17:14:06+00:00,post-sitemap152.xml
sitemap_index.xml,https://www.timesofisrael.com/post-sitemap153.xml,2015-12-13T11:50:34+00:00,post-sitemap153.xml
sitemap_index.xml,https://www.timesofisrael.com/post-sitemap154.xml,2015-12-24T15:45:09+00:00,post-sitemap154.xml
sitemap_index.xml,https://www.timesofisrael.com/post-sitemap155.xml,2015-12-29T16:20:24+00:00,post-sitemap155.xml
sitemap_index.xml,https://www.timesofisrael.com/post-sitemap156.xml,2015-12-31T12:32:50+00:00,post-sitemap156.xml
sitemap_index.xml,https://www.timesofisrael.com/post-sitemap157.xml,2016-01-07T07:02:50+00:00,post-sitemap157.xml
sitemap_index.xml,https://www.timesofisrael.com/post-sitemap158.xml,2016-01-15T09:44:22+00:00,post-sitemap158.xml
sitemap_index.xml,https://www.timesofisrael.com/post-sitemap159.xml,2016-01-23T19:32:13+00:00,post-sitemap159.xml
sitemap_index.xml,https://www.timesofisrael.com/post-sitemap160.xml,2016-02-01T00:52:56+00:00,post-sitemap160.xml
sitemap_index.xml,https://www.timesofisrael.com/post-sitemap161.xml,2016-02-09T09:22:53+00:00,post-sitemap161.xml
sitemap_index.xml,https://www.timesofisrael.com/post-sitemap162.xml,2016-02-17T13:35:37+00:00,post-sitemap162.xml
sitemap_index.xml,https://www.timesofisrael.com/post-sitemap163.xml,2016-03-04T23:32:59+00:00,post-sitemap163.xml
sitemap_index.xml,https://www.timesofisrael.com/post-sitemap164.xml,2016-03-13T04:52:34+00:00,post-sitemap164.xml
sitemap_index.xml,https://www.timesofisrael.com/post-sitemap165.xml,2016-03-21T16:47:39+00:00,post-sitemap165.xml
sitemap_index.xml,https://www.timesofisrael.com/post-sitemap166.xml,2016-03-30T14:23:24+00:00,post-sitemap166.xml
sitemap_index.xml,https://www.timesofisrael.com/post-sitemap167.xml,2016-04-07T14:12:39+00:00,post-sitemap167.xml
sitemap_index.xml,https://www.timesofisrael.com/post-sitemap168.xml,2016-04-15T22:58:29+00:00,post-sitemap168.xml
sitemap_index.xml,https://www.timesofisrael.com/post-sitemap169.xml,2016-04-26T08:08:10+00:00,post-sitemap169.xml
sitemap_index.xml,https://www.timesofisrael.com/post-sitemap170.xml,2016-05-05T11:05:08+00:00,post-sitemap170.xml
sitemap_index.xml,https://www.timesofisrael.com/post-sitemap171.xml,2016-05-13T00:09:18+00:00,post-sitemap171.xml
sitemap_index.xml,https://www.timesofisrael.com/post-sitemap172.xml,2016-05-22T09:32:25+00:00,post-sitemap172.xml
sitemap_index.xml,https://www.timesofisrael.com/post-sitemap173.xml,2016-05-31T05:51:25+00:00,post-sitemap173.xml
sitemap_index.xml,https://www.timesofisrael.com/post-sitemap174.xml,2016-06-06T09:12:15+00:00,post-sitemap174.xml
sitemap_index.xml,https://www.timesofisrael.com/post-sitemap175.xml,2016-06-09T09:57:59+00:00,post-sitemap175.xml
sitemap_index.xml,https://www.timesofisrael.com/post-sitemap176.xml,2016-06-18T16:57:03+00:00,post-sitemap176.xml
sitemap_index.xml,https://www.timesofisrael.com/post-sitemap177.xml,2016-06-28T10:51:35+00:00,post-sitemap177.xml
sitemap_index.xml,https://www.timesofisrael.com/post-sitemap178.xml,2016-07-06T20:57:42+00:00,post-sitemap178.xml
sitemap_index.xml,https://www.timesofisrael.com/post-sitemap179.xml,2016-07-15T23:17:06+00:00,post-sitemap179.xml
sitemap_index.xml,https://www.timesofisrael.com/post-sitemap180.xml,2016-07-24T21:32:47+00:00,post-sitemap180.xml
sitemap_index.xml,https://www.timesofisrael.com/post-sitemap181.xml,2016-08-02T01:09:20+00:00,post-sitemap181.xml
sitemap_index.xml,https://www.timesofisrael.com/post-sitemap182.xml,2016-08-10T20:12:05+00:00,post-sitemap182.xml
sitemap_index.xml,https://www.timesofisrael.com/post-sitemap183.xml,2016-08-20T15:11:09+00:00,post-sitemap183.xml
sitemap_index.xml,https://www.timesofisrael.com/post-sitemap184.xml,2016-08-29T15:54:41+00:00,post-sitemap184.xml
sitemap_index.xml,https://www.timesofisrael.com/post-sitemap185.xml,2016-09-07T21:51:39+00:00,post-sitemap185.xml
sitemap_index.xml,https://www.timesofisrael.com/post-sitemap186.xml,2016-09-16T10:45:09+00:00,post-sitemap186.xml
sitemap_index.xml,https://www.timesofisrael.com/post-sitemap187.xml,2016-09-25T06:53:47+00:00,post-sitemap187.xml
sitemap_index.xml,https://www.timesofisrael.com/post-sitemap188.xml,2016-10-04T21:56:15+00:00,post-sitemap188.xml
sitemap_index.xml,https://www.timesofisrael.com/post-sitemap189.xml,2016-10-13T12:42:43+00:00,post-sitemap189.xml
sitemap_index.xml,https://www.timesofisrael.com/post-sitemap190.xml,2016-10-22T20:33:46+00:00,post-sitemap190.xml
sitemap_index.xml,https://www.timesofisrael.com/post-sitemap191.xml,2016-10-31T18:54:32+00:00,post-sitemap191.xml
sitemap_index.xml,https://www.timesofisrael.com/post-sitemap192.xml,2016-11-08T22:43:39+00:00,post-sitemap192.xml
sitemap_index.xml,https://www.timesofisrael.com/post-sitemap193.xml,2016-11-16T16:15:08+00:00,post-sitemap193.xml
sitemap_index.xml,https://www.timesofisrael.com/post-sitemap194.xml,2016-11-24T14:01:25+00:00,post-sitemap194.xml
sitemap_index.xml,https://www.timesofisrael.com/post-sitemap195.xml,2016-12-03T04:08:58+00:00,post-sitemap195.xml
sitemap_index.xml,https://www.timesofisrael.com/post-sitemap196.xml,2016-12-11T08:24:02+00:00,post-sitemap196.xml
sitemap_index.xml,https://www.timesofisrael.com/post-sitemap197.xml,2016-12-19T14:41:59+00:00,post-sitemap197.xml
sitemap_index.xml,https://www.timesofisrael.com/post-sitemap198.xml,2016-12-28T11:16:43+00:00,post-sitemap198.xml
sitemap_index.xml,https://www.timesofisrael.com/post-sitemap199.xml,2017-01-06T08:19:56+00:00,post-sitemap199.xml
sitemap_index.xml,https://www.timesofisrael.com/post-sitemap200.xml,2017-01-15T14:11:36+00:00,post-sitemap200.xml
sitemap_index.xml,https://www.timesofisrael.com/post-sitemap201.xml,2017-01-23T21:09:18+00:00,post-sitemap201.xml
sitemap_index.xml,https://www.timesofisrael.com/post-sitemap202.xml,2017-01-31T16:10:52+00:00,post-sitemap202.xml
sitemap_index.xml,https://www.timesofisrael.com/post-sitemap203.xml,2017-02-08T15:27:41+00:00,post-sitemap203.xml
sitemap_index.xml,https://www.timesofisrael.com/post-sitemap204.xml,2017-02-16T17:20:18+00:00,post-sitemap204.xml
sitemap_index.xml,https://www.timesofisrael.com/post-sitemap205.xml,2017-02-25T12:22:38+00:00,post-sitemap205.xml
sitemap_index.xml,https://www.timesofisrael.com/post-sitemap206.xml,2017-03-05T22:45:07+00:00,post-sitemap206.xml
sitemap_index.xml,https://www.timesofisrael.com/post-sitemap207.xml,2017-03-13T22:44:20+00:00,post-sitemap207.xml
sitemap_index.xml,https://www.timesofisrael.com/post-sitemap208.xml,2017-03-21T19:53:25+00:00,post-sitemap208.xml
sitemap_index.xml,https://www.timesofisrael.com/post-sitemap209.xml,2017-03-29T12:05:54+00:00,post-sitemap209.xml
sitemap_index.xml,https://www.timesofisrael.com/post-sitemap210.xml,2017-04-06T14:16:00+00:00,post-sitemap210.xml
sitemap_index.xml,https://www.timesofisrael.com/post-sitemap211.xml,2017-04-16T07:53:00+00:00,post-sitemap211.xml
sitemap_index.xml,https://www.timesofisrael.com/post-sitemap212.xml,2017-04-24T21:37:49+00:00,post-sitemap212.xml
sitemap_index.xml,https://www.timesofisrael.com/post-sitemap213.xml,2017-05-03T08:29:34+00:00,post-sitemap213.xml
sitemap_index.xml,https://www.timesofisrael.com/post-sitemap214.xml,2017-05-11T10:39:45+00:00,post-sitemap214.xml
sitemap_index.xml,https://www.timesofisrael.com/post-sitemap215.xml,2017-05-19T08:42:57+00:00,post-sitemap215.xml
sitemap_index.xml,https://www.timesofisrael.com/post-sitemap216.xml,2017-05-27T09:22:29+00:00,post-sitemap216.xml
sitemap_index.xml,https://www.timesofisrael.com/post-sitemap217.xml,2017-06-05T10:22:57+00:00,post-sitemap217.xml
sitemap_index.xml,https://www.timesofisrael.com/post-sitemap218.xml,2017-06-12T15:28:53+00:00,post-sitemap218.xml
sitemap_index.xml,https://www.timesofisrael.com/post-sitemap219.xml,2017-06-20T21:14:26+00:00,post-sitemap219.xml
sitemap_index.xml,https://www.timesofisrael.com/post-sitemap220.xml,2017-06-29T09:41:57+00:00,post-sitemap220.xml
sitemap_index.xml,https://www.timesofisrael.com/post-sitemap221.xml,2017-07-08T13:26:11+00:00,post-sitemap221.xml
sitemap_index.xml,https://www.timesofisrael.com/post-sitemap222.xml,2017-07-17T08:52:25+00:00,post-sitemap222.xml
sitemap_index.xml,https://www.timesofisrael.com/post-sitemap223.xml,2017-07-26T10:24:08+00:00,post-sitemap223.xml
sitemap_index.xml,https://www.timesofisrael.com/post-sitemap224.xml,2017-08-04T21:16:14+00:00,post-sitemap224.xml
sitemap_index.xml,https://www.timesofisrael.com/post-sitemap225.xml,2017-08-14T13:42:15+00:00,post-sitemap225.xml
sitemap_index.xml,https://www.timesofisrael.com/post-sitemap226.xml,2017-08-22T23:09:53+00:00,post-sitemap226.xml
sitemap_index.xml,https://www.timesofisrael.com/post-sitemap227.xml,2017-09-04T10:44:27+00:00,post-sitemap227.xml
sitemap_index.xml,https://www.timesofisrael.com/post-sitemap228.xml,2017-09-10T14:52:34+00:00,post-sitemap228.xml
sitemap_index.xml,https://www.timesofisrael.com/post-sitemap229.xml,2017-09-26T06:36:07+00:00,post-sitemap229.xml
sitemap_index.xml,https://www.timesofisrael.com/post-sitemap230.xml,2017-09-27T19:03:30+00:00,post-sitemap230.xml
sitemap_index.xml,https://www.timesofisrael.com/post-sitemap231.xml,2017-10-06T17:58:14+00:00,post-sitemap231.xml
sitemap_index.xml,https://www.timesofisrael.com/post-sitemap232.xml,2017-10-15T22:25:31+00:00,post-sitemap232.xml
sitemap_index.xml,https://www.timesofisrael.com/post-sitemap233.xml,2017-10-23T13:17:29+00:00,post-sitemap233.xml
sitemap_index.xml,https://www.timesofisrael.com/post-sitemap234.xml,2017-10-31T14:32:25+00:00,post-sitemap234.xml
sitemap_index.xml,https://www.timesofisrael.com/post-sitemap235.xml,2017-11-08T17:07:45+00:00,post-sitemap235.xml
sitemap_index.xml,https://www.timesofisrael.com/post-sitemap236.xml,2017-11-16T16:19:32+00:00,post-sitemap236.xml
sitemap_index.xml,https://www.timesofisrael.com/post-sitemap237.xml,2017-11-24T16:43:55+00:00,post-sitemap237.xml
sitemap_index.xml,https://www.timesofisrael.com/post-sitemap238.xml,2017-12-07T07:58:13+00:00,post-sitemap238.xml
sitemap_index.xml,https://www.timesofisrael.com/post-sitemap239.xml,2017-12-10T17:34:02+00:00,post-sitemap239.xml
sitemap_index.xml,https://www.timesofisrael.com/post-sitemap240.xml,2017-12-18T12:59:10+00:00,post-sitemap240.xml
sitemap_index.xml,https://www.timesofisrael.com/post-sitemap241.xml,2017-12-26T17:03:20+00:00,post-sitemap241.xml
sitemap_index.xml,https://www.timesofisrael.com/post-sitemap242.xml,2018-01-04T10:25:39+00:00,post-sitemap242.xml
sitemap_index.xml,https://www.timesofisrael.com/post-sitemap243.xml,2018-01-13T08:18:07+00:00,post-sitemap243.xml
sitemap_index.xml,https://www.timesofisrael.com/post-sitemap244.xml,2018-01-20T10:58:32+00:00,post-sitemap244.xml
sitemap_index.xml,https://www.timesofisrael.com/post-sitemap245.xml,2018-01-28T10:09:11+00:00,post-sitemap245.xml
sitemap_index.xml,https://www.timesofisrael.com/post-sitemap246.xml,2018-02-05T15:24:41+00:00,post-sitemap246.xml
sitemap_index.xml,https://www.timesofisrael.com/post-sitemap247.xml,2018-02-13T19:20:59+00:00,post-sitemap247.xml
sitemap_index.xml,https://www.timesofisrael.com/post-sitemap248.xml,2018-02-21T18:40:06+00:00,post-sitemap248.xml
sitemap_index.xml,https://www.timesofisrael.com/post-sitemap249.xml,2018-03-01T15:48:33+00:00,post-sitemap249.xml
sitemap_index.xml,https://www.timesofisrael.com/post-sitemap250.xml,2018-03-09T16:14:31+00:00,post-sitemap250.xml
sitemap_index.xml,https://www.timesofisrael.com/post-sitemap251.xml,2018-03-17T18:31:10+00:00,post-sitemap251.xml
sitemap_index.xml,https://www.timesofisrael.com/post-sitemap252.xml,2018-03-26T00:50:04+00:00,post-sitemap252.xml
sitemap_index.xml,https://www.timesofisrael.com/post-sitemap253.xml,2018-04-03T20:36:15+00:00,post-sitemap253.xml
sitemap_index.xml,https://www.timesofisrael.com/post-sitemap254.xml,2018-04-12T13:52:50+00:00,post-sitemap254.xml
sitemap_index.xml,https://www.timesofisrael.com/post-sitemap255.xml,2018-04-21T12:58:30+00:00,post-sitemap255.xml
sitemap_index.xml,https://www.timesofisrael.com/post-sitemap256.xml,2018-04-30T08:24:39+00:00,post-sitemap256.xml
sitemap_index.xml,https://www.timesofisrael.com/post-sitemap257.xml,2018-05-08T17:40:24+00:00,post-sitemap257.xml
sitemap_index.xml,https://www.timesofisrael.com/post-sitemap258.xml,2018-05-25T07:46:18+00:00,post-sitemap258.xml
sitemap_index.xml,https://www.timesofisrael.com/post-sitemap259.xml,2018-06-03T07:49:55+00:00,post-sitemap259.xml
sitemap_index.xml,https://www.timesofisrael.com/post-sitemap260.xml,2018-06-11T17:42:19+00:00,post-sitemap260.xml
sitemap_index.xml,https://www.timesofisrael.com/post-sitemap261.xml,2018-06-20T11:30:08+00:00,post-sitemap261.xml
sitemap_index.xml,https://www.timesofisrael.com/post-sitemap262.xml,2018-07-04T10:35:45+00:00,post-sitemap262.xml
sitemap_index.xml,https://www.timesofisrael.com/post-sitemap263.xml,2018-07-08T09:42:39+00:00,post-sitemap263.xml
sitemap_index.xml,https://www.timesofisrael.com/post-sitemap264.xml,2018-07-17T10:02:51+00:00,post-sitemap264.xml
sitemap_index.xml,https://www.timesofisrael.com/post-sitemap265.xml,2018-07-25T18:12:36+00:00,post-sitemap265.xml
sitemap_index.xml,https://www.timesofisrael.com/post-sitemap266.xml,2018-08-03T23:15:32+00:00,post-sitemap266.xml
sitemap_index.xml,https://www.timesofisrael.com/post-sitemap267.xml,2018-08-14T01:46:03+00:00,post-sitemap267.xml
sitemap_index.xml,https://www.timesofisrael.com/post-sitemap268.xml,2018-08-23T00:08:01+00:00,post-sitemap268.xml
sitemap_index.xml,https://www.timesofisrael.com/post-sitemap269.xml,2018-09-01T13:28:33+00:00,post-sitemap269.xml
sitemap_index.xml,https://www.timesofisrael.com/post-sitemap270.xml,2018-09-10T14:26:31+00:00,post-sitemap270.xml
sitemap_index.xml,https://www.timesofisrael.com/post-sitemap271.xml,2018-09-20T20:13:23+00:00,post-sitemap271.xml
sitemap_index.xml,https://www.timesofisrael.com/post-sitemap272.xml,2018-09-30T17:39:04+00:00,post-sitemap272.xml
sitemap_index.xml,https://www.timesofisrael.com/post-sitemap273.xml,2018-10-10T06:49:03+00:00,post-sitemap273.xml
sitemap_index.xml,https://www.timesofisrael.com/post-sitemap274.xml,2018-10-18T15:39:39+00:00,post-sitemap274.xml
sitemap_index.xml,https://www.timesofisrael.com/post-sitemap275.xml,2018-10-28T04:07:47+00:00,post-sitemap275.xml
sitemap_index.xml,https://www.timesofisrael.com/post-sitemap276.xml,2018-11-05T06:48:02+00:00,post-sitemap276.xml
sitemap_index.xml,https://www.timesofisrael.com/post-sitemap277.xml,2018-11-14T00:00:03+00:00,post-sitemap277.xml
sitemap_index.xml,https://www.timesofisrael.com/post-sitemap278.xml,2018-11-22T13:07:58+00:00,post-sitemap278.xml
sitemap_index.xml,https://www.timesofisrael.com/post-sitemap279.xml,2018-12-01T22:04:18+00:00,post-sitemap279.xml
sitemap_index.xml,https://www.timesofisrael.com/post-sitemap280.xml,2018-12-10T19:38:17+00:00,post-sitemap280.xml
sitemap_index.xml,https://www.timesofisrael.com/post-sitemap281.xml,2018-12-20T16:44:14+00:00,post-sitemap281.xml
sitemap_index.xml,https://www.timesofisrael.com/post-sitemap282.xml,2019-01-07T17:48:54+00:00,post-sitemap282.xml
sitemap_index.xml,https://www.timesofisrael.com/post-sitemap283.xml,2019-01-16T11:26:48+00:00,post-sitemap283.xml
sitemap_index.xml,https://www.timesofisrael.com/post-sitemap284.xml,2019-01-24T19:25:25+00:00,post-sitemap284.xml
sitemap_index.xml,https://www.timesofisrael.com/post-sitemap285.xml,2019-02-03T07:15:05+00:00,post-sitemap285.xml
sitemap_index.xml,https://www.timesofisrael.com/post-sitemap286.xml,2019-02-12T13:33:10+00:00,post-sitemap286.xml
sitemap_index.xml,https://www.timesofisrael.com/post-sitemap287.xml,2019-02-20T21:08:33+00:00,post-sitemap287.xml
sitemap_index.xml,https://www.timesofisrael.com/post-sitemap288.xml,2019-03-01T17:08:51+00:00,post-sitemap288.xml
sitemap_index.xml,https://www.timesofisrael.com/post-sitemap289.xml,2019-03-11T20:32:04+00:00,post-sitemap289.xml
sitemap_index.xml,https://www.timesofisrael.com/post-sitemap290.xml,2019-03-20T12:06:49+00:00,post-sitemap290.xml
sitemap_index.xml,https://www.timesofisrael.com/post-sitemap291.xml,2019-03-29T07:23:47+00:00,post-sitemap291.xml
sitemap_index.xml,https://www.timesofisrael.com/post-sitemap292.xml,2019-04-12T23:33:22+00:00,post-sitemap292.xml
sitemap_index.xml,https://www.timesofisrael.com/post-sitemap293.xml,2019-04-16T20:58:07+00:00,post-sitemap293.xml
sitemap_index.xml,https://www.timesofisrael.com/post-sitemap294.xml,2019-04-27T04:13:24+00:00,post-sitemap294.xml
sitemap_index.xml,https://www.timesofisrael.com/post-sitemap295.xml,2019-05-07T01:54:22+00:00,post-sitemap295.xml
sitemap_index.xml,https://www.timesofisrael.com/post-sitemap296.xml,2019-05-16T08:17:29+00:00,post-sitemap296.xml
sitemap_index.xml,https://www.timesofisrael.com/post-sitemap297.xml,2019-05-25T09:48:38+00:00,post-sitemap297.xml
sitemap_index.xml,https://www.timesofisrael.com/post-sitemap298.xml,2019-06-04T10:41:42+00:00,post-sitemap298.xml
sitemap_index.xml,https://www.timesofisrael.com/post-sitemap299.xml,2019-06-13T14:15:16+00:00,post-sitemap299.xml
sitemap_index.xml,https://www.timesofisrael.com/post-sitemap300.xml,2019-06-23T12:50:18+00:00,post-sitemap300.xml
sitemap_index.xml,https://www.timesofisrael.com/post-sitemap301.xml,2019-07-02T10:01:43+00:00,post-sitemap301.xml
sitemap_index.xml,https://www.timesofisrael.com/post-sitemap302.xml,2019-07-11T18:41:32+00:00,post-sitemap302.xml
sitemap_index.xml,https://www.timesofisrael.com/post-sitemap303.xml,2019-07-22T10:57:44+00:00,post-sitemap303.xml
sitemap_index.xml,https://www.timesofisrael.com/post-sitemap304.xml,2019-07-30T22:28:07+00:00,post-sitemap304.xml
sitemap_index.xml,https://www.timesofisrael.com/post-sitemap305.xml,2019-08-09T06:02:45+00:00,post-sitemap305.xml
sitemap_index.xml,https://www.timesofisrael.com/post-sitemap306.xml,2019-08-19T09:01:14+00:00,post-sitemap306.xml
sitemap_index.xml,https://www.timesofisrael.com/post-sitemap307.xml,2019-08-28T15:31:17+00:00,post-sitemap307.xml
sitemap_index.xml,https://www.timesofisrael.com/post-sitemap308.xml,2019-09-07T04:43:40+00:00,post-sitemap308.xml
sitemap_index.xml,https://www.timesofisrael.com/post-sitemap309.xml,2019-09-16T13:32:51+00:00,post-sitemap309.xml
sitemap_index.xml,https://www.timesofisrael.com/post-sitemap310.xml,2019-09-25T13:35:22+00:00,post-sitemap310.xml
sitemap_index.xml,https://www.timesofisrael.com/post-sitemap311.xml,2019-10-07T08:04:42+00:00,post-sitemap311.xml
sitemap_index.xml,https://www.timesofisrael.com/post-sitemap312.xml,2019-10-16T17:32:56+00:00,post-sitemap312.xml
sitemap_index.xml,https://www.timesofisrael.com/post-sitemap313.xml,2019-10-26T12:03:12+00:00,post-sitemap313.xml
sitemap_index.xml,https://www.timesofisrael.com/post-sitemap314.xml,2019-11-04T19:54:32+00:00,post-sitemap314.xml
sitemap_index.xml,https://www.timesofisrael.com/post-sitemap315.xml,2019-11-13T13:37:46+00:00,post-sitemap315.xml
sitemap_index.xml,https://www.timesofisrael.com/post-sitemap316.xml,2019-11-22T05:28:30+00:00,post-sitemap316.xml
sitemap_index.xml,https://www.timesofisrael.com/post-sitemap317.xml,2019-12-02T10:32:20+00:00,post-sitemap317.xml
sitemap_index.xml,https://www.timesofisrael.com/post-sitemap318.xml,2019-12-11T09:57:36+00:00,post-sitemap318.xml
sitemap_index.xml,https://www.timesofisrael.com/post-sitemap319.xml,2019-12-20T08:55:44+00:00,post-sitemap319.xml
sitemap_index.xml,https://www.timesofisrael.com/post-sitemap320.xml,2019-12-30T23:08:49+00:00,post-sitemap320.xml
sitemap_index.xml,https://www.timesofisrael.com/post-sitemap321.xml,2020-01-12T15:30:21+00:00,post-sitemap321.xml
sitemap_index.xml,https://www.timesofisrael.com/post-sitemap322.xml,2020-01-16T19:34:06+00:00,post-sitemap322.xml
sitemap_index.xml,https://www.timesofisrael.com/post-sitemap323.xml,2020-01-26T03:56:31+00:00,post-sitemap323.xml
sitemap_index.xml,https://www.timesofisrael.com/post-sitemap324.xml,2020-02-04T02:42:08+00:00,post-sitemap324.xml
sitemap_index.xml,https://www.timesofisrael.com/post-sitemap325.xml,2020-02-22T18:42:45+00:00,post-sitemap325.xml
sitemap_index.xml,https://www.timesofisrael.com/post-sitemap326.xml,2020-03-02T16:47:02+00:00,post-sitemap326.xml
sitemap_index.xml,https://www.timesofisrael.com/post-sitemap327.xml,2020-03-11T17:26:44+00:00,post-sitemap327.xml
sitemap_index.xml,https://www.timesofisrael.com/post-sitemap328.xml,2020-03-19T18:09:50+00:00,post-sitemap328.xml
sitemap_index.xml,https://www.timesofisrael.com/post-sitemap329.xml,2020-03-28T22:02:17+00:00,post-sitemap329.xml
sitemap_index.xml,https://www.timesofisrael.com/post-sitemap330.xml,2020-04-06T06:03:24+00:00,post-sitemap330.xml
sitemap_index.xml,https://www.timesofisrael.com/post-sitemap331.xml,2020-04-15T16:50:15+00:00,post-sitemap331.xml
sitemap_index.xml,https://www.timesofisrael.com/post-sitemap332.xml,2020-05-03T13:42:46+00:00,post-sitemap332.xml
sitemap_index.xml,https://www.timesofisrael.com/post-sitemap333.xml,2020-05-12T16:48:06+00:00,post-sitemap333.xml
sitemap_index.xml,https://www.timesofisrael.com/post-sitemap334.xml,2020-05-22T20:05:41+00:00,post-sitemap334.xml
sitemap_index.xml,https://www.timesofisrael.com/post-sitemap335.xml,2020-06-01T13:46:15+00:00,post-sitemap335.xml
sitemap_index.xml,https://www.timesofisrael.com/post-sitemap336.xml,2020-06-10T08:43:40+00:00,post-sitemap336.xml
sitemap_index.xml,https://www.timesofisrael.com/post-sitemap337.xml,2020-06-28T05:32:46+00:00,post-sitemap337.xml
sitemap_index.xml,https://www.timesofisrael.com/post-sitemap338.xml,2020-07-07T14:50:52+00:00,post-sitemap338.xml
sitemap_index.xml,https://www.timesofisrael.com/post-sitemap339.xml,2020-07-16T13:13:05+00:00,post-sitemap339.xml
sitemap_index.xml,https://www.timesofisrael.com/post-sitemap340.xml,2020-07-28T13:25:47+00:00,post-sitemap340.xml
sitemap_index.xml,https://www.timesofisrael.com/post-sitemap341.xml,2020-08-04T21:35:46+00:00,post-sitemap341.xml
sitemap_index.xml,https://www.timesofisrael.com/post-sitemap342.xml,2020-08-13T13:23:32+00:00,post-sitemap342.xml
sitemap_index.xml,https://www.timesofisrael.com/post-sitemap343.xml,2020-08-23T09:28:44+00:00,post-sitemap343.xml
sitemap_index.xml,https://www.timesofisrael.com/post-sitemap344.xml,2020-09-01T16:07:23+00:00,post-sitemap344.xml
sitemap_index.xml,https://www.timesofisrael.com/post-sitemap345.xml,2020-09-10T18:00:57+00:00,post-sitemap345.xml
sitemap_index.xml,https://www.timesofisrael.com/post-sitemap346.xml,2020-09-19T20:45:20+00:00,post-sitemap346.xml
sitemap_index.xml,https://www.timesofisrael.com/post-sitemap347.xml,2020-09-29T22:00:41+00:00,post-sitemap347.xml
sitemap_index.xml,https://www.timesofisrael.com/post-sitemap348.xml,2020-10-09T05:02:27+00:00,post-sitemap348.xml
sitemap_index.xml,https://www.timesofisrael.com/post-sitemap349.xml,2020-10-19T20:32:42+00:00,post-sitemap349.xml
sitemap_index.xml,https://www.timesofisrael.com/post-sitemap350.xml,2020-10-28T09:00:45+00:00,post-sitemap350.xml
sitemap_index.xml,https://www.timesofisrael.com/post-sitemap351.xml,2020-11-06T13:45:28+00:00,post-sitemap351.xml
sitemap_index.xml,https://www.timesofisrael.com/post-sitemap352.xml,2020-11-17T15:48:39+00:00,post-sitemap352.xml
sitemap_index.xml,https://www.timesofisrael.com/post-sitemap353.xml,2020-12-06T10:56:01+00:00,post-sitemap353.xml
sitemap_index.xml,https://www.timesofisrael.com/post-sitemap354.xml,2020-12-15T14:22:29+00:00,post-sitemap354.xml
sitemap_index.xml,https://www.timesofisrael.com/post-sitemap355.xml,2020-12-25T08:33:10+00:00,post-sitemap355.xml
sitemap_index.xml,https://www.timesofisrael.com/post-sitemap356.xml,2021-01-05T11:39:54+00:00,post-sitemap356.xml
sitemap_index.xml,https://www.timesofisrael.com/post-sitemap357.xml,2021-01-14T05:20:36+00:00,post-sitemap357.xml
sitemap_index.xml,https://www.timesofisrael.com/post-sitemap358.xml,2021-01-23T14:59:38+00:00,post-sitemap358.xml
sitemap_index.xml,https://www.timesofisrael.com/post-sitemap359.xml,2021-02-02T11:17:27+00:00,post-sitemap359.xml
sitemap_index.xml,https://www.timesofisrael.com/post-sitemap360.xml,2021-02-11T23:37:49+00:00,post-sitemap360.xml
sitemap_index.xml,https://www.timesofisrael.com/post-sitemap361.xml,2021-02-22T07:10:55+00:00,post-sitemap361.xml
sitemap_index.xml,https://www.timesofisrael.com/post-sitemap362.xml,2021-03-03T17:18:26+00:00,post-sitemap362.xml
sitemap_index.xml,https://www.timesofisrael.com/post-sitemap363.xml,2021-03-13T04:24:11+00:00,post-sitemap363.xml
sitemap_index.xml,https://www.timesofisrael.com/post-sitemap364.xml,2021-03-23T09:09:15+00:00,post-sitemap364.xml
sitemap_index.xml,https://www.timesofisrael.com/post-sitemap365.xml,2021-04-03T03:09:22+00:00,post-sitemap365.xml
sitemap_index.xml,https://www.timesofisrael.com/post-sitemap366.xml,2021-04-13T12:58:23+00:00,post-sitemap366.xml
sitemap_index.xml,https://www.timesofisrael.com/post-sitemap367.xml,2021-04-24T12:25:05+00:00,post-sitemap367.xml
sitemap_index.xml,https://www.timesofisrael.com/post-sitemap368.xml,2021-05-05T04:35:37+00:00,post-sitemap368.xml
sitemap_index.xml,https://www.timesofisrael.com/post-sitemap369.xml,2021-05-16T23:41:41+00:00,post-sitemap369.xml
sitemap_index.xml,https://www.timesofisrael.com/post-sitemap370.xml,2021-05-25T12:09:47+00:00,post-sitemap370.xml
sitemap_index.xml,https://www.timesofisrael.com/post-sitemap371.xml,2021-05-27T16:29:33+00:00,post-sitemap371.xml
sitemap_index.xml,https://www.timesofisrael.com/post-sitemap372.xml,2021-06-07T17:47:19+00:00,post-sitemap372.xml
sitemap_index.xml,https://www.timesofisrael.com/post-sitemap373.xml,2021-06-17T05:34:33+00:00,post-sitemap373.xml
sitemap_index.xml,https://www.timesofisrael.com/post-sitemap374.xml,2021-06-17T22:36:54+00:00,post-sitemap374.xml
sitemap_index.xml,https://www.timesofisrael.com/post-sitemap375.xml,2021-06-28T17:39:04+00:00,post-sitemap375.xml
sitemap_index.xml,https://www.timesofisrael.com/post-sitemap376.xml,2021-07-08T20:30:08+00:00,post-sitemap376.xml
sitemap_index.xml,https://www.timesofisrael.com/post-sitemap377.xml,2021-07-19T12:17:33+00:00,post-sitemap377.xml
sitemap_index.xml,https://www.timesofisrael.com/post-sitemap378.xml,2021-07-29T07:01:13+00:00,post-sitemap378.xml
sitemap_index.xml,https://www.timesofisrael.com/post-sitemap379.xml,2021-08-09T17:04:56+00:00,post-sitemap379.xml
sitemap_index.xml,https://www.timesofisrael.com/post-sitemap380.xml,2021-08-20T12:53:31+00:00,post-sitemap380.xml
sitemap_index.xml,https://www.timesofisrael.com/post-sitemap381.xml,2021-08-30T20:52:40+00:00,post-sitemap381.xml
sitemap_index.xml,https://www.timesofisrael.com/post-sitemap382.xml,2021-09-11T21:46:30+00:00,post-sitemap382.xml
sitemap_index.xml,https://www.timesofisrael.com/post-sitemap383.xml,2021-09-23T12:59:04+00:00,post-sitemap383.xml
sitemap_index.xml,https://www.timesofisrael.com/post-sitemap384.xml,2021-10-05T11:30:31+00:00,post-sitemap384.xml
sitemap_index.xml,https://www.timesofisrael.com/post-sitemap385.xml,2021-10-15T12:53:59+00:00,post-sitemap385.xml
sitemap_index.xml,https://www.timesofisrael.com/post-sitemap386.xml,2021-10-25T04:13:09+00:00,post-sitemap386.xml
sitemap_index.xml,https://www.timesofisrael.com/post-sitemap387.xml,2021-11-01T11:13:49+00:00,post-sitemap387.xml
sitemap_index.xml,https://www.timesofisrael.com/post-sitemap388.xml,2021-11-03T14:01:45+00:00,post-sitemap388.xml
sitemap_index.xml,https://www.timesofisrael.com/post-sitemap389.xml,2021-11-14T14:31:41+00:00,post-sitemap389.xml
sitemap_index.xml,https://www.timesofisrael.com/post-sitemap390.xml,2021-11-24T16:32:11+00:00,post-sitemap390.xml
sitemap_index.xml,https://www.timesofisrael.com/post-sitemap391.xml,2021-12-05T10:51:30+00:00,post-sitemap391.xml
sitemap_index.xml,https://www.timesofisrael.com/post-sitemap392.xml,2021-12-08T09:19:37+00:00,post-sitemap392.xml
sitemap_index.xml,https://www.timesofisrael.com/post-sitemap393.xml,2021-12-15T16:27:19+00:00,post-sitemap393.xml
sitemap_index.xml,https://www.timesofisrael.com/post-sitemap394.xml,2021-12-26T22:43:04+00:00,post-sitemap394.xml
sitemap_index.xml,https://www.timesofisrael.com/post-sitemap395.xml,2022-01-06T10:29:13+00:00,post-sitemap395.xml
sitemap_index.xml,https://www.timesofisrael.com/post-sitemap396.xml,2022-01-16T15:13:02+00:00,post-sitemap396.xml
sitemap_index.xml,https://www.timesofisrael.com/post-sitemap397.xml,2022-01-26T04:27:59+00:00,post-sitemap397.xml
sitemap_index.xml,https://www.timesofisrael.com/post-sitemap398.xml,2022-02-04T05:48:22+00:00,post-sitemap398.xml
sitemap_index.xml,https://www.timesofisrael.com/post-sitemap399.xml,2022-02-14T23:58:15+00:00,post-sitemap399.xml
sitemap_index.xml,https://www.timesofisrael.com/post-sitemap400.xml,2022-02-25T08:34:03+00:00,post-sitemap400.xml
sitemap_index.xml,https://www.timesofisrael.com/post-sitemap401.xml,2022-03-06T13:08:58+00:00,post-sitemap401.xml
sitemap_index.xml,https://www.timesofisrael.com/post-sitemap402.xml,2022-03-24T23:16:39+00:00,post-sitemap402.xml
sitemap_index.xml,https://www.timesofisrael.com/post-sitemap403.xml,2022-03-27T12:36:31+00:00,post-sitemap403.xml
sitemap_index.xml,https://www.timesofisrael.com/post-sitemap404.xml,2022-04-04T22:25:15+00:00,post-sitemap404.xml
sitemap_index.xml,https://www.timesofisrael.com/post-sitemap405.xml,2022-04-27T02:48:21+00:00,post-sitemap405.xml
sitemap_index.xml,https://www.timesofisrael.com/post-sitemap406.xml,2022-05-08T22:25:54+00:00,post-sitemap406.xml
sitemap_index.xml,https://www.timesofisrael.com/post-sitemap407.xml,2022-05-30T12:50:43+00:00,post-sitemap407.xml
sitemap_index.xml,https://www.timesofisrael.com/post-sitemap408.xml,2022-06-21T20:29:51+00:00,post-sitemap408.xml
sitemap_index.xml,https://www.timesofisrael.com/post-sitemap409.xml,2022-06-29T15:24:09+00:00,post-sitemap409.xml
sitemap_index.xml,https://www.timesofisrael.com/post-sitemap410.xml,2022-07-02T13:00:51+00:00,post-sitemap410.xml
sitemap_index.xml,https://www.timesofisrael.com/post-sitemap411.xml,2022-07-13T08:59:46+00:00,post-sitemap411.xml
sitemap_index.xml,https://www.timesofisrael.com/post-sitemap412.xml,2022-07-23T18:59:20+00:00,post-sitemap412.xml
sitemap_index.xml,https://www.timesofisrael.com/post-sitemap413.xml,2022-08-03T16:02:00+00:00,post-sitemap413.xml
sitemap_index.xml,https://www.timesofisrael.com/post-sitemap414.xml,2022-08-14T13:58:05+00:00,post-sitemap414.xml
sitemap_index.xml,https://www.timesofisrael.com/post-sitemap415.xml,2022-08-25T12:32:43+00:00,post-sitemap415.xml
sitemap_index.xml,https://www.timesofisrael.com/post-sitemap416.xml,2022-09-05T07:51:23+00:00,post-sitemap416.xml
sitemap_index.xml,https://www.timesofisrael.com/post-sitemap417.xml,2022-09-14T20:52:54+00:00,post-sitemap417.xml
sitemap_index.xml,https://www.timesofisrael.com/post-sitemap418.xml,2022-10-19T16:10:58+00:00,post-sitemap418.xml
sitemap_index.xml,https://www.timesofisrael.com/post-sitemap419.xml,2022-11-10T07:37:40+00:00,post-sitemap419.xml
sitemap_index.xml,https://www.timesofisrael.com/post-sitemap420.xml,2022-11-15T09:25:17+00:00,post-sitemap420.xml
sitemap_index.xml,https://www.timesofisrael.com/post-sitemap421.xml,2022-11-20T17:11:23+00:00,post-sitemap421.xml
sitemap_index.xml,https://www.timesofisrael.com/post-sitemap422.xml,2022-12-01T08:36:10+00:00,post-sitemap422.xml
sitemap_index.xml,https://www.timesofisrael.com/post-sitemap423.xml,2022-12-12T15:08:02+00:00,post-sitemap423.xml
sitemap_index.xml,https://www.timesofisrael.com/post-sitemap424.xml,2022-12-22T23:49:08+00:00,post-sitemap424.xml
sitemap_index.xml,https://www.timesofisrael.com/post-sitemap425.xml,2023-01-04T06:52:45+00:00,post-sitemap425.xml
sitemap_index.xml,https://www.timesofisrael.com/post-sitemap426.xml,2023-01-15T12:43:23+00:00,post-sitemap426.xml
sitemap_index.xml,https://www.timesofisrael.com/post-sitemap427.xml,2023-01-27T08:27:05+00:00,post-sitemap427.xml
sitemap_index.xml,https://www.timesofisrael.com/post-sitemap428.xml,2023-02-08T10:59:32+00:00,post-sitemap428.xml
sitemap_index.xml,https://www.timesofisrael.com/post-sitemap429.xml,2023-02-16T09:44:08+00:00,post-sitemap429.xml
sitemap_index.xml,https://www.timesofisrael.com/post-sitemap430.xml,2023-02-19T23:02:48+00:00,post-sitemap430.xml
sitemap_index.xml,https://www.timesofisrael.com/post-sitemap431.xml,2023-03-03T08:05:20+00:00,post-sitemap431.xml
sitemap_index.xml,https://www.timesofisrael.com/post-sitemap432.xml,2023-03-15T15:24:41+00:00,post-sitemap432.xml
sitemap_index.xml,https://www.timesofisrael.com/post-sitemap433.xml,2023-03-27T11:19:09+00:00,post-sitemap433.xml
sitemap_index.xml,https://www.timesofisrael.com/post-sitemap434.xml,2023-04-10T11:40:05+00:00,post-sitemap434.xml
sitemap_index.xml,https://www.timesofisrael.com/post-sitemap435.xml,2023-04-22T14:32:44+00:00,post-sitemap435.xml
sitemap_index.xml,https://www.timesofisrael.com/post-sitemap436.xml,2023-05-04T08:14:11+00:00,post-sitemap436.xml
sitemap_index.xml,https://www.timesofisrael.com/post-sitemap437.xml,2023-05-17T08:10:59+00:00,post-sitemap437.xml
sitemap_index.xml,https://www.timesofisrael.com/post-sitemap438.xml,2023-05-29T13:59:08+00:00,post-sitemap438.xml
sitemap_index.xml,https://www.timesofisrael.com/post-sitemap439.xml,2023-06-09T15:27:45+00:00,post-sitemap439.xml
sitemap_index.xml,https://www.timesofisrael.com/post-sitemap440.xml,2023-06-21T16:42:25+00:00,post-sitemap440.xml
sitemap_index.xml,https://www.timesofisrael.com/post-sitemap441.xml,2023-07-15T14:05:44+00:00,post-sitemap441.xml
sitemap_index.xml,https://www.timesofisrael.com/post-sitemap442.xml,2023-07-28T14:06:09+00:00,post-sitemap442.xml
sitemap_index.xml,https://www.timesofisrael.com/post-sitemap443.xml,2023-08-10T06:03:03+00:00,post-sitemap443.xml
sitemap_index.xml,https://www.timesofisrael.com/post-sitemap444.xml,2023-08-23T09:49:30+00:00,post-sitemap444.xml
sitemap_index.xml,https://www.timesofisrael.com/post-sitemap445.xml,2023-09-04T16:23:39+00:00,post-sitemap445.xml
sitemap_index.xml,https://www.timesofisrael.com/post-sitemap446.xml,2023-09-16T06:40:05+00:00,post-sitemap446.xml
sitemap_index.xml,https://www.timesofisrael.com/post-sitemap447.xml,2023-09-29T17:08:22+00:00,post-sitemap447.xml
sitemap_index.xml,https://www.timesofisrael.com/post-sitemap448.xml,2023-10-11T05:56:45+00:00,post-sitemap448.xml
sitemap_index.xml,https://www.timesofisrael.com/post-sitemap449.xml,2023-10-19T21:29:53+00:00,post-sitemap449.xml
sitemap_index.xml,https://www.timesofisrael.com/post-sitemap450.xml,2023-10-30T06:18:41+00:00,post-sitemap450.xml
sitemap_index.xml,https://www.timesofisrael.com/post-sitemap451.xml,2023-11-08T16:29:58+00:00,post-sitemap451.xml
sitemap_index.xml,https://www.timesofisrael.com/post-sitemap452.xml,2023-11-19T15:40:06+00:00,post-sitemap452.xml
sitemap_index.xml,https://www.timesofisrael.com/post-sitemap453.xml,2023-12-01T05:26:41+00:00,post-sitemap453.xml
sitemap_index.xml,https://www.timesofisrael.com/post-sitemap454.xml,2023-12-14T03:10:44+00:00,post-sitemap454.xml
sitemap_index.xml,https://www.timesofisrael.com/post-sitemap455.xml,2023-12-25T11:49:59+00:00,post-sitemap455.xml
sitemap_index.xml,https://www.timesofisrael.com/post-sitemap456.xml,2024-01-06T16:48:58+00:00,post-sitemap456.xml
sitemap_index.xml,https://www.timesofisrael.com/post-sitemap457.xml,2024-01-18T10:06:59+00:00,post-sitemap457.xml
sitemap_index.xml,https://www.timesofisrael.com/post-sitemap458.xml,2024-01-29T23:35:20+00:00,post-sitemap458.xml
sitemap_index.xml,https://www.timesofisrael.com/post-sitemap459.xml,2024-02-10T16:49:25+00:00,post-sitemap459.xml
sitemap_index.xml,https://www.timesofisrael.com/post-sitemap460.xml,2024-02-22T23:47:57+00:00,post-sitemap460.xml
sitemap_index.xml,https://www.timesofisrael.com/post-sitemap461.xml,2024-03-25T14:34:30+00:00,post-sitemap461.xml
sitemap_index.xml,https://www.timesofisrael.com/post-sitemap462.xml,2024-03-25T15:11:49+00:00,post-sitemap462.xml
sitemap_index.xml,https://www.timesofisrael.com/post-sitemap463.xml,2024-04-02T12:54:07+00:00,post-sitemap463.xml
sitemap_index.xml,https://www.timesofisrael.com/post-sitemap464.xml,2024-04-14T18:30:41+00:00,post-sitemap464.xml
sitemap_index.xml,https://www.timesofisrael.com/post-sitemap465.xml,2024-04-28T21:33:32+00:00,post-sitemap465.xml
sitemap_index.xml,https://www.timesofisrael.com/post-sitemap466.xml,2024-05-11T19:03:10+00:00,post-sitemap466.xml
sitemap_index.xml,https://www.timesofisrael.com/post-sitemap467.xml,2024-05-26T08:44:36+00:00,post-sitemap467.xml
sitemap_index.xml,https://www.timesofisrael.com/post-sitemap468.xml,2024-06-05T14:04:06+00:00,post-sitemap468.xml
sitemap_index.xml,https://www.timesofisrael.com/post-sitemap469.xml,2024-06-19T08:31:17+00:00,post-sitemap469.xml
sitemap_index.xml,https://www.timesofisrael.com/post-sitemap470.xml,2024-07-02T14:12:16+00:00,post-sitemap470.xml
sitemap_index.xml,https://www.timesofisrael.com/post-sitemap471.xml,2024-07-15T22:15:36+00:00,post-sitemap471.xml
sitemap_index.xml,https://www.timesofisrael.com/post-sitemap472.xml,2024-07-28T04:22:23+00:00,post-sitemap472.xml
sitemap_index.xml,https://www.timesofisrael.com/post-sitemap473.xml,2024-08-09T13:32:37+00:00,post-sitemap473.xml
sitemap_index.xml,https://www.timesofisrael.com/post-sitemap474.xml,2024-08-23T21:15:30+00:00,post-sitemap474.xml
sitemap_index.xml,https://www.timesofisrael.com/post-sitemap475.xml,2024-09-07T04:09:05+00:00,post-sitemap475.xml
sitemap_index.xml,https://www.timesofisrael.com/post-sitemap476.xml,2024-09-21T11:14:02+00:00,post-sitemap476.xml
sitemap_index.xml,https://www.timesofisrael.com/post-sitemap477.xml,2024-10-05T08:22:35+00:00,post-sitemap477.xml
sitemap_index.xml,https://www.timesofisrael.com/post-sitemap478.xml,2024-10-19T13:30:46+00:00,post-sitemap478.xml
sitemap_index.xml,https://www.timesofisrael.com/post-sitemap479.xml,2024-11-03T14:58:04+00:00,post-sitemap479.xml
sitemap_index.xml,https://www.timesofisrael.com/post-sitemap480.xml,2024-11-15T14:20:41+00:00,post-sitemap480.xml
sitemap_index.xml,https://www.timesofisrael.com/post-sitemap481.xml,2024-11-29T15:39:57+00:00,post-sitemap481.xml
sitemap_index.xml,https://www.timesofisrael.com/post-sitemap482.xml,2024-12-13T09:32:08+00:00,post-sitemap482.xml
sitemap_index.xml,https://www.timesofisrael.com/post-sitemap483.xml,2024-12-26T18:37:00+00:00,post-sitemap483.xml
sitemap_index.xml,https://www.timesofisrael.com/post-sitemap484.xml,2025-01-10T07:40:59+00:00,post-sitemap484.xml
sitemap_index.xml,https://www.timesofisrael.com/post-sitemap485.xml,2025-01-23T15:17:05+00:00,post-sitemap485.xml
sitemap_index.xml,https://www.timesofisrael.com/post-sitemap486.xml,2025-02-06T06:45:28+00:00,post-sitemap486.xml
sitemap_index.xml,https://www.timesofisrael.com/post-sitemap487.xml,2025-02-24T15:32:52+00:00,post-sitemap487.xml
sitemap_index.xml,https://www.timesofisrael.com/post-sitemap488.xml,2025-03-06T05:52:51+00:00,post-sitemap488.xml
sitemap_index.xml,https://www.timesofisrael.com/post-sitemap489.xml,2025-03-21T01:45:51+00:00,post-sitemap489.xml
sitemap_index.xml,https://www.timesofisrael.com/post-sitemap490.xml,2025-04-02T09:51:27+00:00,post-sitemap490.xml
sitemap_index.xml,https://www.timesofisrael.com/post-sitemap491.xml,2025-04-15T22:13:02+00:00,post-sitemap491.xml
sitemap_index.xml,https://www.timesofisrael.com/post-sitemap492.xml,2025-04-29T08:28:42+00:00,post-sitemap492.xml
sitemap_index.xml,https://www.timesofisrael.com/post-sitemap493.xml,2025-05-13T07:50:03+00:00,post-sitemap493.xml
sitemap_index.xml,https://www.timesofisrael.com/post-sitemap494.xml,2025-05-26T02:16:50+00:00,post-sitemap494.xml
sitemap_index.xml,https://www.timesofisrael.com/post-sitemap495.xml,2025-06-25T07:53:31+00:00,post-sitemap495.xml
sitemap_index.xml,https://www.timesofisrael.com/post-sitemap496.xml,2025-07-06T06:55:37+00:00,post-sitemap496.xml
sitemap_index.xml,https://www.timesofisrael.com/post-sitemap497.xml,2025-07-19T12:54:15+00:00,post-sitemap497.xml
sitemap_index.xml,https://www.timesofisrael.com/post-sitemap498.xml,2025-08-02T17:38:31+00:00,post-sitemap498.xml
sitemap_index.xml,https://www.timesofisrael.com/post-sitemap499.xml,2025-08-17T16:41:33+00:00,post-sitemap499.xml
sitemap_index.xml,https://www.timesofisrael.com/post-sitemap500.xml,2025-09-01T08:39:03+00:00,post-sitemap500.xml
sitemap_index.xml,https://www.timesofisrael.com/post-sitemap501.xml,2025-09-28T06:47:41+00:00,post-sitemap501.xml
sitemap_index.xml,https://www.timesofisrael.com/post-sitemap502.xml,2025-10-12T04:19:36+00:00,post-sitemap502.xml
sitemap_index.xml,https://www.timesofisrael.com/post-sitemap503.xml,2025-10-26T05:57:12+00:00,post-sitemap503.xml
sitemap_index.xml,https://www.timesofisrael.com/post-sitemap504.xml,2025-11-08T07:12:49+00:00,post-sitemap504.xml
sitemap_index.xml,https://www.timesofisrael.com/post-sitemap505.xml,2025-11-20T17:55:36+00:00,post-sitemap505.xml
sitemap_index.xml,https://www.timesofisrael.com/post-sitemap506.xml,2025-12-04T05:30:04+00:00,post-sitemap506.xml
sitemap_index.xml,https://www.timesofisrael.com/post-sitemap507.xml,2025-12-17T14:26:34+00:00,post-sitemap507.xml
sitemap_index.xml,https://www.timesofisrael.com/post-sitemap508.xml,2026-01-01T19:22:41+00:00,post-sitemap508.xml
sitemap_index.xml,https://www.timesofisrael.com/post-sitemap509.xml,2026-01-15T15:08:29+00:00,post-sitemap509.xml
sitemap_index.xml,https://www.timesofisrael.com/post-sitemap510.xml,2026-01-29T17:05:22+00:00,post-sitemap510.xml
sitemap_index.xml,https://www.timesofisrael.com/post-sitemap511.xml,2026-02-12T16:29:59+00:00,post-sitemap511.xml
sitemap_index.xml,https://www.timesofisrael.com/post-sitemap512.xml,2026-02-26T08:53:59+00:00,post-sitemap512.xml
sitemap_index.xml,https://www.timesofisrael.com/post-sitemap513.xml,2026-03-11T14:36:50+00:00,post-sitemap513.xml
sitemap_index.xml,https://www.timesofisrael.com/post-sitemap514.xml,2026-03-24T13:17:53+00:00,post-sitemap514.xml
sitemap_index.xml,https://www.timesofisrael.com/post-sitemap515.xml,2026-04-07T18:57:14+00:00,post-sitemap515.xml
sitemap_index.xml,https://www.timesofisrael.com/post-sitemap516.xml,2026-04-22T08:32:36+00:00,post-sitemap516.xml
sitemap_index.xml,https://www.timesofisrael.com/post-sitemap517.xml,2026-05-05T20:47:50+00:00,post-sitemap517.xml
sitemap_index.xml,https://www.timesofisrael.com/post-sitemap518.xml,2026-05-19T13:17:57+00:00,post-sitemap518.xml
sitemap_index.xml,https://www.timesofisrael.com/post-sitemap519.xml,2026-06-03T18:14:37+00:00,post-sitemap519.xml
sitemap_index.xml,https://www.timesofisrael.com/post-sitemap520.xml,2026-06-19T10:31:25+00:00,post-sitemap520.xml
sitemap_index.xml,https://www.timesofisrael.com/post-sitemap521.xml,2026-07-02T20:17:31+00:00,post-sitemap521.xml
sitemap_index.xml,https://www.timesofisrael.com/post-sitemap522.xml,2026-07-17T18:48:17+00:00,post-sitemap522.xml
sitemap_index.xml,https://www.timesofisrael.com/post-sitemap523.xml,2026-08-01T19:40:35+00:00,post-sitemap523.xml
sitemap_index.xml,https://www.timesofisrael.com/post-sitemap524.xml,2026-08-17T06:00:57+00:00,post-sitemap524.xml
sitemap_index.xml,https://www.timesofisrael.com/post-sitemap525.xml,2026-08-21T23:45:51+00:00,post-sitemap525.xml
sitemap_index.xml,https://www.timesofisrael.com/page-sitemap.xml,2026-08-13T12:27:31+00:00,page-sitemap.xml
sitemap_index.xml,https://www.timesofisrael.com/spotlight-sitemap.xml,2026-08-21T10:59:27+00:00,spotlight-sitemap.xml
sitemap_index.xml,https://www.timesofisrael.com/spotlight-sitemap2.xml,2023-02-22T10:19:52+00:00,spotlight-sitemap2.xml
sitemap_index.xml,https://www.timesofisrael.com/spotlight-sitemap3.xml,2023-10-10T01:09:34+00:00,spotlight-sitemap3.xml
sitemap_index.xml,https://www.timesofisrael.com/spotlight-sitemap4.xml,2024-06-30T11:38:39+00:00,spotlight-sitemap4.xml
sitemap_index.xml,https://www.timesofisrael.com/spotlight-sitemap5.xml,2025-07-14T08:57:13+00:00,spotlight-sitemap5.xml
sitemap_index.xml,https://www.timesofisrael.com/spotlight-sitemap6.xml,2026-03-26T19:38:07+00:00,spotlight-sitemap6.xml
sitemap_index.xml,https://www.timesofisrael.com/spotlight-sitemap7.xml,2026-08-21T10:59:27+00:00,spotlight-sitemap7.xml
sitemap_index.xml,https://www.timesofisrael.com/community-sitemap.xml,2026-08-17T12:25:03+00:00,community-sitemap.xml
sitemap_index.xml,https://www.timesofisrael.com/liveblog_entry-sitemap.xml,2026-08-21T22:01:10+00:00,liveblog_entry-sitemap.xml
sitemap_index.xml,https://www.timesofisrael.com/liveblog_entry-sitemap2.xml,2012-11-19T10:29:36+00:00,liveblog_entry-sitemap2.xml
sitemap_index.xml,https://www.timesofisrael.com/liveblog_entry-sitemap3.xml,2013-01-07T09:53:54+00:00,liveblog_entry-sitemap3.xml
sitemap_index.xml,https://www.timesofisrael.com/liveblog_entry-sitemap4.xml,2013-08-31T18:34:57+00:00,liveblog_entry-sitemap4.xml
sitemap_index.xml,https://www.timesofisrael.com/liveblog_entry-sitemap5.xml,2014-06-10T09:58:50+00:00,liveblog_entry-sitemap5.xml
sitemap_index.xml,https://www.timesofisrael.com/liveblog_entry-sitemap6.xml,2014-07-09T16:55:20+00:00,liveblog_entry-sitemap6.xml
sitemap_index.xml,https://www.timesofisrael.com/liveblog_entry-sitemap7.xml,2014-07-13T20:31:56+00:00,liveblog_entry-sitemap7.xml
sitemap_index.xml,https://www.timesofisrael.com/liveblog_entry-sitemap8.xml,2014-07-17T17:21:53+00:00,liveblog_entry-sitemap8.xml
sitemap_index.xml,https://www.timesofisrael.com/liveblog_entry-sitemap9.xml,2014-07-21T13:20:37+00:00,liveblog_entry-sitemap9.xml
sitemap_index.xml,https://www.timesofisrael.com/liveblog_entry-sitemap10.xml,2014-07-25T17:43:14+00:00,liveblog_entry-sitemap10.xml
sitemap_index.xml,https://www.timesofisrael.com/liveblog_entry-sitemap11.xml,2014-07-30T14:17:46+00:00,liveblog_entry-sitemap11.xml
sitemap_index.xml,https://www.timesofisrael.com/liveblog_entry-sitemap12.xml,2014-08-03T22:35:38+00:00,liveblog_entry-sitemap12.xml
sitemap_index.xml,https://www.timesofisrael.com/liveblog_entry-sitemap13.xml,2014-08-08T19:23:52+00:00,liveblog_entry-sitemap13.xml
sitemap_index.xml,https://www.timesofisrael.com/liveblog_entry-sitemap14.xml,2014-08-15T12:22:28+00:00,liveblog_entry-sitemap14.xml
sitemap_index.xml,https://www.timesofisrael.com/liveblog_entry-sitemap15.xml,2014-08-21T13:00:13+00:00,liveblog_entry-sitemap15.xml
sitemap_index.xml,https://www.timesofisrael.com/liveblog_entry-sitemap16.xml,2014-08-25T21:39:51+00:00,liveblog_entry-sitemap16.xml
sitemap_index.xml,https://www.timesofisrael.com/liveblog_entry-sitemap17.xml,2015-01-07T06:54:18+00:00,liveblog_entry-sitemap17.xml
sitemap_index.xml,https://www.timesofisrael.com/liveblog_entry-sitemap18.xml,2015-01-20T15:58:54+00:00,liveblog_entry-sitemap18.xml
sitemap_index.xml,https://www.timesofisrael.com/liveblog_entry-sitemap19.xml,2015-02-10T12:20:08+00:00,liveblog_entry-sitemap19.xml
sitemap_index.xml,https://www.timesofisrael.com/liveblog_entry-sitemap20.xml,2015-03-03T15:29:28+00:00,liveblog_entry-sitemap20.xml
sitemap_index.xml,https://www.timesofisrael.com/liveblog_entry-sitemap21.xml,2015-03-19T16:50:17+00:00,liveblog_entry-sitemap21.xml
sitemap_index.xml,https://www.timesofisrael.com/liveblog_entry-sitemap22.xml,2015-04-14T11:41:51+00:00,liveblog_entry-sitemap22.xml
sitemap_index.xml,https://www.timesofisrael.com/liveblog_entry-sitemap23.xml,2015-05-06T14:24:30+00:00,liveblog_entry-sitemap23.xml
sitemap_index.xml,https://www.timesofisrael.com/liveblog_entry-sitemap24.xml,2015-06-02T14:09:44+00:00,liveblog_entry-sitemap24.xml
sitemap_index.xml,https://www.timesofisrael.com/liveblog_entry-sitemap25.xml,2015-06-28T12:50:32+00:00,liveblog_entry-sitemap25.xml
sitemap_index.xml,https://www.timesofisrael.com/liveblog_entry-sitemap26.xml,2015-07-16T14:09:13+00:00,liveblog_entry-sitemap26.xml
sitemap_index.xml,https://www.timesofisrael.com/liveblog_entry-sitemap27.xml,2015-08-04T17:49:42+00:00,liveblog_entry-sitemap27.xml
sitemap_index.xml,https://www.timesofisrael.com/liveblog_entry-sitemap28.xml,2015-08-24T18:40:12+00:00,liveblog_entry-sitemap28.xml
sitemap_index.xml,https://www.timesofisrael.com/liveblog_entry-sitemap29.xml,2015-09-17T17:34:44+00:00,liveblog_entry-sitemap29.xml
sitemap_index.xml,https://www.timesofisrael.com/liveblog_entry-sitemap30.xml,2015-10-11T14:50:45+00:00,liveblog_entry-sitemap30.xml
sitemap_index.xml,https://www.timesofisrael.com/liveblog_entry-sitemap31.xml,2015-10-23T09:38:59+00:00,liveblog_entry-sitemap31.xml
sitemap_index.xml,https://www.timesofisrael.com/liveblog_entry-sitemap32.xml,2015-11-11T15:25:53+00:00,liveblog_entry-sitemap32.xml
sitemap_index.xml,https://www.timesofisrael.com/liveblog_entry-sitemap33.xml,2015-11-23T12:40:05+00:00,liveblog_entry-sitemap33.xml
sitemap_index.xml,https://www.timesofisrael.com/liveblog_entry-sitemap34.xml,2015-12-10T14:36:59+00:00,liveblog_entry-sitemap34.xml
sitemap_index.xml,https://www.timesofisrael.com/liveblog_entry-sitemap35.xml,2016-01-03T12:09:23+00:00,liveblog_entry-sitemap35.xml
sitemap_index.xml,https://www.timesofisrael.com/liveblog_entry-sitemap36.xml,2016-01-19T12:31:38+00:00,liveblog_entry-sitemap36.xml
sitemap_index.xml,https://www.timesofisrael.com/liveblog_entry-sitemap37.xml,2016-02-08T17:18:44+00:00,liveblog_entry-sitemap37.xml
sitemap_index.xml,https://www.timesofisrael.com/liveblog_entry-sitemap38.xml,2016-02-29T13:42:43+00:00,liveblog_entry-sitemap38.xml
sitemap_index.xml,https://www.timesofisrael.com/liveblog_entry-sitemap39.xml,2016-03-20T14:25:34+00:00,liveblog_entry-sitemap39.xml
sitemap_index.xml,https://www.timesofisrael.com/liveblog_entry-sitemap40.xml,2016-04-06T13:21:59+00:00,liveblog_entry-sitemap40.xml
sitemap_index.xml,https://www.timesofisrael.com/liveblog_entry-sitemap41.xml,2016-05-02T16:06:58+00:00,liveblog_entry-sitemap41.xml
sitemap_index.xml,https://www.timesofisrael.com/liveblog_entry-sitemap42.xml,2016-05-22T17:04:34+00:00,liveblog_entry-sitemap42.xml
sitemap_index.xml,https://www.timesofisrael.com/liveblog_entry-sitemap43.xml,2016-06-09T14:44:12+00:00,liveblog_entry-sitemap43.xml
sitemap_index.xml,https://www.timesofisrael.com/liveblog_entry-sitemap44.xml,2016-07-03T11:17:23+00:00,liveblog_entry-sitemap44.xml
sitemap_index.xml,https://www.timesofisrael.com/liveblog_entry-sitemap45.xml,2016-07-25T11:03:52+00:00,liveblog_entry-sitemap45.xml
sitemap_index.xml,https://www.timesofisrael.com/liveblog_entry-sitemap46.xml,2016-08-16T13:44:09+00:00,liveblog_entry-sitemap46.xml
sitemap_index.xml,https://www.timesofisrael.com/liveblog_entry-sitemap47.xml,2016-09-11T11:14:01+00:00,liveblog_entry-sitemap47.xml
sitemap_index.xml,https://www.timesofisrael.com/liveblog_entry-sitemap48.xml,2016-09-30T07:32:30+00:00,liveblog_entry-sitemap48.xml
sitemap_index.xml,https://www.timesofisrael.com/liveblog_entry-sitemap49.xml,2016-11-03T12:10:31+00:00,liveblog_entry-sitemap49.xml
sitemap_index.xml,https://www.timesofisrael.com/liveblog_entry-sitemap50.xml,2016-11-22T12:08:24+00:00,liveblog_entry-sitemap50.xml
sitemap_index.xml,https://www.timesofisrael.com/liveblog_entry-sitemap51.xml,2016-12-08T18:04:45+00:00,liveblog_entry-sitemap51.xml
sitemap_index.xml,https://www.timesofisrael.com/liveblog_entry-sitemap52.xml,2017-01-01T12:39:36+00:00,liveblog_entry-sitemap52.xml
sitemap_index.xml,https://www.timesofisrael.com/liveblog_entry-sitemap53.xml,2017-01-19T17:41:43+00:00,liveblog_entry-sitemap53.xml
sitemap_index.xml,https://www.timesofisrael.com/liveblog_entry-sitemap54.xml,2017-02-08T12:18:42+00:00,liveblog_entry-sitemap54.xml
sitemap_index.xml,https://www.timesofisrael.com/liveblog_entry-sitemap55.xml,2017-03-02T15:48:47+00:00,liveblog_entry-sitemap55.xml
sitemap_index.xml,https://www.timesofisrael.com/liveblog_entry-sitemap56.xml,2017-03-23T16:54:05+00:00,liveblog_entry-sitemap56.xml
sitemap_index.xml,https://www.timesofisrael.com/liveblog_entry-sitemap57.xml,2017-04-19T13:56:56+00:00,liveblog_entry-sitemap57.xml
sitemap_index.xml,https://www.timesofisrael.com/liveblog_entry-sitemap58.xml,2017-05-15T14:01:38+00:00,liveblog_entry-sitemap58.xml
sitemap_index.xml,https://www.timesofisrael.com/liveblog_entry-sitemap59.xml,2017-06-04T13:05:45+00:00,liveblog_entry-sitemap59.xml
sitemap_index.xml,https://www.timesofisrael.com/liveblog_entry-sitemap60.xml,2017-06-26T16:58:34+00:00,liveblog_entry-sitemap60.xml
sitemap_index.xml,https://www.timesofisrael.com/liveblog_entry-sitemap61.xml,2017-07-20T13:28:53+00:00,liveblog_entry-sitemap61.xml
sitemap_index.xml,https://www.timesofisrael.com/liveblog_entry-sitemap62.xml,2017-08-14T11:15:39+00:00,liveblog_entry-sitemap62.xml
sitemap_index.xml,https://www.timesofisrael.com/liveblog_entry-sitemap63.xml,2017-09-05T14:51:45+00:00,liveblog_entry-sitemap63.xml
sitemap_index.xml,https://www.timesofisrael.com/liveblog_entry-sitemap64.xml,2017-10-02T12:50:39+00:00,liveblog_entry-sitemap64.xml
sitemap_index.xml,https://www.timesofisrael.com/liveblog_entry-sitemap65.xml,2017-10-30T13:09:23+00:00,liveblog_entry-sitemap65.xml
sitemap_index.xml,https://www.timesofisrael.com/liveblog_entry-sitemap66.xml,2017-11-23T12:14:55+00:00,liveblog_entry-sitemap66.xml
sitemap_index.xml,https://www.timesofisrael.com/liveblog_entry-sitemap67.xml,2017-12-11T18:15:54+00:00,liveblog_entry-sitemap67.xml
sitemap_index.xml,https://www.timesofisrael.com/liveblog_entry-sitemap68.xml,2018-01-02T18:06:12+00:00,liveblog_entry-sitemap68.xml
sitemap_index.xml,https://www.timesofisrael.com/liveblog_entry-sitemap69.xml,2018-01-24T18:11:07+00:00,liveblog_entry-sitemap69.xml
sitemap_index.xml,https://www.timesofisrael.com/liveblog_entry-sitemap70.xml,2018-02-15T19:28:11+00:00,liveblog_entry-sitemap70.xml
sitemap_index.xml,https://www.timesofisrael.com/liveblog_entry-sitemap71.xml,2018-03-11T16:02:22+00:00,liveblog_entry-sitemap71.xml
sitemap_index.xml,https://www.timesofisrael.com/liveblog_entry-sitemap72.xml,2018-04-02T15:16:28+00:00,liveblog_entry-sitemap72.xml
sitemap_index.xml,https://www.timesofisrael.com/liveblog_entry-sitemap73.xml,2018-04-26T10:59:44+00:00,liveblog_entry-sitemap73.xml
sitemap_index.xml,https://www.timesofisrael.com/liveblog_entry-sitemap74.xml,2018-05-14T12:23:31+00:00,liveblog_entry-sitemap74.xml
sitemap_index.xml,https://www.timesofisrael.com/liveblog_entry-sitemap75.xml,2018-06-01T17:25:06+00:00,liveblog_entry-sitemap75.xml
sitemap_index.xml,https://www.timesofisrael.com/liveblog_entry-sitemap76.xml,2018-06-26T12:27:23+00:00,liveblog_entry-sitemap76.xml
sitemap_index.xml,https://www.timesofisrael.com/liveblog_entry-sitemap77.xml,2018-07-19T12:46:47+00:00,liveblog_entry-sitemap77.xml
sitemap_index.xml,https://www.timesofisrael.com/liveblog_entry-sitemap78.xml,2018-08-09T17:42:56+00:00,liveblog_entry-sitemap78.xml
sitemap_index.xml,https://www.timesofisrael.com/liveblog_entry-sitemap79.xml,2018-09-04T18:13:26+00:00,liveblog_entry-sitemap79.xml
sitemap_index.xml,https://www.timesofisrael.com/liveblog_entry-sitemap80.xml,2018-10-09T15:05:04+00:00,liveblog_entry-sitemap80.xml
sitemap_index.xml,https://www.timesofisrael.com/liveblog_entry-sitemap81.xml,2018-10-30T09:10:57+00:00,liveblog_entry-sitemap81.xml
sitemap_index.xml,https://www.timesofisrael.com/liveblog_entry-sitemap82.xml,2018-11-13T12:52:27+00:00,liveblog_entry-sitemap82.xml
sitemap_index.xml,https://www.timesofisrael.com/liveblog_entry-sitemap83.xml,2018-12-04T16:10:21+00:00,liveblog_entry-sitemap83.xml
sitemap_index.xml,https://www.timesofisrael.com/liveblog_entry-sitemap84.xml,2018-12-25T16:44:59+00:00,liveblog_entry-sitemap84.xml
sitemap_index.xml,https://www.timesofisrael.com/liveblog_entry-sitemap85.xml,2019-01-20T15:22:27+00:00,liveblog_entry-sitemap85.xml
sitemap_index.xml,https://www.timesofisrael.com/liveblog_entry-sitemap86.xml,2019-02-12T19:39:27+00:00,liveblog_entry-sitemap86.xml
sitemap_index.xml,https://www.timesofisrael.com/liveblog_entry-sitemap87.xml,2019-03-06T14:39:57+00:00,liveblog_entry-sitemap87.xml
sitemap_index.xml,https://www.timesofisrael.com/liveblog_entry-sitemap88.xml,2019-03-25T15:13:37+00:00,liveblog_entry-sitemap88.xml
sitemap_index.xml,https://www.timesofisrael.com/liveblog_entry-sitemap89.xml,2019-04-10T07:02:55+00:00,liveblog_entry-sitemap89.xml
sitemap_index.xml,https://www.timesofisrael.com/liveblog_entry-sitemap90.xml,2019-05-04T16:54:48+00:00,liveblog_entry-sitemap90.xml
sitemap_index.xml,https://www.timesofisrael.com/liveblog_entry-sitemap91.xml,2019-05-18T19:51:39+00:00,liveblog_entry-sitemap91.xml
sitemap_index.xml,https://www.timesofisrael.com/liveblog_entry-sitemap92.xml,2019-06-06T15:22:03+00:00,liveblog_entry-sitemap92.xml
sitemap_index.xml,https://www.timesofisrael.com/liveblog_entry-sitemap93.xml,2019-07-02T11:51:17+00:00,liveblog_entry-sitemap93.xml
sitemap_index.xml,https://www.timesofisrael.com/liveblog_entry-sitemap94.xml,2019-07-24T18:13:41+00:00,liveblog_entry-sitemap94.xml
sitemap_index.xml,https://www.timesofisrael.com/liveblog_entry-sitemap95.xml,2019-08-20T16:46:04+00:00,liveblog_entry-sitemap95.xml
sitemap_index.xml,https://www.timesofisrael.com/liveblog_entry-sitemap96.xml,2019-09-11T17:43:51+00:00,liveblog_entry-sitemap96.xml
sitemap_index.xml,https://www.timesofisrael.com/liveblog_entry-sitemap97.xml,2019-10-03T12:29:30+00:00,liveblog_entry-sitemap97.xml
sitemap_index.xml,https://www.timesofisrael.com/liveblog_entry-sitemap98.xml,2019-11-05T13:02:16+00:00,liveblog_entry-sitemap98.xml
sitemap_index.xml,https://www.timesofisrael.com/liveblog_entry-sitemap99.xml,2019-11-17T14:24:05+00:00,liveblog_entry-sitemap99.xml
sitemap_index.xml,https://www.timesofisrael.com/liveblog_entry-sitemap100.xml,2019-12-08T12:18:41+00:00,liveblog_entry-sitemap100.xml
sitemap_index.xml,https://www.timesofisrael.com/liveblog_entry-sitemap101.xml,2019-12-29T05:10:12+00:00,liveblog_entry-sitemap101.xml
sitemap_index.xml,https://www.timesofisrael.com/liveblog_entry-sitemap102.xml,2020-01-15T18:19:48+00:00,liveblog_entry-sitemap102.xml
sitemap_index.xml,https://www.timesofisrael.com/liveblog_entry-sitemap103.xml,2020-02-04T14:15:53+00:00,liveblog_entry-sitemap103.xml
sitemap_index.xml,https://www.timesofisrael.com/liveblog_entry-sitemap104.xml,2020-02-26T18:29:16+00:00,liveblog_entry-sitemap104.xml
sitemap_index.xml,https://www.timesofisrael.com/liveblog_entry-sitemap105.xml,2020-03-12T16:23:32+00:00,liveblog_entry-sitemap105.xml
sitemap_index.xml,https://www.timesofisrael.com/liveblog_entry-sitemap106.xml,2020-03-21T18:07:22+00:00,liveblog_entry-sitemap106.xml
sitemap_index.xml,https://www.timesofisrael.com/liveblog_entry-sitemap107.xml,2020-03-29T19:55:29+00:00,liveblog_entry-sitemap107.xml
sitemap_index.xml,https://www.timesofisrael.com/liveblog_entry-sitemap108.xml,2020-04-06T10:26:13+00:00,liveblog_entry-sitemap108.xml
sitemap_index.xml,https://www.timesofisrael.com/liveblog_entry-sitemap109.xml,2020-04-16T18:59:16+00:00,liveblog_entry-sitemap109.xml
sitemap_index.xml,https://www.timesofisrael.com/liveblog_entry-sitemap110.xml,2020-04-26T13:48:54+00:00,liveblog_entry-sitemap110.xml
sitemap_index.xml,https://www.timesofisrael.com/liveblog_entry-sitemap111.xml,2020-05-05T11:16:40+00:00,liveblog_entry-sitemap111.xml
sitemap_index.xml,https://www.timesofisrael.com/liveblog_entry-sitemap112.xml,2020-05-17T14:00:59+00:00,liveblog_entry-sitemap112.xml
sitemap_index.xml,https://www.timesofisrael.com/liveblog_entry-sitemap113.xml,2020-05-30T18:50:45+00:00,liveblog_entry-sitemap113.xml
sitemap_index.xml,https://www.timesofisrael.com/liveblog_entry-sitemap114.xml,2020-06-16T17:00:47+00:00,liveblog_entry-sitemap114.xml
sitemap_index.xml,https://www.timesofisrael.com/liveblog_entry-sitemap115.xml,2020-07-02T19:26:31+00:00,liveblog_entry-sitemap115.xml
sitemap_index.xml,https://www.timesofisrael.com/liveblog_entry-sitemap116.xml,2020-07-20T11:40:18+00:00,liveblog_entry-sitemap116.xml
sitemap_index.xml,https://www.timesofisrael.com/liveblog_entry-sitemap117.xml,2020-08-05T11:38:57+00:00,liveblog_entry-sitemap117.xml
sitemap_index.xml,https://www.timesofisrael.com/liveblog_entry-sitemap118.xml,2020-08-20T18:26:47+00:00,liveblog_entry-sitemap118.xml
sitemap_index.xml,https://www.timesofisrael.com/liveblog_entry-sitemap119.xml,2020-09-07T10:51:32+00:00,liveblog_entry-sitemap119.xml
sitemap_index.xml,https://www.timesofisrael.com/liveblog_entry-sitemap120.xml,2020-09-23T12:21:15+00:00,liveblog_entry-sitemap120.xml
sitemap_index.xml,https://www.timesofisrael.com/liveblog_entry-sitemap121.xml,2020-10-12T11:42:26+00:00,liveblog_entry-sitemap121.xml
sitemap_index.xml,https://www.timesofisrael.com/liveblog_entry-sitemap122.xml,2020-10-29T16:33:58+00:00,liveblog_entry-sitemap122.xml
sitemap_index.xml,https://www.timesofisrael.com/liveblog_entry-sitemap123.xml,2020-11-07T19:54:49+00:00,liveblog_entry-sitemap123.xml
sitemap_index.xml,https://www.timesofisrael.com/liveblog_entry-sitemap124.xml,2020-11-23T19:06:45+00:00,liveblog_entry-sitemap124.xml
sitemap_index.xml,https://www.timesofisrael.com/liveblog_entry-sitemap125.xml,2020-12-14T14:05:12+00:00,liveblog_entry-sitemap125.xml
sitemap_index.xml,https://www.timesofisrael.com/liveblog_entry-sitemap126.xml,2020-12-31T13:38:39+00:00,liveblog_entry-sitemap126.xml
sitemap_index.xml,https://www.timesofisrael.com/liveblog_entry-sitemap127.xml,2021-01-13T18:06:11+00:00,liveblog_entry-sitemap127.xml
sitemap_index.xml,https://www.timesofisrael.com/liveblog_entry-sitemap128.xml,2021-01-31T16:41:45+00:00,liveblog_entry-sitemap128.xml
sitemap_index.xml,https://www.timesofisrael.com/liveblog_entry-sitemap129.xml,2021-02-18T15:39:28+00:00,liveblog_entry-sitemap129.xml
sitemap_index.xml,https://www.timesofisrael.com/liveblog_entry-sitemap130.xml,2021-03-10T16:46:27+00:00,liveblog_entry-sitemap130.xml
sitemap_index.xml,https://www.timesofisrael.com/liveblog_entry-sitemap131.xml,2021-03-29T17:53:03+00:00,liveblog_entry-sitemap131.xml
sitemap_index.xml,https://www.timesofisrael.com/liveblog_entry-sitemap132.xml,2021-04-18T17:51:39+00:00,liveblog_entry-sitemap132.xml
sitemap_index.xml,https://www.timesofisrael.com/liveblog_entry-sitemap133.xml,2021-05-03T11:53:40+00:00,liveblog_entry-sitemap133.xml
sitemap_index.xml,https://www.timesofisrael.com/liveblog_entry-sitemap134.xml,2021-05-11T20:59:13+00:00,liveblog_entry-sitemap134.xml
sitemap_index.xml,https://www.timesofisrael.com/liveblog_entry-sitemap135.xml,2021-05-15T12:48:45+00:00,liveblog_entry-sitemap135.xml
sitemap_index.xml,https://www.timesofisrael.com/liveblog_entry-sitemap136.xml,2021-05-19T13:47:33+00:00,liveblog_entry-sitemap136.xml
sitemap_index.xml,https://www.timesofisrael.com/liveblog_entry-sitemap137.xml,2021-05-31T10:52:45+00:00,liveblog_entry-sitemap137.xml
sitemap_index.xml,https://www.timesofisrael.com/liveblog_entry-sitemap138.xml,2021-06-13T21:02:12+00:00,liveblog_entry-sitemap138.xml
sitemap_index.xml,https://www.timesofisrael.com/liveblog_entry-sitemap139.xml,2021-06-29T17:59:25+00:00,liveblog_entry-sitemap139.xml
sitemap_index.xml,https://www.timesofisrael.com/liveblog_entry-sitemap140.xml,2021-07-19T11:45:14+00:00,liveblog_entry-sitemap140.xml
sitemap_index.xml,https://www.timesofisrael.com/liveblog_entry-sitemap141.xml,2021-08-07T20:19:47+00:00,liveblog_entry-sitemap141.xml
sitemap_index.xml,https://www.timesofisrael.com/liveblog_entry-sitemap142.xml,2021-08-26T13:48:01+00:00,liveblog_entry-sitemap142.xml
sitemap_index.xml,https://www.timesofisrael.com/liveblog_entry-sitemap143.xml,2021-09-22T13:26:14+00:00,liveblog_entry-sitemap143.xml
sitemap_index.xml,https://www.timesofisrael.com/liveblog_entry-sitemap144.xml,2021-10-16T17:43:55+00:00,liveblog_entry-sitemap144.xml
sitemap_index.xml,https://www.timesofisrael.com/liveblog_entry-sitemap145.xml,2021-11-09T16:14:46+00:00,liveblog_entry-sitemap145.xml
sitemap_index.xml,https://www.timesofisrael.com/liveblog_entry-sitemap146.xml,2021-12-01T15:23:46+00:00,liveblog_entry-sitemap146.xml
sitemap_index.xml,https://www.timesofisrael.com/liveblog_entry-sitemap147.xml,2021-12-22T18:57:56+00:00,liveblog_entry-sitemap147.xml
sitemap_index.xml,https://www.timesofisrael.com/liveblog_entry-sitemap148.xml,2022-01-15T18:43:20+00:00,liveblog_entry-sitemap148.xml
sitemap_index.xml,https://www.timesofisrael.com/liveblog_entry-sitemap149.xml,2022-02-03T16:18:46+00:00,liveblog_entry-sitemap149.xml
sitemap_index.xml,https://www.timesofisrael.com/liveblog_entry-sitemap150.xml,2022-02-23T18:43:27+00:00,liveblog_entry-sitemap150.xml
sitemap_index.xml,https://www.timesofisrael.com/liveblog_entry-sitemap151.xml,2022-03-01T10:08:33+00:00,liveblog_entry-sitemap151.xml
sitemap_index.xml,https://www.timesofisrael.com/liveblog_entry-sitemap152.xml,2022-03-07T04:23:20+00:00,liveblog_entry-sitemap152.xml
sitemap_index.xml,https://www.timesofisrael.com/liveblog_entry-sitemap153.xml,2022-03-12T22:48:17+00:00,liveblog_entry-sitemap153.xml
sitemap_index.xml,https://www.timesofisrael.com/liveblog_entry-sitemap154.xml,2022-03-19T18:59:04+00:00,liveblog_entry-sitemap154.xml
sitemap_index.xml,https://www.timesofisrael.com/liveblog_entry-sitemap155.xml,2022-03-27T05:53:29+00:00,liveblog_entry-sitemap155.xml
sitemap_index.xml,https://www.timesofisrael.com/liveblog_entry-sitemap156.xml,2022-04-05T17:55:19+00:00,liveblog_entry-sitemap156.xml
sitemap_index.xml,https://www.timesofisrael.com/liveblog_entry-sitemap157.xml,2022-04-24T15:23:42+00:00,liveblog_entry-sitemap157.xml
sitemap_index.xml,https://www.timesofisrael.com/liveblog_entry-sitemap158.xml,2022-05-11T18:57:53+00:00,liveblog_entry-sitemap158.xml
sitemap_index.xml,https://www.timesofisrael.com/liveblog_entry-sitemap159.xml,2022-05-31T17:34:34+00:00,liveblog_entry-sitemap159.xml
sitemap_index.xml,https://www.timesofisrael.com/liveblog_entry-sitemap160.xml,2022-06-27T15:42:47+00:00,liveblog_entry-sitemap160.xml
sitemap_index.xml,https://www.timesofisrael.com/liveblog_entry-sitemap161.xml,2022-07-15T11:22:53+00:00,liveblog_entry-sitemap161.xml
sitemap_index.xml,https://www.timesofisrael.com/liveblog_entry-sitemap162.xml,2022-08-05T19:17:25+00:00,liveblog_entry-sitemap162.xml
sitemap_index.xml,https://www.timesofisrael.com/liveblog_entry-sitemap163.xml,2022-08-18T15:14:23+00:00,liveblog_entry-sitemap163.xml
sitemap_index.xml,https://www.timesofisrael.com/liveblog_entry-sitemap164.xml,2022-09-13T17:34:07+00:00,liveblog_entry-sitemap164.xml
sitemap_index.xml,https://www.timesofisrael.com/liveblog_entry-sitemap165.xml,2022-10-19T17:54:13+00:00,liveblog_entry-sitemap165.xml
sitemap_index.xml,https://www.timesofisrael.com/liveblog_entry-sitemap166.xml,2022-11-06T15:01:18+00:00,liveblog_entry-sitemap166.xml
sitemap_index.xml,https://www.timesofisrael.com/liveblog_entry-sitemap167.xml,2022-11-28T13:11:13+00:00,liveblog_entry-sitemap167.xml
sitemap_index.xml,https://www.timesofisrael.com/liveblog_entry-sitemap168.xml,2022-12-25T12:13:04+00:00,liveblog_entry-sitemap168.xml
sitemap_index.xml,https://www.timesofisrael.com/liveblog_entry-sitemap169.xml,2023-01-17T16:27:06+00:00,liveblog_entry-sitemap169.xml
sitemap_index.xml,https://www.timesofisrael.com/liveblog_entry-sitemap170.xml,2023-02-07T16:06:02+00:00,liveblog_entry-sitemap170.xml
sitemap_index.xml,https://www.timesofisrael.com/liveblog_entry-sitemap171.xml,2023-02-27T14:44:22+00:00,liveblog_entry-sitemap171.xml
sitemap_index.xml,https://www.timesofisrael.com/liveblog_entry-sitemap172.xml,2023-03-16T13:59:15+00:00,liveblog_entry-sitemap172.xml
sitemap_index.xml,https://www.timesofisrael.com/liveblog_entry-sitemap173.xml,2023-03-30T12:16:41+00:00,liveblog_entry-sitemap173.xml
sitemap_index.xml,https://www.timesofisrael.com/liveblog_entry-sitemap174.xml,2023-04-18T14:05:44+00:00,liveblog_entry-sitemap174.xml
sitemap_index.xml,https://www.timesofisrael.com/liveblog_entry-sitemap175.xml,2023-05-09T09:09:48+00:00,liveblog_entry-sitemap175.xml
sitemap_index.xml,https://www.timesofisrael.com/liveblog_entry-sitemap176.xml,2023-05-18T11:49:50+00:00,liveblog_entry-sitemap176.xml
sitemap_index.xml,https://www.timesofisrael.com/liveblog_entry-sitemap177.xml,2023-06-12T13:38:47+00:00,liveblog_entry-sitemap177.xml
sitemap_index.xml,https://www.timesofisrael.com/liveblog_entry-sitemap178.xml,2023-07-03T10:05:47+00:00,liveblog_entry-sitemap178.xml
sitemap_index.xml,https://www.timesofisrael.com/liveblog_entry-sitemap179.xml,2023-07-18T13:15:34+00:00,liveblog_entry-sitemap179.xml
sitemap_index.xml,https://www.timesofisrael.com/liveblog_entry-sitemap180.xml,2023-08-02T21:53:49+00:00,liveblog_entry-sitemap180.xml
sitemap_index.xml,https://www.timesofisrael.com/liveblog_entry-sitemap181.xml,2023-08-29T11:05:11+00:00,liveblog_entry-sitemap181.xml
sitemap_index.xml,https://www.timesofisrael.com/liveblog_entry-sitemap182.xml,2023-09-19T16:13:45+00:00,liveblog_entry-sitemap182.xml
sitemap_index.xml,https://www.timesofisrael.com/liveblog_entry-sitemap183.xml,2023-10-07T19:29:34+00:00,liveblog_entry-sitemap183.xml
sitemap_index.xml,https://www.timesofisrael.com/liveblog_entry-sitemap184.xml,2023-10-10T20:49:46+00:00,liveblog_entry-sitemap184.xml
sitemap_index.xml,https://www.timesofisrael.com/liveblog_entry-sitemap185.xml,2023-10-14T19:44:05+00:00,liveblog_entry-sitemap185.xml
sitemap_index.xml,https://www.timesofisrael.com/liveblog_entry-sitemap186.xml,2023-10-18T19:46:51+00:00,liveblog_entry-sitemap186.xml
sitemap_index.xml,https://www.timesofisrael.com/liveblog_entry-sitemap187.xml,2023-10-24T04:21:45+00:00,liveblog_entry-sitemap187.xml
sitemap_index.xml,https://www.timesofisrael.com/liveblog_entry-sitemap188.xml,2023-10-29T14:41:00+00:00,liveblog_entry-sitemap188.xml
sitemap_index.xml,https://www.timesofisrael.com/liveblog_entry-sitemap189.xml,2023-11-04T02:31:04+00:00,liveblog_entry-sitemap189.xml
sitemap_index.xml,https://www.timesofisrael.com/liveblog_entry-sitemap190.xml,2023-11-09T20:14:22+00:00,liveblog_entry-sitemap190.xml
sitemap_index.xml,https://www.timesofisrael.com/liveblog_entry-sitemap191.xml,2023-11-16T15:46:51+00:00,liveblog_entry-sitemap191.xml
sitemap_index.xml,https://www.timesofisrael.com/liveblog_entry-sitemap192.xml,2023-11-23T08:06:07+00:00,liveblog_entry-sitemap192.xml
sitemap_index.xml,https://www.timesofisrael.com/liveblog_entry-sitemap193.xml,2023-11-29T18:01:42+00:00,liveblog_entry-sitemap193.xml
sitemap_index.xml,https://www.timesofisrael.com/liveblog_entry-sitemap194.xml,2023-12-06T06:00:22+00:00,liveblog_entry-sitemap194.xml
sitemap_index.xml,https://www.timesofisrael.com/liveblog_entry-sitemap195.xml,2023-12-13T15:52:25+00:00,liveblog_entry-sitemap195.xml
sitemap_index.xml,https://www.timesofisrael.com/liveblog_entry-sitemap196.xml,2023-12-21T09:01:11+00:00,liveblog_entry-sitemap196.xml
sitemap_index.xml,https://www.timesofisrael.com/liveblog_entry-sitemap197.xml,2023-12-30T17:46:05+00:00,liveblog_entry-sitemap197.xml
sitemap_index.xml,https://www.timesofisrael.com/liveblog_entry-sitemap198.xml,2024-01-07T17:59:12+00:00,liveblog_entry-sitemap198.xml
sitemap_index.xml,https://www.timesofisrael.com/liveblog_entry-sitemap199.xml,2024-01-15T10:02:01+00:00,liveblog_entry-sitemap199.xml
sitemap_index.xml,https://www.timesofisrael.com/liveblog_entry-sitemap200.xml,2024-01-22T13:29:24+00:00,liveblog_entry-sitemap200.xml
sitemap_index.xml,https://www.timesofisrael.com/liveblog_entry-sitemap201.xml,2024-01-29T17:10:46+00:00,liveblog_entry-sitemap201.xml
sitemap_index.xml,https://www.timesofisrael.com/liveblog_entry-sitemap202.xml,2024-02-06T16:47:54+00:00,liveblog_entry-sitemap202.xml
sitemap_index.xml,https://www.timesofisrael.com/liveblog_entry-sitemap203.xml,2024-02-13T17:31:17+00:00,liveblog_entry-sitemap203.xml
sitemap_index.xml,https://www.timesofisrael.com/liveblog_entry-sitemap204.xml,2024-02-21T11:36:53+00:00,liveblog_entry-sitemap204.xml
sitemap_index.xml,https://www.timesofisrael.com/liveblog_entry-sitemap205.xml,2024-02-28T12:31:46+00:00,liveblog_entry-sitemap205.xml
sitemap_index.xml,https://www.timesofisrael.com/liveblog_entry-sitemap206.xml,2024-03-06T19:54:06+00:00,liveblog_entry-sitemap206.xml
sitemap_index.xml,https://www.timesofisrael.com/liveblog_entry-sitemap207.xml,2024-03-14T17:29:38+00:00,liveblog_entry-sitemap207.xml
sitemap_index.xml,https://www.timesofisrael.com/liveblog_entry-sitemap208.xml,2024-03-21T20:12:21+00:00,liveblog_entry-sitemap208.xml
sitemap_index.xml,https://www.timesofisrael.com/liveblog_entry-sitemap209.xml,2024-03-29T17:14:09+00:00,liveblog_entry-sitemap209.xml
sitemap_index.xml,https://www.timesofisrael.com/liveblog_entry-sitemap210.xml,2024-04-05T17:59:02+00:00,liveblog_entry-sitemap210.xml
sitemap_index.xml,https://www.timesofisrael.com/liveblog_entry-sitemap211.xml,2024-04-13T15:22:04+00:00,liveblog_entry-sitemap211.xml
sitemap_index.xml,https://www.timesofisrael.com/liveblog_entry-sitemap212.xml,2024-04-18T15:50:15+00:00,liveblog_entry-sitemap212.xml
sitemap_index.xml,https://www.timesofisrael.com/liveblog_entry-sitemap213.xml,2024-04-26T12:15:28+00:00,liveblog_entry-sitemap213.xml
sitemap_index.xml,https://www.timesofisrael.com/liveblog_entry-sitemap214.xml,2024-05-04T16:09:13+00:00,liveblog_entry-sitemap214.xml
sitemap_index.xml,https://www.timesofisrael.com/liveblog_entry-sitemap215.xml,2024-05-10T11:30:23+00:00,liveblog_entry-sitemap215.xml
sitemap_index.xml,https://www.timesofisrael.com/liveblog_entry-sitemap216.xml,2024-05-17T07:02:36+00:00,liveblog_entry-sitemap216.xml
sitemap_index.xml,https://www.timesofisrael.com/liveblog_entry-sitemap217.xml,2024-05-23T18:15:03+00:00,liveblog_entry-sitemap217.xml
sitemap_index.xml,https://www.timesofisrael.com/liveblog_entry-sitemap218.xml,2024-05-31T19:18:38+00:00,liveblog_entry-sitemap218.xml
sitemap_index.xml,https://www.timesofisrael.com/liveblog_entry-sitemap219.xml,2024-06-08T10:52:45+00:00,liveblog_entry-sitemap219.xml
sitemap_index.xml,https://www.timesofisrael.com/liveblog_entry-sitemap220.xml,2024-06-14T16:56:03+00:00,liveblog_entry-sitemap220.xml
sitemap_index.xml,https://www.timesofisrael.com/liveblog_entry-sitemap221.xml,2024-06-23T16:19:46+00:00,liveblog_entry-sitemap221.xml
sitemap_index.xml,https://www.timesofisrael.com/liveblog_entry-sitemap222.xml,2024-07-01T10:29:11+00:00,liveblog_entry-sitemap222.xml
sitemap_index.xml,https://www.timesofisrael.com/liveblog_entry-sitemap223.xml,2024-07-08T15:51:11+00:00,liveblog_entry-sitemap223.xml
sitemap_index.xml,https://www.timesofisrael.com/liveblog_entry-sitemap224.xml,2024-07-16T01:33:00+00:00,liveblog_entry-sitemap224.xml
sitemap_index.xml,https://www.timesofisrael.com/liveblog_entry-sitemap225.xml,2024-07-22T09:16:37+00:00,liveblog_entry-sitemap225.xml
sitemap_index.xml,https://www.timesofisrael.com/liveblog_entry-sitemap226.xml,2024-07-28T10:28:38+00:00,liveblog_entry-sitemap226.xml
sitemap_index.xml,https://www.timesofisrael.com/liveblog_entry-sitemap227.xml,2024-08-02T10:29:06+00:00,liveblog_entry-sitemap227.xml
sitemap_index.xml,https://www.timesofisrael.com/liveblog_entry-sitemap228.xml,2024-08-08T13:19:31+00:00,liveblog_entry-sitemap228.xml
sitemap_index.xml,https://www.timesofisrael.com/liveblog_entry-sitemap229.xml,2024-08-15T18:18:45+00:00,liveblog_entry-sitemap229.xml
sitemap_index.xml,https://www.timesofisrael.com/liveblog_entry-sitemap230.xml,2024-08-23T11:27:39+00:00,liveblog_entry-sitemap230.xml
sitemap_index.xml,https://www.timesofisrael.com/liveblog_entry-sitemap231.xml,2024-08-30T15:16:30+00:00,liveblog_entry-sitemap231.xml
sitemap_index.xml,https://www.timesofisrael.com/liveblog_entry-sitemap232.xml,2024-09-06T07:56:51+00:00,liveblog_entry-sitemap232.xml
sitemap_index.xml,https://www.timesofisrael.com/liveblog_entry-sitemap233.xml,2024-09-13T16:15:46+00:00,liveblog_entry-sitemap233.xml
sitemap_index.xml,https://www.timesofisrael.com/liveblog_entry-sitemap234.xml,2024-09-20T12:35:05+00:00,liveblog_entry-sitemap234.xml
sitemap_index.xml,https://www.timesofisrael.com/liveblog_entry-sitemap235.xml,2024-09-25T15:53:13+00:00,liveblog_entry-sitemap235.xml
sitemap_index.xml,https://www.timesofisrael.com/liveblog_entry-sitemap236.xml,2024-09-30T16:37:04+00:00,liveblog_entry-sitemap236.xml
sitemap_index.xml,https://www.timesofisrael.com/liveblog_entry-sitemap237.xml,2024-10-05T17:18:47+00:00,liveblog_entry-sitemap237.xml
sitemap_index.xml,https://www.timesofisrael.com/liveblog_entry-sitemap238.xml,2024-10-11T13:41:30+00:00,liveblog_entry-sitemap238.xml
sitemap_index.xml,https://www.timesofisrael.com/liveblog_entry-sitemap239.xml,2024-10-18T10:11:37+00:00,liveblog_entry-sitemap239.xml
sitemap_index.xml,https://www.timesofisrael.com/liveblog_entry-sitemap240.xml,2024-10-24T15:16:57+00:00,liveblog_entry-sitemap240.xml
sitemap_index.xml,https://www.timesofisrael.com/liveblog_entry-sitemap241.xml,2024-10-30T20:12:30+00:00,liveblog_entry-sitemap241.xml
sitemap_index.xml,https://www.timesofisrael.com/liveblog_entry-sitemap242.xml,2024-11-06T12:22:23+00:00,liveblog_entry-sitemap242.xml
sitemap_index.xml,https://www.timesofisrael.com/liveblog_entry-sitemap243.xml,2024-11-12T19:13:03+00:00,liveblog_entry-sitemap243.xml
sitemap_index.xml,https://www.timesofisrael.com/liveblog_entry-sitemap244.xml,2024-11-19T13:43:36+00:00,liveblog_entry-sitemap244.xml
sitemap_index.xml,https://www.timesofisrael.com/liveblog_entry-sitemap245.xml,2024-11-26T09:51:54+00:00,liveblog_entry-sitemap245.xml
sitemap_index.xml,https://www.timesofisrael.com/liveblog_entry-sitemap246.xml,2024-12-03T19:21:58+00:00,liveblog_entry-sitemap246.xml
sitemap_index.xml,https://www.timesofisrael.com/liveblog_entry-sitemap247.xml,2024-12-10T20:51:28+00:00,liveblog_entry-sitemap247.xml
sitemap_index.xml,https://www.timesofisrael.com/liveblog_entry-sitemap248.xml,2024-12-19T13:28:26+00:00,liveblog_entry-sitemap248.xml
sitemap_index.xml,https://www.timesofisrael.com/liveblog_entry-sitemap249.xml,2024-12-29T04:10:14+00:00,liveblog_entry-sitemap249.xml
sitemap_index.xml,https://www.timesofisrael.com/liveblog_entry-sitemap250.xml,2025-01-07T05:37:22+00:00,liveblog_entry-sitemap250.xml
sitemap_index.xml,https://www.timesofisrael.com/liveblog_entry-sitemap251.xml,2025-01-14T21:31:34+00:00,liveblog_entry-sitemap251.xml
sitemap_index.xml,https://www.timesofisrael.com/liveblog_entry-sitemap252.xml,2025-01-20T19:40:12+00:00,liveblog_entry-sitemap252.xml
sitemap_index.xml,https://www.timesofisrael.com/liveblog_entry-sitemap253.xml,2025-01-27T14:13:44+00:00,liveblog_entry-sitemap253.xml
sitemap_index.xml,https://www.timesofisrael.com/liveblog_entry-sitemap254.xml,2025-02-03T20:37:10+00:00,liveblog_entry-sitemap254.xml
sitemap_index.xml,https://www.timesofisrael.com/liveblog_entry-sitemap255.xml,2025-02-11T03:07:18+00:00,liveblog_entry-sitemap255.xml
sitemap_index.xml,https://www.timesofisrael.com/liveblog_entry-sitemap256.xml,2025-02-17T19:15:51+00:00,liveblog_entry-sitemap256.xml
sitemap_index.xml,https://www.timesofisrael.com/liveblog_entry-sitemap257.xml,2025-02-24T14:55:24+00:00,liveblog_entry-sitemap257.xml
sitemap_index.xml,https://www.timesofisrael.com/liveblog_entry-sitemap258.xml,2025-03-04T11:35:09+00:00,liveblog_entry-sitemap258.xml
sitemap_index.xml,https://www.timesofisrael.com/liveblog_entry-sitemap259.xml,2025-03-12T22:35:32+00:00,liveblog_entry-sitemap259.xml
sitemap_index.xml,https://www.timesofisrael.com/liveblog_entry-sitemap260.xml,2025-03-19T21:23:47+00:00,liveblog_entry-sitemap260.xml
sitemap_index.xml,https://www.timesofisrael.com/liveblog_entry-sitemap261.xml,2025-03-26T19:06:28+00:00,liveblog_entry-sitemap261.xml
sitemap_index.xml,https://www.timesofisrael.com/liveblog_entry-sitemap262.xml,2025-04-03T09:57:51+00:00,liveblog_entry-sitemap262.xml
sitemap_index.xml,https://www.timesofisrael.com/liveblog_entry-sitemap263.xml,2025-04-11T10:20:50+00:00,liveblog_entry-sitemap263.xml
sitemap_index.xml,https://www.timesofisrael.com/liveblog_entry-sitemap264.xml,2025-04-20T12:58:45+00:00,liveblog_entry-sitemap264.xml
sitemap_index.xml,https://www.timesofisrael.com/liveblog_entry-sitemap265.xml,2025-04-28T11:40:53+00:00,liveblog_entry-sitemap265.xml
sitemap_index.xml,https://www.timesofisrael.com/liveblog_entry-sitemap266.xml,2025-05-05T14:45:46+00:00,liveblog_entry-sitemap266.xml
sitemap_index.xml,https://www.timesofisrael.com/liveblog_entry-sitemap267.xml,2025-05-12T15:57:34+00:00,liveblog_entry-sitemap267.xml
sitemap_index.xml,https://www.timesofisrael.com/liveblog_entry-sitemap268.xml,2025-05-19T05:55:35+00:00,liveblog_entry-sitemap268.xml
sitemap_index.xml,https://www.timesofisrael.com/liveblog_entry-sitemap269.xml,2025-05-26T02:18:08+00:00,liveblog_entry-sitemap269.xml
sitemap_index.xml,https://www.timesofisrael.com/liveblog_entry-sitemap270.xml,2025-06-03T10:18:08+00:00,liveblog_entry-sitemap270.xml
sitemap_index.xml,https://www.timesofisrael.com/liveblog_entry-sitemap271.xml,2025-06-10T17:29:05+00:00,liveblog_entry-sitemap271.xml
sitemap_index.xml,https://www.timesofisrael.com/liveblog_entry-sitemap272.xml,2025-06-14T13:00:31+00:00,liveblog_entry-sitemap272.xml
sitemap_index.xml,https://www.timesofisrael.com/liveblog_entry-sitemap273.xml,2025-06-17T13:09:58+00:00,liveblog_entry-sitemap273.xml
sitemap_index.xml,https://www.timesofisrael.com/liveblog_entry-sitemap274.xml,2025-06-21T07:01:48+00:00,liveblog_entry-sitemap274.xml
sitemap_index.xml,https://www.timesofisrael.com/liveblog_entry-sitemap275.xml,2025-06-24T14:08:37+00:00,liveblog_entry-sitemap275.xml
sitemap_index.xml,https://www.timesofisrael.com/liveblog_entry-sitemap276.xml,2025-07-01T15:28:02+00:00,liveblog_entry-sitemap276.xml
sitemap_index.xml,https://www.timesofisrael.com/liveblog_entry-sitemap277.xml,2025-07-08T23:54:47+00:00,liveblog_entry-sitemap277.xml
sitemap_index.xml,https://www.timesofisrael.com/liveblog_entry-sitemap278.xml,2025-07-16T13:40:20+00:00,liveblog_entry-sitemap278.xml
sitemap_index.xml,https://www.timesofisrael.com/liveblog_entry-sitemap279.xml,2025-07-23T19:24:12+00:00,liveblog_entry-sitemap279.xml
sitemap_index.xml,https://www.timesofisrael.com/liveblog_entry-sitemap280.xml,2025-07-31T04:12:44+00:00,liveblog_entry-sitemap280.xml
sitemap_index.xml,https://www.timesofisrael.com/liveblog_entry-sitemap281.xml,2025-08-08T08:02:39+00:00,liveblog_entry-sitemap281.xml
sitemap_index.xml,https://www.timesofisrael.com/liveblog_entry-sitemap282.xml,2025-08-15T13:57:00+00:00,liveblog_entry-sitemap282.xml
sitemap_index.xml,https://www.timesofisrael.com/liveblog_entry-sitemap283.xml,2025-08-24T10:52:37+00:00,liveblog_entry-sitemap283.xml
sitemap_index.xml,https://www.timesofisrael.com/liveblog_entry-sitemap284.xml,2025-09-01T13:06:54+00:00,liveblog_entry-sitemap284.xml
sitemap_index.xml,https://www.timesofisrael.com/liveblog_entry-sitemap285.xml,2025-09-08T20:34:44+00:00,liveblog_entry-sitemap285.xml
sitemap_index.xml,https://www.timesofisrael.com/liveblog_entry-sitemap286.xml,2025-09-15T13:58:07+00:00,liveblog_entry-sitemap286.xml
sitemap_index.xml,https://www.timesofisrael.com/liveblog_entry-sitemap287.xml,2025-09-22T15:33:13+00:00,liveblog_entry-sitemap287.xml
sitemap_index.xml,https://www.timesofisrael.com/liveblog_entry-sitemap288.xml,2025-09-29T08:42:41+00:00,liveblog_entry-sitemap288.xml
sitemap_index.xml,https://www.timesofisrael.com/liveblog_entry-sitemap289.xml,2025-10-05T18:26:02+00:00,liveblog_entry-sitemap289.xml
sitemap_index.xml,https://www.timesofisrael.com/liveblog_entry-sitemap290.xml,2025-10-11T22:28:38+00:00,liveblog_entry-sitemap290.xml
sitemap_index.xml,https://www.timesofisrael.com/liveblog_entry-sitemap291.xml,2025-10-15T19:19:22+00:00,liveblog_entry-sitemap291.xml
sitemap_index.xml,https://www.timesofisrael.com/liveblog_entry-sitemap292.xml,2025-10-22T18:55:55+00:00,liveblog_entry-sitemap292.xml
sitemap_index.xml,https://www.timesofisrael.com/liveblog_entry-sitemap293.xml,2025-10-30T18:44:58+00:00,liveblog_entry-sitemap293.xml
sitemap_index.xml,https://www.timesofisrael.com/liveblog_entry-sitemap294.xml,2025-11-07T19:57:30+00:00,liveblog_entry-sitemap294.xml
sitemap_index.xml,https://www.timesofisrael.com/liveblog_entry-sitemap295.xml,2025-11-16T11:30:41+00:00,liveblog_entry-sitemap295.xml
sitemap_index.xml,https://www.timesofisrael.com/liveblog_entry-sitemap296.xml,2025-11-24T15:11:14+00:00,liveblog_entry-sitemap296.xml
sitemap_index.xml,https://www.timesofisrael.com/liveblog_entry-sitemap297.xml,2025-12-02T14:17:49+00:00,liveblog_entry-sitemap297.xml
sitemap_index.xml,https://www.timesofisrael.com/liveblog_entry-sitemap298.xml,2025-12-10T20:54:44+00:00,liveblog_entry-sitemap298.xml
sitemap_index.xml,https://www.timesofisrael.com/liveblog_entry-sitemap299.xml,2025-12-18T13:21:35+00:00,liveblog_entry-sitemap299.xml
sitemap_index.xml,https://www.timesofisrael.com/liveblog_entry-sitemap300.xml,2025-12-28T07:58:00+00:00,liveblog_entry-sitemap300.xml
sitemap_index.xml,https://www.timesofisrael.com/liveblog_entry-sitemap301.xml,2026-01-05T15:02:21+00:00,liveblog_entry-sitemap301.xml
sitemap_index.xml,https://www.timesofisrael.com/liveblog_entry-sitemap302.xml,2026-01-13T13:58:17+00:00,liveblog_entry-sitemap302.xml
sitemap_index.xml,https://www.timesofisrael.com/liveblog_entry-sitemap303.xml,2026-01-21T09:16:26+00:00,liveblog_entry-sitemap303.xml
sitemap_index.xml,https://www.timesofisrael.com/liveblog_entry-sitemap304.xml,2026-01-29T05:47:24+00:00,liveblog_entry-sitemap304.xml
sitemap_index.xml,https://www.timesofisrael.com/liveblog_entry-sitemap305.xml,2026-02-06T04:19:21+00:00,liveblog_entry-sitemap305.xml
sitemap_index.xml,https://www.timesofisrael.com/liveblog_entry-sitemap306.xml,2026-02-15T10:55:07+00:00,liveblog_entry-sitemap306.xml
sitemap_index.xml,https://www.timesofisrael.com/liveblog_entry-sitemap307.xml,2026-02-22T21:55:05+00:00,liveblog_entry-sitemap307.xml
sitemap_index.xml,https://www.timesofisrael.com/liveblog_entry-sitemap308.xml,2026-02-28T16:44:33+00:00,liveblog_entry-sitemap308.xml
sitemap_index.xml,https://www.timesofisrael.com/liveblog_entry-sitemap309.xml,2026-03-03T03:11:09+00:00,liveblog_entry-sitemap309.xml
sitemap_index.xml,https://www.timesofisrael.com/liveblog_entry-sitemap310.xml,2026-03-05T18:15:50+00:00,liveblog_entry-sitemap310.xml
sitemap_index.xml,https://www.timesofisrael.com/liveblog_entry-sitemap311.xml,2026-03-09T09:59:32+00:00,liveblog_entry-sitemap311.xml
sitemap_index.xml,https://www.timesofisrael.com/liveblog_entry-sitemap312.xml,2026-03-12T17:30:40+00:00,liveblog_entry-sitemap312.xml
sitemap_index.xml,https://www.timesofisrael.com/liveblog_entry-sitemap313.xml,2026-03-17T02:24:53+00:00,liveblog_entry-sitemap313.xml
sitemap_index.xml,https://www.timesofisrael.com/liveblog_entry-sitemap314.xml,2026-03-20T15:31:05+00:00,liveblog_entry-sitemap314.xml
sitemap_index.xml,https://www.timesofisrael.com/liveblog_entry-sitemap315.xml,2026-03-24T17:55:51+00:00,liveblog_entry-sitemap315.xml
sitemap_index.xml,https://www.timesofisrael.com/liveblog_entry-sitemap316.xml,2026-03-29T06:54:20+00:00,liveblog_entry-sitemap316.xml
sitemap_index.xml,https://www.timesofisrael.com/liveblog_entry-sitemap317.xml,2026-04-02T12:27:25+00:00,liveblog_entry-sitemap317.xml
sitemap_index.xml,https://www.timesofisrael.com/liveblog_entry-sitemap318.xml,2026-04-07T09:47:41+00:00,liveblog_entry-sitemap318.xml
sitemap_index.xml,https://www.timesofisrael.com/liveblog_entry-sitemap319.xml,2026-04-11T21:27:47+00:00,liveblog_entry-sitemap319.xml
sitemap_index.xml,https://www.timesofisrael.com/liveblog_entry-sitemap320.xml,2026-04-17T16:57:32+00:00,liveblog_entry-sitemap320.xml
sitemap_index.xml,https://www.timesofisrael.com/liveblog_entry-sitemap321.xml,2026-04-23T22:30:49+00:00,liveblog_entry-sitemap321.xml
sitemap_index.xml,https://www.timesofisrael.com/liveblog_entry-sitemap322.xml,2026-04-30T05:29:30+00:00,liveblog_entry-sitemap322.xml
sitemap_index.xml,https://www.timesofisrael.com/liveblog_entry-sitemap323.xml,2026-05-06T13:14:02+00:00,liveblog_entry-sitemap323.xml
sitemap_index.xml,https://www.timesofisrael.com/liveblog_entry-sitemap324.xml,2026-05-13T15:02:05+00:00,liveblog_entry-sitemap324.xml
sitemap_index.xml,https://www.timesofisrael.com/liveblog_entry-sitemap325.xml,2026-05-20T10:37:17+00:00,liveblog_entry-sitemap325.xml
sitemap_index.xml,https://www.timesofisrael.com/liveblog_entry-sitemap326.xml,2026-05-26T18:51:19+00:00,liveblog_entry-sitemap326.xml
sitemap_index.xml,https://www.timesofisrael.com/liveblog_entry-sitemap327.xml,2026-06-02T14:50:01+00:00,liveblog_entry-sitemap327.xml
sitemap_index.xml,https://www.timesofisrael.com/liveblog_entry-sitemap328.xml,2026-06-09T11:03:16+00:00,liveblog_entry-sitemap328.xml
sitemap_index.xml,https://www.timesofisrael.com/liveblog_entry-sitemap329.xml,2026-06-15T16:57:45+00:00,liveblog_entry-sitemap329.xml
sitemap_index.xml,https://www.timesofisrael.com/liveblog_entry-sitemap330.xml,2026-06-23T07:01:30+00:00,liveblog_entry-sitemap330.xml
sitemap_index.xml,https://www.timesofisrael.com/liveblog_entry-sitemap331.xml,2026-07-01T13:55:12+00:00,liveblog_entry-sitemap331.xml
sitemap_index.xml,https://www.timesofisrael.com/liveblog_entry-sitemap332.xml,2026-07-09T14:20:20+00:00,liveblog_entry-sitemap332.xml
sitemap_index.xml,https://www.timesofisrael.com/liveblog_entry-sitemap333.xml,2026-07-16T15:42:29+00:00,liveblog_entry-sitemap333.xml
sitemap_index.xml,https://www.timesofisrael.com/liveblog_entry-sitemap334.xml,2026-07-23T19:03:34+00:00,liveblog_entry-sitemap334.xml
sitemap_index.xml,https://www.timesofisrael.com/liveblog_entry-sitemap335.xml,2026-07-30T22:41:02+00:00,liveblog_entry-sitemap335.xml
sitemap_index.xml,https://www.timesofisrael.com/liveblog_entry-sitemap336.xml,2026-08-08T19:43:26+00:00,liveblog_entry-sitemap336.xml
sitemap_index.xml,https://www.timesofisrael.com/liveblog_entry-sitemap337.xml,2026-08-18T06:16:48+00:00,liveblog_entry-sitemap337.xml
sitemap_index.xml,https://www.timesofisrael.com/liveblog_entry-sitemap338.xml,2026-08-21T22:01:10+00:00,liveblog_entry-sitemap338.xml
sitemap_index.xml,https://www.timesofisrael.com/category-sitemap.xml,2026-08-21T23:45:51+00:00,category-sitemap.xml
sitemap_index.xml,https://www.timesofisrael.com/post_tag-sitemap.xml,2026-08-21T23:45:51+00:00,post_tag-sitemap.xml
sitemap_index.xml,https://www.timesofisrael.com/post_tag-sitemap2.xml,2026-08-21T07:45:00+00:00,post_tag-sitemap2.xml
sitemap_index.xml,https://www.timesofisrael.com/post_tag-sitemap3.xml,2026-08-21T07:59:39+00:00,post_tag-sitemap3.xml
sitemap_index.xml,https://www.timesofisrael.com/post_tag-sitemap4.xml,2026-08-21T07:59:39+00:00,post_tag-sitemap4.xml
sitemap_index.xml,https://www.timesofisrael.com/post_tag-sitemap5.xml,2026-08-21T22:43:09+00:00,post_tag-sitemap5.xml
sitemap_index.xml,https://www.timesofisrael.com/post_tag-sitemap6.xml,2026-08-20T13:28:30+00:00,post_tag-sitemap6.xml
sitemap_index.xml,https://www.timesofisrael.com/post_tag-sitemap7.xml,2026-08-21T07:58:42+00:00,post_tag-sitemap7.xml
sitemap_index.xml,https://www.timesofisrael.com/post_tag-sitemap8.xml,2026-08-21T21:21:14+00:00,post_tag-sitemap8.xml
sitemap_index.xml,https://www.timesofisrael.com/post_tag-sitemap9.xml,2026-08-21T07:45:00+00:00,post_tag-sitemap9.xml
sitemap_index.xml,https://www.timesofisrael.com/post_tag-sitemap10.xml,2026-08-21T04:55:19+00:00,post_tag-sitemap10.xml
sitemap_index.xml,https://www.timesofisrael.com/post_tag-sitemap11.xml,2026-08-20T16:18:09+00:00,post_tag-sitemap11.xml
sitemap_index.xml,https://www.timesofisrael.com/post_tag-sitemap12.xml,2026-08-19T22:17:41+00:00,post_tag-sitemap12.xml
sitemap_index.xml,https://www.timesofisrael.com/post_tag-sitemap13.xml,2026-08-21T22:43:09+00:00,post_tag-sitemap13.xml
sitemap_index.xml,https://www.timesofisrael.com/post_tag-sitemap14.xml,2026-08-21T07:59:39+00:00,post_tag-sitemap14.xml
sitemap_index.xml,https://www.timesofisrael.com/post_tag-sitemap15.xml,2026-08-21T23:45:51+00:00,post_tag-sitemap15.xml
sitemap_index.xml,https://www.timesofisrael.com/post_tag-sitemap16.xml,2026-08-21T20:51:57+00:00,post_tag-sitemap16.xml
sitemap_index.xml,https://www.timesofisrael.com/post_tag-sitemap17.xml,2026-08-20T21:44:08+00:00,post_tag-sitemap17.xml
sitemap_index.xml,https://www.timesofisrael.com/post_tag-sitemap18.xml,2026-08-21T07:45:00+00:00,post_tag-sitemap18.xml
sitemap_index.xml,https://www.timesofisrael.com/post_tag-sitemap19.xml,2026-08-21T21:21:14+00:00,post_tag-sitemap19.xml
sitemap_index.xml,https://www.timesofisrael.com/post_tag-sitemap20.xml,2026-08-21T11:59:07+00:00,post_tag-sitemap20.xml
sitemap_index.xml,https://www.timesofisrael.com/post_tag-sitemap21.xml,2026-08-20T13:28:30+00:00,post_tag-sitemap21.xml
sitemap_index.xml,https://www.timesofisrael.com/post_tag-sitemap22.xml,2026-08-20T11:32:31+00:00,post_tag-sitemap22.xml
sitemap_index.xml,https://www.timesofisrael.com/post_tag-sitemap23.xml,2026-08-21T20:05:43+00:00,post_tag-sitemap23.xml
sitemap_index.xml,https://www.timesofisrael.com/post_tag-sitemap24.xml,2026-08-21T20:17:32+00:00,post_tag-sitemap24.xml
sitemap_index.xml,https://www.timesofisrael.com/post_tag-sitemap25.xml,2026-08-21T19:52:22+00:00,post_tag-sitemap25.xml
sitemap_index.xml,https://www.timesofisrael.com/post_tag-sitemap26.xml,2026-08-21T23:45:51+00:00,post_tag-sitemap26.xml
sitemap_index.xml,https://www.timesofisrael.com/post_tag-sitemap27.xml,2026-08-21T21:21:14+00:00,post_tag-sitemap27.xml
sitemap_index.xml,https://www.timesofisrael.com/post_tag-sitemap28.xml,2026-08-21T15:57:20+00:00,post_tag-sitemap28.xml
sitemap_index.xml,https://www.timesofisrael.com/post_tag-sitemap29.xml,2026-08-21T15:45:13+00:00,post_tag-sitemap29.xml
sitemap_index.xml,https://www.timesofisrael.com/post_tag-sitemap30.xml,2026-08-20T13:59:54+00:00,post_tag-sitemap30.xml
sitemap_index.xml,https://www.timesofisrael.com/post_tag-sitemap31.xml,2026-08-21T06:39:53+00:00,post_tag-sitemap31.xml
sitemap_index.xml,https://www.timesofisrael.com/post_tag-sitemap32.xml,2026-08-20T17:43:10+00:00,post_tag-sitemap32.xml
sitemap_index.xml,https://www.timesofisrael.com/post_tag-sitemap33.xml,2026-08-20T21:39:31+00:00,post_tag-sitemap33.xml
sitemap_index.xml,https://www.timesofisrael.com/post_tag-sitemap34.xml,2026-08-21T21:35:47+00:00,post_tag-sitemap34.xml
sitemap_index.xml,https://www.timesofisrael.com/post_tag-sitemap35.xml,2026-08-20T21:44:08+00:00,post_tag-sitemap35.xml
sitemap_index.xml,https://www.timesofisrael.com/post_tag-sitemap36.xml,2026-08-21T08:41:37+00:00,post_tag-sitemap36.xml
sitemap_index.xml,https://www.timesofisrael.com/post_tag-sitemap37.xml,2026-08-21T21:21:14+00:00,post_tag-sitemap37.xml
sitemap_index.xml,https://www.timesofisrael.com/post_tag-sitemap38.xml,2026-08-21T19:10:52+00:00,post_tag-sitemap38.xml
sitemap_index.xml,https://www.timesofisrael.com/post_tag-sitemap39.xml,2026-08-21T07:58:42+00:00,post_tag-sitemap39.xml
sitemap_index.xml,https://www.timesofisrael.com/post_tag-sitemap40.xml,2026-08-21T05:07:56+00:00,post_tag-sitemap40.xml
sitemap_index.xml,https://www.timesofisrael.com/post_tag-sitemap41.xml,2026-08-20T21:51:12+00:00,post_tag-sitemap41.xml
sitemap_index.xml,https://www.timesofisrael.com/post_tag-sitemap42.xml,2026-08-21T11:59:07+00:00,post_tag-sitemap42.xml
sitemap_index.xml,https://www.timesofisrael.com/post_tag-sitemap43.xml,2026-08-21T05:17:16+00:00,post_tag-sitemap43.xml
sitemap_index.xml,https://www.timesofisrael.com/post_tag-sitemap44.xml,2026-08-21T08:41:37+00:00,post_tag-sitemap44.xml
sitemap_index.xml,https://www.timesofisrael.com/post_tag-sitemap45.xml,2026-08-21T15:45:13+00:00,post_tag-sitemap45.xml
sitemap_index.xml,https://www.timesofisrael.com/post_tag-sitemap46.xml,2026-08-21T18:40:47+00:00,post_tag-sitemap46.xml
sitemap_index.xml,https://www.timesofisrael.com/post_tag-sitemap47.xml,2026-08-19T03:41:54+00:00,post_tag-sitemap47.xml
sitemap_index.xml,https://www.timesofisrael.com/post_tag-sitemap48.xml,2026-08-20T20:54:46+00:00,post_tag-sitemap48.xml
sitemap_index.xml,https://www.timesofisrael.com/post_tag-sitemap49.xml,2026-08-21T20:05:43+00:00,post_tag-sitemap49.xml
sitemap_index.xml,https://www.timesofisrael.com/post_tag-sitemap50.xml,2026-08-21T11:59:07+00:00,post_tag-sitemap50.xml
sitemap_index.xml,https://www.timesofisrael.com/post_tag-sitemap51.xml,2026-08-20T21:44:08+00:00,post_tag-sitemap51.xml
sitemap_index.xml,https://www.timesofisrael.com/post_tag-sitemap52.xml,2026-08-21T23:45:51+00:00,post_tag-sitemap52.xml
sitemap_index.xml,https://www.timesofisrael.com/post_tag-sitemap53.xml,2026-08-21T07:11:43+00:00,post_tag-sitemap53.xml
sitemap_index.xml,https://www.timesofisrael.com/post_tag-sitemap54.xml,2026-08-21T14:20:12+00:00,post_tag-sitemap54.xml
sitemap_index.xml,https://www.timesofisrael.com/post_tag-sitemap55.xml,2026-08-21T21:21:14+00:00,post_tag-sitemap55.xml
sitemap_index.xml,https://www.timesofisrael.com/post_tag-sitemap56.xml,2026-08-21T22:43:09+00:00,post_tag-sitemap56.xml
sitemap_index.xml,https://www.timesofisrael.com/post_tag-sitemap57.xml,2026-08-21T20:51:57+00:00,post_tag-sitemap57.xml
sitemap_index.xml,https://www.timesofisrael.com/post_tag-sitemap58.xml,2026-08-21T20:51:57+00:00,post_tag-sitemap58.xml
sitemap_index.xml,https://www.timesofisrael.com/post_tag-sitemap59.xml,2026-08-21T20:51:57+00:00,post_tag-sitemap59.xml
sitemap_index.xml,https://www.timesofisrael.com/post_tag-sitemap60.xml,2026-08-21T15:57:20+00:00,post_tag-sitemap60.xml
sitemap_index.xml,https://www.timesofisrael.com/post_tag-sitemap61.xml,2026-08-21T05:07:56+00:00,post_tag-sitemap61.xml
sitemap_index.xml,https://www.timesofisrael.com/writers-sitemap.xml,2026-08-21T22:43:09+00:00,writers-sitemap.xml
sitemap_index.xml,https://www.timesofisrael.com/writers-sitemap2.xml,2026-08-21T22:01:10+00:00,writers-sitemap2.xml
sitemap_index.xml,https://www.timesofisrael.com/writers-sitemap3.xml,2026-08-20T17:48:35+00:00,writers-sitemap3.xml
sitemap_index.xml,https://www.timesofisrael.com/writers-sitemap4.xml,2026-08-21T23:45:51+00:00,writers-sitemap4.xml
sitemap_index.xml,https://www.timesofisrael.com/writers-sitemap5.xml,2026-08-21T20:17:32+00:00,writers-sitemap5.xml
sitemap_index.xml,https://www.timesofisrael.com/writers-sitemap6.xml,2026-08-19T08:42:59+00:00,writers-sitemap6.xml
sitemap_index.xml,https://www.timesofisrael.com/writers-sitemap7.xml,2026-08-21T20:51:57+00:00,writers-sitemap7.xml
sitemap_index.xml,https://www.timesofisrael.com/writers-sitemap8.xml,2026-08-21T15:02:30+00:00,writers-sitemap8.xml
sitemap_index.xml,https://www.timesofisrael.com/writers-sitemap9.xml,2026-08-21T19:52:22+00:00,writers-sitemap9.xml
sitemap_index.xml,https://www.timesofisrael.com/writers-sitemap10.xml,2026-08-21T05:07:56+00:00,writers-sitemap10.xml
sitemap_index.xml,https://www.timesofisrael.com/writers-sitemap11.xml,2026-08-21T23:45:51+00:00,writers-sitemap11.xml
sitemap_index.xml,https://www.timesofisrael.com/writers-sitemap12.xml,2026-08-21T20:05:43+00:00,writers-sitemap12.xml
sitemap_index.xml,https://www.timesofisrael.com/writers-sitemap13.xml,2026-08-21T21:45:03+00:00,writers-sitemap13.xml
sitemap_index.xml,https://www.timesofisrael.com/writers-sitemap14.xml,2026-08-21T11:59:07+00:00,writers-sitemap14.xml
sitemap_index.xml,https://www.timesofisrael.com/writers-sitemap15.xml,2026-08-21T15:57:20+00:00,writers-sitemap15.xml
sitemap_index.xml,https://www.timesofisrael.com/writers-sitemap16.xml,2026-08-21T22:43:09+00:00,writers-sitemap16.xml
sitemap_index.xml,https://www.timesofisrael.com/writers-sitemap17.xml,2026-08-21T15:45:13+00:00,writers-sitemap17.xml
sitemap_index.xml,https://www.timesofisrael.com/sliders-sitemap.xml,2026-08-20T13:59:54+00:00,sliders-sitemap.xml
sitemap_index.xml,https://www.timesofisrael.com/class-sitemap.xml,2026-07-20T09:52:50+00:00,class-sitemap.xml
sitemap_index.xml,https://www.timesofisrael.com/spotlight_topic-sitemap.xml,2026-08-13T09:05:17+00:00,spotlight_topic-sitemap.xml
