_NAME_,Factor1,Factor2,Factor3,Factor4,Factor5,Factor6,Factor7,Factor8,Factor9,loaded,factor,pole
v000001,0.0125006379,-0.009225449,-0.20123408,0.2255275527,0.4559521135,-0.000939795,0.4034664589,-0.148397375,0.2283823795,1,fac5,1
v000002,-0.066304172,0.0613894088,-0.324012204,0.1062949398,0.504715855,-0.032728523,0.270890746,-0.174710875,0.2629484728,1,fac5,1
v000003,-0.067414852,-0.248757208,0.0680291193,0.1286746637,0.3279749111,-0.012902079,0.0468466426,0.2472761363,-0.142427791,1,fac5,1
v000004,-0.155769927,-0.081940539,0.611480377,-0.082368295,0.1740430509,-0.014655348,0.0168054195,0.1962636326,0.0065627884,1,fac3,1
v000005,-0.056643548,-0.037764249,-0.070653815,0.3144647495,0.033481267,-0.010750444,0.0980438929,0.0888383156,0.0864001342,1,fac4,1
v000006,0.123960393,0.3081132391,0.1761281451,0.1505391247,-0.019720824,0.2903115428,0.0185530675,-0.238581177,0.240899621,1,fac2,1
v000007,0.0102620106,0.0609022069,0.084983171,0.0145196421,0.3120103117,-0.004810495,-0.056064088,0.0449719151,-0.134969857,1,fac5,1
v000008,0.0189804177,0.0243126266,0.1384528554,0.0444567598,0.1748979658,0.0322584986,-0.159604874,0.0076512005,-0.026834252,0,,
v000009,0.0745793009,-0.0746377,0.0939352582,-0.108674465,0.3357937106,0.0257924145,-0.021088001,0.0726232865,0.0179503822,1,fac5,1
v000010,-0.156924372,-0.178168702,0.4085770226,-0.145970152,-0.028501999,0.2731195206,0.0342017814,0.1534267919,-0.049929254,1,fac3,1
v000011,0.031268594,0.1489053285,0.349970577,-0.037784719,0.0937630977,-0.059066935,-0.113778049,-0.000458824,0.1286849717,1,fac3,1
v000012,-0.029089599,-0.053694416,0.0138864249,0.0504612193,0.1123185966,-0.077456027,0.2100814158,0.0053807841,0.0821023033,0,,
v000013,-0.027184502,-0.148745122,0.2315237812,0.2619406322,-0.025742323,-0.073494301,0.1859060826,-0.016647753,0.1836318574,0,,
v000014,-0.11827643,0.0746516151,0.8128452963,-0.097331412,-0.081347539,0.0142338411,0.1209775508,0.0460478229,0.0358024108,1,fac3,1
v000015,0.151133382,0.0695460004,-0.001128767,0.1092240576,0.1096730939,0.0114046138,0.0155347692,-0.031731536,-0.099235002,0,,
v000016,-0.37387866,-0.427759808,-0.050328955,0.4803236398,-0.185793448,-0.301364006,-0.544288586,-0.247261743,0.0242498219,1,fac7,-1
v000017,0.32085129,-0.180273382,0.1197359485,0.0006319154,0.3489429972,0.0028515935,0.0067081192,0.0684219913,0.0900159907,1,fac5,1
v000018,0.1701333505,0.2594722308,0.3025557531,0.0587619986,-0.028911808,0.2068596265,0.0527547158,-0.168288069,0.158524236,1,fac3,1
v000019,-0.097163218,-0.024169582,0.1616568688,0.0119316246,0.5123267848,0.0499240524,0.1455791733,0.059711511,0.1074250537,1,fac5,1
v000020,0.1478395973,-0.140101944,0.6403332315,-0.121590011,0.1312003095,0.0225299296,-0.279716894,0.1568498064,0.1478812913,1,fac3,1
v000021,0.3367871284,0.048671881,-0.096395584,0.0107923221,0.1546174658,-0.004100397,-0.005343833,0.0079330938,0.1875723866,1,fac1,1
v000022,-0.12746604,-0.405340157,0.8008392664,-0.285289881,-0.222841796,0.0362577048,0.1632732764,-0.043211922,-0.088993009,1,fac3,1
v000024,-0.015348945,-0.051081956,0.0147257224,0.387115121,0.0026773492,-0.046555175,0.096001856,-0.076758923,-0.111630011,1,fac4,1
v000025,-0.051394905,-0.014892358,-0.093357694,0.5783987595,-0.100762631,-0.128235242,-0.023313265,-0.006098417,0.0016636496,1,fac4,1
v000026,0.0796696144,0.0020533973,0.2536482942,0.0521529915,0.0570770158,0.1298395948,0.0730715593,0.1465007309,-0.048974578,0,,
v000027,-0.224378167,0.3455425849,-0.280538423,0.1133302973,0.0947342707,0.3547832344,-0.01070558,-0.037631342,0.1403896614,1,fac6,1
v000028,0.1536047004,0.0839218725,-0.024415176,0.1285648055,0.0049042246,0.069492785,-0.057671714,0.0636024569,0.1025207224,0,,
v000029,0.3080344088,0.2346697175,-0.13143625,-0.01329934,-0.107415552,0.1192191957,-0.147614431,-0.072542005,-0.001328397,1,fac1,1
v000030,-0.29938208,0.4719675518,-0.158368145,-0.020806453,-0.152511083,0.672044568,0.3815928027,-0.335698195,0.2452318739,1,fac6,1
v000031,0.662611991,-0.342083024,-0.00208119,-0.049531502,-0.025866144,0.2964377028,-0.032776286,-0.163803503,-0.185440689,1,fac1,1
v000032,0.7602902709,-0.242087553,-0.0923574,-0.095347938,0.0789230992,0.3355293542,-0.125457117,0.0721774364,0.084639915,1,fac1,1
v000033,0.2979227794,0.2945348045,-0.127655113,-0.024357367,-0.097435612,-0.058285015,-0.115284202,-0.076774216,-0.054418154,0,,
v000034,-0.072290574,0.1338051943,-0.122119852,0.2736515923,-0.152759692,-0.050538829,-0.036006717,0.064189513,-0.391355128,1,fac9,-1
v000035,0.7036806557,0.0498915183,-0.166347821,0.0160697902,-0.007838473,0.0115445819,0.1684496203,-0.028584176,0.0464262822,1,fac1,1
v000036,-0.068143833,0.1628000004,0.1975852887,-0.071460612,0.3229662543,0.0104439752,-0.092094329,0.0300936178,-0.060727942,1,fac5,1
v000037,0.3408883545,-0.042075231,-0.119819498,0.1433570354,0.0810219174,0.0351951044,0.1559705334,-0.009933547,0.1928551148,1,fac1,1
v000038,-0.022057843,0.0678749961,-0.001401054,0.2432679224,0.0703085569,0.0471718185,0.1157921095,0.1967176233,0.0093525967,0,,
v000039,0.143363267,0.5557108305,-0.017504477,-0.154575404,0.0419882165,-0.144182422,-0.250392751,-0.072110671,-0.276737744,1,fac2,1
v000040,-0.137256875,0.1146073468,0.1678864015,-0.123757594,0.3735916279,0.2286248727,-0.118840274,0.30612467,-0.162966495,1,fac5,1
v000041,-0.002056053,0.1081486235,0.0148595486,-0.035148834,0.2239097845,0.0428229202,0.0088961493,0.2916825385,-0.050797496,0,,
v000042,-0.084769918,0.3759381784,-0.079980693,-0.177010753,0.0510783914,0.117405968,0.1880877541,0.194633238,-0.033107386,1,fac2,1
v000043,0.1869637722,-0.028049468,-0.145158352,0.3555487481,0.0842819362,0.1050405251,0.0849342328,0.1894340954,0.1249565837,1,fac4,1
v000044,0.2521714082,0.0037416287,0.0936124035,-0.171124199,-0.068269592,0.0060755472,0.2356551693,0.1005474381,-0.137644229,0,,
v000045,0.0027659138,0.1125810878,0.0208505488,-0.070854088,0.0819295018,0.0476095134,0.2385541007,0.247741894,-0.049020415,0,,
v000046,0.120564558,0.0390415724,-0.050254184,0.3091956887,-0.145817328,0.0276549177,0.2767165078,-0.499265802,-0.212666206,1,fac8,-1
v000047,0.7332694333,-0.105986643,-0.015664369,-0.073424359,-0.222806247,0.4997526651,-0.220848236,-0.484865424,0.3944790965,1,fac1,1
v000048,0.4671523084,0.3525214515,-0.149665907,0.0103329795,-0.164911583,-0.089424501,-0.164542966,-0.056668969,-0.049162915,1,fac1,1
v000049,-0.114025889,-0.209167013,0.5487338858,-0.118346368,0.1521497275,0.0098956346,0.1675594354,0.134083839,-0.240534954,1,fac3,1
v000051,-0.218019587,-0.200111767,0.0329418741,0.1086332312,-0.003647055,-0.06665812,0.2738712799,0.143783803,-0.318281105,1,fac9,-1
v000052,-0.050784005,0.1801741198,-0.15656882,0.0585189757,-0.161419526,-0.153301065,0.27194262,0.3216727159,0.3772561629,1,fac9,1
v000053,-0.256736899,-0.108011966,0.2564175974,-0.198658005,-0.112294475,-0.061889598,0.475057533,0.0066858457,-0.333821534,1,fac7,1
v000054,-0.034309852,0.1830618517,0.0254681182,-0.042092394,0.2255055983,0.0143165118,0.1366937931,0.1507718645,-0.163137971,0,,
v000055,0.1074961281,0.2520367915,0.2677231141,0.0377837028,0.2872488778,0.1281035964,-0.008199429,-0.18629448,0.3539281983,1,fac9,1
v000056,0.0484678448,-0.096672677,-0.151775477,0.2455952842,-0.011972861,-0.007405794,0.2059459088,0.1161560652,0.2898903022,0,,
v000057,-0.195968316,-0.317508671,-0.075200433,-0.232321596,-0.145160705,-0.202974123,0.734435969,0.2433328518,0.5359909389,1,fac7,1
v000058,0.2895641902,-0.126704821,0.0151461016,0.0217017538,0.0860355873,-0.372423811,0.0070874334,0.1937222254,-0.241786597,1,fac6,-1
v000059,0.1824458633,0.4312560215,-0.0648189,0.021283372,-0.124432408,-0.034995101,-0.192865407,0.0008496052,-0.020036291,1,fac2,1
v000060,0.014433869,-0.070414002,0.2524314364,-0.028718013,0.37993562,-0.077796386,0.2169367905,0.1441718363,0.1180588286,1,fac5,1
v000061,0.1342502256,0.0328664088,0.0264283879,0.0083544473,0.0702583613,0.0528809626,0.1412012355,0.1328521217,-0.111682663,0,,
v000062,-0.047920379,-0.025970736,0.569804961,-0.054042103,0.1064768545,-0.002765798,-0.147315151,0.0726430426,-0.024618318,1,fac3,1
v000063,0.0426300547,0.1222087556,0.096767588,0.0513811146,0.1383141411,0.1842582984,0.0133122092,0.0371971454,0.0621656187,0,,
v000064,0.0830858077,0.0837693046,0.2147173872,-0.135189581,0.2794146562,-0.020500753,0.1083266056,0.117255759,0.0954365653,0,,
v000065,0.4048791433,0.3920525539,-0.08182378,-0.030772671,0.0044868637,0.0133636663,-0.097506291,-0.106900852,-0.164904552,1,fac1,1
v000066,0.6721326182,-0.177663223,-0.116169388,-0.055086659,0.0180526586,-0.099545644,0.0091348727,0.1398716892,0.0739910729,1,fac1,1
v000067,0.7120705782,-0.18032712,-0.161076965,0.0245896763,0.0835255957,-0.222161648,0.108863639,-0.004997455,-0.114031943,1,fac1,1
v000068,0.1556130313,0.1934026373,0.0778331106,-0.063521874,-0.006782155,0.0173655606,-0.044075171,-0.019752048,0.027793317,0,,
v000069,-0.073083858,0.2323154138,-0.183179904,0.0699794989,0.2077060571,0.1002435668,0.0959973082,-0.021271758,0.2187438871,0,,
v000070,0.0181364869,0.0246169643,0.1956088348,-0.052063592,0.1461190664,0.0394559733,-0.004480249,0.3765323583,0.0006097352,1,fac8,1
v000071,0.0452350012,0.0818472409,0.1294289333,-0.024044375,-0.130433574,0.1614853373,-0.02005943,0.0832420511,-0.153075273,0,,
v000072,0.0311903561,-0.258674541,0.039261852,-0.465188864,-0.020957507,0.1091576073,0.108768298,0.200179898,-0.241583406,1,fac4,-1
v000073,-0.141665174,-0.134400658,0.6479871027,-0.043707808,0.2391158409,0.0077835846,-0.008628642,-0.006320876,-0.071732588,1,fac3,1
v000074,0.3048131858,-0.225176799,-0.200536916,0.0562246886,0.0224912015,-0.27853595,0.0095440701,-0.410493709,-0.224562987,1,fac8,-1
v000075,0.0353450792,-0.017682564,-0.073813848,-0.067674212,0.2487973448,0.1536183828,0.3263738121,0.0475087618,-0.253132602,1,fac7,1
v000076,-0.111189342,-0.221419182,-0.063479852,-0.010255034,-0.15633101,0.0528977234,-0.172345987,0.2942910454,-0.023406518,0,,
v000077,-0.105708944,-0.165431742,0.0358861962,-0.004316543,-0.082000693,0.1458724067,-0.224801802,0.0012865337,-0.075466365,0,,
v000078,0.0763570394,0.3466477654,0.195292819,-0.019173789,0.0764551492,0.1923614624,-0.029500441,-0.072832621,0.0798877731,1,fac2,1
v000079,0.7787809629,-0.226707711,-0.104387261,-0.065085374,-0.121297549,-0.069102986,-0.119426933,-0.045746199,-0.092147078,1,fac1,1
v000080,0.6863358013,-0.080040864,-0.150268015,0.0601494592,0.106587642,0.0656440614,0.0647360662,0.0882611797,0.0178120862,1,fac1,1
v000081,-0.17458204,0.3274285204,-0.023648342,-0.135793492,-0.061146174,0.1253933416,-0.023626143,0.1051121858,-0.262833097,1,fac2,1
v000082,0.8540636456,-0.075136827,-0.050167365,-0.054158773,-0.05090664,0.1653300256,0.0366570579,0.0170775694,0.1566380937,1,fac1,1
v000083,-0.100289221,0.0041075076,0.0381206576,0.0031688896,-0.648498512,-0.000899049,0.0765064554,0.3981145178,-0.243147281,1,fac5,-1
v000084,-0.131243165,-0.15702478,0.0742141288,-0.157231526,0.0473649548,0.0206988582,0.8712474344,-0.181672332,-0.113696031,1,fac7,1
v000085,-0.023398442,0.3818781874,-0.175637332,-0.011922301,-0.222653878,-0.146389361,-0.470157879,-0.108894957,-0.105031931,1,fac7,-1
v000086,-0.035851921,0.0553452205,0.2356738331,-0.042664732,-0.038235226,0.0159640067,-0.008150788,0.1403161392,0.0524667952,0,,
v000087,-0.225968625,0.1575425583,0.3373924185,-0.147990878,-0.572951106,0.5439260387,0.0989409246,-0.663192418,0.0435476949,1,fac8,-1
v000088,0.6250864446,0.1750438345,-0.031285522,-0.107740894,-0.079364005,-0.030927652,-0.097089461,0.0106997946,0.0533606273,1,fac1,1
v000089,-0.099400036,0.0134254248,0.7947184574,-0.162928169,-0.320107064,0.1100353477,0.0598106481,-0.107621772,-0.14104001,1,fac3,1
v000090,0.2479501749,0.0509513716,0.0409422998,0.0483303676,0.0859160434,0.0070936251,-0.008943948,-0.055344625,-0.01581292,0,,
v000091,0.0619530686,0.2500436831,0.1991235457,0.1326560406,0.2069465157,0.2103261379,-0.020730979,-0.076471741,0.1955587082,0,,
v000092,0.0613300038,0.1443152765,-0.077857389,0.4300387177,-0.080872176,-0.270549853,-0.416623115,-0.096324404,-0.113166458,1,fac4,1
v000093,0.5396225069,0.146410324,0.0639280255,-0.331812062,-0.158484106,-0.10445551,-0.069753835,-0.00738183,-0.052071988,1,fac1,1
v000094,0.2639965352,0.2210864308,0.0551865274,-0.033086938,-0.045388873,-0.067724034,0.0198323291,-0.065188691,0.0091175754,0,,
v000095,-0.038145705,0.219798655,-0.060273063,0.0849282784,-0.332058642,0.164160374,0.2106677479,0.3068978046,-0.172498486,1,fac5,-1
v000096,-0.251563012,-0.113271764,0.1051106113,0.2242500253,-0.242133666,0.1045830191,0.1720991226,0.3894956064,-0.139450329,1,fac8,1
v000097,-0.022231538,-0.150281593,-0.054234536,-0.253360781,-0.124973764,-0.164141872,0.2476640888,-0.028894246,-0.441739219,1,fac9,-1
v000098,0.0200795991,0.5902334321,-0.042535161,-0.047526113,0.0680056446,0.0084526767,-0.018966876,0.1340641581,0.0211862398,1,fac2,1
v000099,-0.012423024,0.3924844017,-0.130951937,0.0401262407,0.0192876851,0.1575667223,-0.053662524,0.010765654,0.1455571974,1,fac2,1
v000100,0.0072064498,-0.064456825,0.1405209614,0.0381304716,0.0859347097,0.0365172227,0.3355333,0.145278845,-0.015158351,1,fac7,1
v000101,-0.324102689,-0.19903126,-0.126403498,0.5313058501,0.1873361968,0.0938514464,-0.151041859,-0.18563108,0.1066566503,1,fac4,1
v000102,0.2886433956,0.1163277863,-0.085070437,-0.021315718,-0.057829164,0.0570945376,0.0778452453,-0.063938782,-0.076127523,0,,
v000103,-0.124650461,0.498922213,0.1151842067,0.0034315588,0.1130736408,-0.168810275,-0.156751854,-0.033153261,-0.155852938,1,fac2,1
v000104,0.4046145715,0.0600089959,-0.030548056,-0.164203685,-0.016724542,-0.004107492,0.0375612954,-0.018541832,-0.272061309,1,fac1,1
v000105,-0.083107869,0.2675197137,-0.13925133,-0.032574574,0.0631155187,0.4072165275,-0.208885019,0.2525812739,0.0401670114,1,fac6,1
v000106,0.2272847614,0.2391837205,-0.019831444,-0.035971279,-0.025753552,0.0197558981,0.1741336054,-0.006238528,-0.175312608,0,,
v000107,0.3380276911,0.0474385013,-0.079291301,0.004344096,-0.063503128,-0.062414893,0.0877865755,0.0526271046,-0.227376032,1,fac1,1
v000108,0.0629617123,-0.153019008,0.2553449094,-0.122204181,0.0297087718,0.361430549,0.0499439626,0.0772562184,-0.084170903,1,fac6,1
v000109,0.1780536737,-0.018364601,-0.091073792,-0.274517486,-0.09171805,0.9139998961,-0.11368159,0.132820845,-0.14008618,1,fac6,1
v000110,-0.311009712,0.0634269133,-0.103532591,-0.460273209,0.8000380341,-0.255935944,-0.245910493,-0.02301709,0.0588958831,1,fac5,1
v000111,0.805429163,-0.381953327,-0.100576099,-0.226293131,-0.241484412,-0.156453399,-0.19516647,-0.478040866,-0.026435383,1,fac1,1
v000112,0.1803891033,0.3706112465,0.0239078676,-0.000328154,0.0271045172,0.1378472146,-0.111685708,0.0910384585,0.0516883359,1,fac2,1
v000113,0.0796079834,0.4405493082,-0.081598697,0.0199654872,-0.00473131,-0.012901466,-0.065425901,-0.02351667,0.0716233677,1,fac2,1
v000114,0.1379019516,0.2611211221,-0.086625574,-0.074087173,0.0809553947,-0.065506226,-0.026577366,0.0741454531,-0.024087362,0,,
v000115,0.3052617033,0.2298034817,-0.103173585,0.1027090126,-0.087450233,-0.045182964,-0.07832199,-0.089145421,0.0493772717,1,fac1,1
v000116,-0.115977526,-0.186708094,0.1917819603,-0.178643013,0.0711641149,0.1765365559,0.3924924925,0.2850715899,0.1356483754,1,fac7,1
v000117,0.5480071986,-0.127172239,0.1175522315,0.0155273553,-0.132721227,0.0415884991,0.1504551161,-0.078181076,-0.166912489,1,fac1,1
v000118,-0.037503773,-0.008551636,-0.027990381,0.2976913868,-0.063604072,0.1378377132,0.256760548,-0.053099729,-0.272533364,0,,
v000119,0.175177773,0.2494115645,-0.170219128,0.436287731,0.0260847975,-0.214636813,-0.170648136,0.1159099321,-0.037500572,1,fac4,1
v000120,0.0467626707,0.6413840017,-0.227087422,-0.005503076,-0.177170876,-0.113576998,-0.193449294,-0.141014834,0.0925310765,1,fac2,1
v000121,0.1601296092,0.245982692,-0.080296202,0.0693553421,0.2625637727,0.0522283202,-0.0926737,-0.254834768,0.0286440133,0,,
v000122,0.0188144762,0.3363921141,-0.115178558,0.0235038086,-0.036082753,-0.123509468,-0.019235056,0.082192237,-0.266851248,1,fac2,1
v000123,0.0456017792,-0.350140861,-0.019244187,-0.14688697,-0.093884326,0.106423253,0.2008060034,0.119610966,-0.510021892,1,fac9,-1
v000124,0.0616756787,0.4264933634,0.0914587896,0.0049333427,-0.085712156,-0.068446279,-0.114490142,0.000278622,-0.056705497,1,fac2,1
v000125,-0.235762116,-0.257915659,0.0429927398,-0.243843084,0.0422378952,0.5207133709,0.0165744552,0.3476213728,-0.139355267,1,fac6,1
v000126,-0.132133191,-0.168556826,0.8944752131,-0.047024448,-0.014701602,-0.105981727,0.1745724698,-0.015453856,-0.093327315,1,fac3,1
v000127,-0.164439399,0.4002732558,0.0807554006,0.080661538,0.0070800767,-0.043902897,-0.097737875,0.1454717486,-0.115590701,1,fac2,1
v000128,0.040539738,-0.215999006,0.0625218078,-0.025757941,0.0435404176,-0.057979674,0.5576539023,0.0211322129,-0.052228225,1,fac7,1
v000129,0.3970977181,0.0398985627,-0.16469238,0.1530685093,-0.022692016,0.0898381095,0.0457600703,0.0447706122,-0.010101538,1,fac1,1
v000130,0.4155342787,-0.070960458,-0.029035785,0.0631720228,0.0201251482,0.0093464485,0.0433044111,0.0434794617,0.1184218158,1,fac1,1
v000131,-0.026725578,0.0920454836,-0.077373949,0.4376821138,-0.138888564,-0.052617102,-0.060822428,-0.109114475,-0.31046704,1,fac4,1
v000132,-0.011712669,0.0266867607,-0.068602768,0.3527702619,-0.186352365,-0.134871922,-0.040742746,-0.114817425,-0.471277026,1,fac9,-1
v000133,0.0294623047,-0.015572289,0.6364078371,0.1044838593,0.125973739,0.0366420011,-0.16287738,0.0857921361,0.0254451372,1,fac3,1
v000134,-0.185338418,0.4099602341,0.0352936709,-0.122543287,0.0656296432,-0.337207973,-0.504354912,-0.218728245,-0.081807162,1,fac7,-1
v000135,0.3241158607,-0.026475663,-0.146294574,0.0070520839,0.2046163246,-0.350284157,-0.101163415,-0.262443064,0.2607122226,1,fac6,-1
v000136,0.2675767565,0.1516245506,-0.041628559,-0.093696678,-0.113308756,0.8535256853,-0.006687504,-0.172742461,0.2047546118,1,fac6,1
v000137,0.6201317363,0.0457254357,-0.017155566,-0.129438659,-0.070608789,0.2086570258,0.1436047532,-0.145164446,0.0754024234,1,fac1,1
v000138,-0.019652297,0.0742630198,0.2099089607,-0.121122912,0.3909380034,-0.060147395,-0.062064797,-0.016472528,0.0009832188,1,fac5,1
v000139,0.0930690514,0.0828757036,-0.021251251,0.1870127383,-0.131095768,-0.121091159,0.4519606053,-0.220208889,-0.128260559,1,fac7,1
v000140,-0.047943117,0.053656616,-0.245719971,0.4958080642,0.0716152396,-0.099923104,0.0356553239,-0.050421628,-0.000807909,1,fac4,1
v000141,-0.216523312,-0.127346413,-0.004940288,-0.31951168,-0.184516781,0.601495826,0.264992273,0.141572534,-0.3273898,1,fac6,1
v000142,-0.122714125,-0.196375139,0.1973143411,-0.195911707,0.1375090742,-0.171637327,0.4856842007,0.0952517766,0.0274192664,1,fac7,1
v000143,0.1439936519,0.360417655,-0.038320288,0.0095420002,-0.102738196,0.1157213252,-0.058051282,-0.15574031,-0.081940781,1,fac2,1
v000144,0.0993795489,0.26906979,0.0632497694,-0.030967217,0.0696396251,0.0913026654,-0.193162566,0.0543049949,-0.050535658,0,,
v000145,0.0069087411,-0.047349679,-0.1263527,0.184670813,0.1177329316,-0.045889987,0.6180854535,-0.1990147,-0.057677423,1,fac7,1
v000146,0.1559360852,-0.114815389,0.3093673591,0.1433320695,-0.177766892,-0.139248475,0.139531049,0.0132844134,-0.230402227,1,fac3,1
v000147,0.0609416667,0.1571593764,-0.200810475,0.329542847,0.2949859245,-0.14260475,0.216026341,0.0374419562,0.1566423068,1,fac4,1
v000148,0.0285700521,-0.196555607,0.4608299075,0.0407247758,-0.100678089,0.0773539395,0.2404112335,0.0324779527,-0.254011244,1,fac3,1
v000149,-0.196295209,0.042353874,-0.422074056,0.2517005896,-0.118009929,0.1205361846,-0.395320172,0.1634884436,0.2186634461,1,fac3,-1
v000150,-0.166117995,0.3230443899,-0.063337836,-0.118676425,-0.04530894,0.4356806383,0.0280773958,0.0233657373,-0.162724126,1,fac6,1
v000151,0.0764579016,-0.044019588,0.0886377567,0.2760095009,0.0085761968,0.0628461528,0.2423328615,0.0063351289,0.137107364,0,,
v000152,0.0528915448,0.0208828341,0.0218210667,0.1031602967,0.0292447568,0.1114059615,0.1585941792,0.1039274769,0.0817629581,0,,
v000153,-0.36884305,0.2152709062,-0.257551962,-0.24797963,-0.161286641,0.4567358572,0.436826899,-0.310872572,-0.218025802,1,fac6,1
v000154,0.2616656671,0.1056667445,-0.017766832,0.050040081,0.1008023596,-0.01063545,0.0103342335,-0.120957164,-0.108506116,0,,
v000155,-0.088514738,0.4258908096,-0.075020291,-0.059950241,0.0094164053,-0.068996776,-0.133966652,0.0040469389,-0.105837156,1,fac2,1
v000156,-0.179147175,-0.117738444,0.6922737437,-0.08515564,0.0433589446,-0.10401253,-0.287199469,0.0949066571,0.0177415711,1,fac3,1
v000157,-0.083354723,0.1752069969,-0.016743049,0.1619257661,-0.099633827,-0.111504669,0.2209400772,0.4086604316,-0.013224669,1,fac8,1
v000158,-0.04575398,0.0653059008,0.0369879165,-0.041165394,0.0178359107,0.0444584743,0.2112492831,0.2529076226,-0.125752991,0,,
v000159,0.0197676148,0.1861703364,0.0310489892,-0.083253794,0.0198775989,-0.086525218,0.169546705,0.3085019348,-0.136055519,1,fac8,1
v000160,0.0804579086,-0.096202635,0.1204478308,-0.005516964,0.0493654799,-0.056813795,-0.054467059,-0.035094697,-0.032707681,0,,
v000161,0.1010803674,0.3844411422,0.1068382027,-0.025821002,-0.206908194,-0.006275695,-0.052927637,-0.079845705,-0.007155517,1,fac2,1
v000162,0.112424211,0.1841594327,0.1742645882,-0.034987992,0.0187486934,-0.036165076,-0.159678039,0.0104688569,0.024415642,0,,
v000163,0.1115870796,0.32533387,-0.213297704,0.0202997802,0.1219535972,0.030518786,-0.018964712,-0.110408575,-0.005817257,1,fac2,1
v000164,0.2951692526,0.1471379486,0.2079440572,-0.091630779,-0.177853312,-0.023923167,0.0306699202,-0.030356001,0.0142215536,0,,
v000165,-0.016236084,-0.056787579,0.5090610186,-0.173381368,0.0013746921,0.1147411031,0.081034402,0.0645368502,-0.081250616,1,fac3,1
v000166,0.0636309135,0.1315847096,0.0368082773,0.0408878895,0.3016486967,0.0362051248,-0.169506355,0.0146359019,-0.141086196,1,fac5,1
v000167,-0.129539095,-0.052514463,-0.069489033,0.1946410648,0.2325302929,-0.018715577,0.1092439999,0.5591869576,0.0510437107,1,fac8,1
v000168,-0.05636787,-0.087371226,0.193535186,-0.077310702,0.1480314024,0.3351564422,0.1795411062,0.1313776047,-0.093544425,1,fac6,1
v000169,0.1479076028,-0.224900107,0.047224163,0.1619228261,0.0234096667,0.2951144868,0.1558384505,0.006918593,-0.03236174,0,,
v000170,0.0803188095,0.1765332684,0.0839836564,0.0049489491,-0.216587798,0.5169272832,-0.098027649,-0.012030039,0.0141784929,1,fac6,1
v000171,0.0845583559,0.3593553183,-0.150845691,0.233736376,-0.088612308,0.136361485,-0.060855607,-0.007804438,-0.085132171,1,fac2,1
v000172,-0.114274182,-0.198709902,0.4083706752,-0.151869099,-0.27579298,-0.06250632,-0.248450711,0.002167847,-0.174852119,1,fac3,1
v000173,0.2777397169,-0.124853124,0.0300798428,0.3069429278,-0.129911136,-0.31653177,-0.104906104,-0.062395185,-0.407691645,1,fac9,-1
v000174,0.0074365208,0.357194513,0.0920109858,0.0905168125,0.0170519924,-0.153364037,0.0392209127,0.0435551563,-0.151877823,1,fac2,1
v000175,0.0310321498,0.3146762157,-0.209365444,0.1838472429,0.0674822071,-0.02582044,-0.055912373,0.109041536,-0.049814883,1,fac2,1
v000176,-0.015069721,-0.099466232,0.6790659765,-0.119904029,0.0743931023,-0.109902674,0.2051556579,0.0205512257,-0.107140435,1,fac3,1
v000177,0.3498290743,0.2305542917,-0.075040613,-0.032875192,-0.132885841,0.1777456911,0.0073864645,-0.100991973,-0.175471454,1,fac1,1
v000178,0.1377472076,0.1742843543,-0.256969171,-0.161012466,0.0033109809,-0.188531749,-0.327987315,-0.446094799,-0.132296591,1,fac8,-1
v000179,0.54427493,0.0353865029,-0.133729421,-0.026384351,-0.027769708,-0.05244615,-0.023557148,-0.112852848,-0.256676639,1,fac1,1
v000180,0.0901190807,-0.099773991,0.2154040541,0.0314689602,-0.129285098,0.1129660342,0.2346707331,0.0558958202,-0.197067211,0,,
v000181,0.1091433151,-0.020448206,0.0119241731,-0.324951659,0.0466646529,-0.069510366,0.2764493115,0.1998752591,-0.291260319,1,fac4,-1
v000182,-0.15363775,-0.11396654,0.5725746412,-0.02835528,-0.126786771,-0.153148134,0.2265632321,0.0289677467,0.044350667,1,fac3,1
v000183,-0.001646098,0.2727673558,0.1166435186,-0.103057267,0.2505513706,-0.150423658,0.1106361538,0.0634674499,-0.233640116,0,,
v000184,-0.068843981,-0.023242837,0.0553212238,0.0426190273,0.2981823675,-0.048052836,0.0729940503,0.0825717216,0.0312590379,0,,
v000185,0.0074666374,-0.054770127,0.0155265247,0.2362682558,0.1972712234,-0.090233128,0.1117230647,0.1156918731,0.0615578832,0,,
v000187,0.2578238693,0.0334242472,0.0221530848,-0.105989803,-0.01144962,0.0241057939,0.0233087369,0.0653401013,-0.136208205,0,,
v000188,-0.179822934,0.4097750106,0.0607386792,-0.292597021,0.0776180006,0.0381039558,-0.363459976,0.0755308366,-0.138272118,1,fac2,1
v000189,0.1344743611,-0.032552161,0.2747273622,-0.228569847,0.0146672093,0.1228671975,0.0758781605,0.082080012,-0.069571561,0,,
v000190,0.0864188038,-0.165368888,0.0697901714,-0.253181719,-0.015477829,-0.017743526,0.3228383685,0.1855909867,-0.374594348,1,fac9,-1
v000191,-0.001360527,0.2090498036,-0.019420143,0.090319869,0.128678263,0.082534656,0.1460505652,0.0976170031,-0.114425936,0,,
v000192,0.1543047171,0.0401520118,-0.151155686,-0.106761343,0.0532770389,-0.085740868,0.2428106068,-0.168819005,-0.384165814,1,fac9,-1
v000193,-0.127577458,-0.072798065,-0.156778227,0.0465560821,-0.054348921,0.0162092059,0.0295693005,-0.434640464,0.1024791575,1,fac8,-1
v000194,-0.003364458,-0.081851883,0.0431568555,0.2367569869,0.0795584706,0.0022278632,0.0894047653,0.0362119614,-0.05455933,0,,
v000195,0.7696205188,0.0485974242,-0.117930788,-0.075210364,0.2503460895,0.0024972408,-0.00946526,-0.186254453,0.0622610139,1,fac1,1
v000196,0.21288668,-0.02486973,-0.133721151,-0.010503123,0.0871817075,-0.028710382,0.0941104899,-0.013798264,0.1323819528,0,,
v000197,0.0020248513,-0.128726035,0.3008236374,0.0068834685,0.0449168674,0.0324582626,0.6050727243,-0.070653743,0.1056411096,1,fac7,1
v000198,-0.169854328,-0.230204148,0.104428745,-0.411427163,-0.0115453,-0.31197384,0.657045187,0.2005501978,0.3874776934,1,fac7,1
v000199,-0.161586558,0.0016190193,0.0830090226,-0.075641902,0.2809002023,0.3674813952,0.0980800205,0.2878528153,0.006412761,1,fac6,1
v000200,-0.030243861,-0.308995396,0.6544564556,-0.054743955,0.4278633175,-0.058563705,-0.067443197,-0.072746851,-0.023287733,1,fac3,1
v000201,0.4947146396,-0.355162661,0.1487777084,-0.152170302,0.2439815134,0.4558134804,-0.270857258,-0.179943484,0.0877706963,1,fac1,1
v000202,0.4619655321,-0.209799894,0.1904133072,-0.038869025,0.0778150077,0.2069510649,0.2166679466,-0.122235944,-0.003760822,1,fac1,1
v000203,0.1141138998,-0.174119025,0.0774897203,0.4272377725,0.1316749736,0.1311364595,0.1408528392,0.0091214338,0.0964772183,1,fac4,1
v000204,-0.011994742,0.1049246142,0.1353883923,-0.037271259,0.0521130737,0.2408777864,-0.020856979,0.2080181236,0.1146453209,0,,
v000205,0.1640345825,0.28323637,-0.076136527,-0.012135533,0.2521056601,-0.089053285,-0.07782381,0.2036114361,-0.007006522,0,,
v000206,-0.033714414,0.1826437408,0.1160250818,0.0409427777,-0.135642511,0.5020544343,-0.178240728,0.2873083345,0.075545738,1,fac6,1
v000207,-0.087371724,-0.075996963,-0.098969464,0.3328362031,0.1458242419,0.2075574641,-0.127426869,0.3041934104,0.0146040208,1,fac4,1
v000208,-0.021997471,0.0192779569,-0.081406035,-0.065995228,0.4819736623,-0.095223564,0.3410732893,0.0723665838,-0.078377868,1,fac5,1
v000209,-0.09580192,0.4483394424,-0.170587977,-0.064817987,0.0879551784,0.2817070076,0.0321603931,-0.179935041,-0.11903446,1,fac2,1
v000210,0.1302480724,0.010396456,-0.179164589,0.0728544146,0.3548754297,-0.014039057,0.122197039,0.1170732192,0.2964266051,1,fac5,1
v000211,0.1061698909,0.0393025828,-0.086949014,0.053410204,0.2859306146,-0.049287624,0.1745258531,-0.074826017,0.141653612,0,,
v000212,-0.064534814,-0.047917218,0.1873566786,-0.045376037,0.5497368723,-0.027444638,-0.032881811,0.0009431572,0.0271656001,1,fac5,1
v000213,-0.12461035,0.1418392059,0.1113038682,-0.088370088,0.0980502009,0.0715826286,0.036540255,0.3543479515,-0.126527143,1,fac8,1
v000214,0.3025095107,-0.226470348,0.0696671529,-0.170292144,0.137261138,-0.043487296,0.0234146424,-0.010690854,-0.108865508,1,fac1,1
v000215,0.0556010217,-0.041216818,0.7568982287,-0.034524482,0.1779904776,-0.129609102,-0.112755983,0.1895358883,0.1293544753,1,fac3,1
v000216,-0.085288053,0.6464973505,-0.045956411,0.0152901451,-0.231279505,-0.005839401,-0.151705136,-0.038276832,-0.035677329,1,fac2,1
v000217,0.0512938601,0.0603166694,0.0081269439,0.2248950146,0.2223171779,0.0267239939,0.152715814,0.0662038903,0.0325098802,0,,
v000218,0.0702158863,-0.166808392,0.01415552,0.1201183191,-0.057108661,-0.089086236,0.1442191972,0.0565863358,-0.2804531,0,,
v000219,0.0076534287,0.0343319538,0.1193211135,-0.081218751,0.3956716105,-0.04424899,-0.046198713,0.1595106225,-0.005402759,1,fac5,1
v000220,-0.024531429,0.151501889,-0.156830472,-0.015862413,0.0841087344,0.1237804773,0.0827874178,-0.004129379,0.1570012044,0,,
v000221,0.0338555272,0.223440305,-0.052079107,0.1138564683,-0.093489689,0.038836362,-0.140502228,-0.050903124,-0.149042996,0,,
v000222,0.4767483246,0.2356561684,-0.057608946,0.0353627256,0.0538297437,-0.010604982,-0.096477461,-0.113783989,-0.061855333,1,fac1,1
v000223,-0.113337533,0.4452928767,-0.145990264,0.1411279576,-0.035183002,0.197613645,-0.052008554,-0.006132399,0.1129038078,1,fac2,1
v000224,-0.099914837,0.1664661494,0.1265046615,0.0357889011,-0.241504453,0.1536484267,0.0422869632,0.0045431128,-0.329646655,1,fac9,-1
v000225,-0.161836813,0.0027671799,-0.092317036,0.0800009062,0.2527108576,-0.211065999,-0.07440875,0.2119815126,-0.269539392,0,,
v000226,0.8141967861,-0.245158538,-0.007486018,-0.154228192,-0.081246,0.3054240211,0.1761690284,-0.102432798,0.1943886809,1,fac1,1
v000227,0.1570883898,-0.032739282,0.012753578,-0.136562635,-0.19928622,0.1765659816,0.0335612937,0.4399733218,0.7053023077,1,fac9,1
v000228,0.1335296745,-0.384908005,-0.34076805,0.0637307771,-0.116321516,-0.219503179,0.064573514,-0.351036783,0.3754118909,1,fac2,-1
v000229,-0.249890301,-0.168266168,1.1419493588,-0.102866255,0.1961252644,-0.228722341,-0.506581974,-0.208419737,0.2321264927,1,fac3,1
v000230,-0.081428876,0.1925143676,0.114790022,0.0510980351,-0.247983417,-0.122263055,-0.006983264,0.0239442771,-0.343287859,1,fac9,-1
v000231,0.0704037104,0.3683022158,-0.081585036,0.0055708938,-0.124583068,0.0595214199,-0.166253003,0.2006126736,-0.065000203,1,fac2,1
v000232,0.6085335342,-0.187250069,-0.052425232,0.0641668611,0.08858018,-0.075173083,0.1444283394,-0.061078934,0.0196157203,1,fac1,1
v000233,0.5322001541,-0.122864655,-0.155822361,0.1439961822,0.3626707801,-0.103070094,0.1564348869,-0.034540729,0.0637362415,1,fac1,1
v000234,-0.113670985,-0.007313082,0.3029051274,0.4231972017,0.0567533432,-0.085479572,0.0726960072,-0.084725929,0.0482127835,1,fac4,1
v000235,-0.008859685,-0.106217928,-0.171309893,0.564982078,-0.210492432,-0.082514791,0.0284158139,-0.122541247,-0.107617352,1,fac4,1
v000236,0.0979539286,0.2385401547,-0.155448796,-0.081857175,-0.009142936,-0.042454192,-0.023583458,-0.044460341,-0.103257493,0,,
v000237,0.0338387738,0.1626181097,-0.194341404,0.124225434,0.0643299,-0.019780548,-0.112197581,-0.197488807,-0.177773445,0,,
v000238,-0.059338316,-0.151797303,0.020828757,0.0480305487,0.2597425815,-0.02459944,0.1636487869,-0.008702893,0.1215657904,0,,
v000239,-0.001131276,0.2791763337,-0.097862938,0.1741243846,0.1804018856,0.0893641262,0.1295689455,0.1019724133,0.0635407294,0,,
v000240,0.2806648882,0.0322031565,-0.168937783,0.0127531357,0.1511119139,0.1079416185,-0.183436468,0.0473968439,-0.035602844,0,,
v000241,-0.363361214,0.7238442698,-0.190354195,-0.162040219,0.1364644819,0.227125065,0.0424061451,-0.151625625,0.116997163,1,fac2,1
v000242,-0.123995215,-0.093262851,-0.094063806,0.1150803193,0.1828643119,-0.016207428,0.6933160578,-0.111763364,-0.118691844,1,fac7,1
v000243,-0.000444524,0.0105923021,-0.069636939,0.3541939784,0.0331530581,0.0579965848,0.1393246316,-0.034791847,0.0664142973,1,fac4,1
v000244,-0.099129283,0.4189765052,-0.204558641,0.0549718428,0.1007651417,0.2614522579,0.0236554498,-0.058801596,0.2003194245,1,fac2,1
v000245,-0.034592946,0.1839738253,-0.119743773,0.2444896616,-0.150198539,0.1335932312,0.3224316141,-0.143054547,0.3335940121,1,fac9,1
v000246,-0.089404586,-0.017892688,0.0906076368,0.1746813711,0.0739915443,0.0336811068,0.1558551541,-0.122403009,0.0112536622,0,,
v000247,-0.098330162,-0.118415565,0.1233225994,0.0534660074,-0.036533991,-0.107650286,0.8051361914,0.0038717568,0.0010200265,1,fac7,1
v000248,-0.068079963,-0.213302659,0.0834099221,0.0209992073,0.1167478032,-0.061595817,0.5650841654,-0.010177009,-0.041919404,1,fac7,1
v000249,-0.021869153,-0.071854657,0.5854937416,0.0084952362,-0.133738439,0.0277680257,0.1805864678,-0.014560518,-0.164984763,1,fac3,1
v000250,-0.035579382,-0.033763606,0.5839483838,0.0649892323,-0.141269129,-0.010376928,0.1627500565,-0.035600156,-0.201558772,1,fac3,1
v000251,0.0945086312,0.2219610872,-0.181807908,-0.199010396,0.5390308475,-0.422682518,-0.082535927,-0.225657619,-0.072480869,1,fac5,1
v000252,-0.152107808,-0.206555296,0.692391267,0.1677903554,0.1512110249,0.2681794674,-0.419639094,0.2343464476,-0.062093571,1,fac3,1
v000253,-0.166157224,-0.154434175,0.6670705475,-0.006680903,0.2335065145,0.2031457494,-0.301458851,0.3023251055,0.0260251758,1,fac3,1
v000254,-0.329446148,0.7495843537,-0.205623893,-0.003217198,0.0740842896,0.0828241522,-0.425488898,0.0710803092,0.131980914,1,fac2,1
v000255,-0.035955263,0.0843725642,0.490990558,0.1068042066,0.1130547611,0.1494310457,-0.394592547,-0.006426672,-0.200616755,1,fac3,1
v000256,-0.030988917,0.0737192333,0.131518461,0.4647812831,-0.007727527,0.00918628,-0.360999311,0.0579427597,-0.176685655,1,fac4,1
v000257,-0.064600873,0.0710943227,0.617591004,0.05186029,0.2657098539,0.1600676514,-0.481061885,0.0629051177,-0.070441344,1,fac3,1
v000258,0.6460943871,0.2476157475,-0.195148265,-0.328201439,-0.250594266,-0.228020639,-0.112505935,0.1510759583,-0.077233679,1,fac1,1
v000259,0.6372998627,-0.176077589,-0.425830193,-0.545529659,-0.172929085,-0.364384227,-0.22357621,0.0525598686,-0.167939513,1,fac1,1
v000260,0.3870123843,0.1210999245,0.0206668804,-0.134175783,-0.240207798,0.0096139818,-0.12493683,0.1998153704,-0.213574811,1,fac1,1
v000261,-0.077145531,0.2202492735,0.0941404471,-0.061169839,0.0131154505,-0.036679224,-0.001297471,0.0482777246,-0.039909887,0,,
v000262,-0.348778524,-0.233570123,-0.358465529,-0.540997822,-0.343421906,-0.366419687,-0.194012369,0.0480784814,1.20937483,1,fac9,1
v000263,-0.053523968,0.0321298782,-0.281701005,0.5874186661,-0.007165717,0.0556671176,-0.199010172,0.350123237,0.0947035593,1,fac4,1
v000264,0.1191616676,0.344752431,0.1148999645,0.2033249152,-0.069870412,0.305234472,0.0503555254,-0.238064702,0.2645837279,1,fac2,1
v000265,-0.124746131,0.1788727306,0.1064909503,-0.140652484,0.0202999666,-0.271616871,0.0333571647,-0.178704812,-0.345991272,1,fac9,-1
v000266,-0.037021489,0.1419616779,0.101266941,-0.177347306,0.1566092654,-0.025693876,0.1474457334,0.2669010149,-0.083809279,0,,
v000267,-0.088440644,0.3090222813,-0.194515937,0.1446743283,0.0888265271,-0.064957867,-0.086333115,0.4135734088,0.1375773843,1,fac8,1
v000268,-0.108700402,-0.126863331,-0.056811896,-0.042971356,0.0565413281,0.4577860265,0.0999009689,0.3368393611,-0.111807258,1,fac6,1
v000269,0.0540606126,0.2971246316,-0.049927776,0.0884940127,-0.022749276,0.038422396,0.0646290562,-0.098129201,-0.150222762,0,,
v000270,-0.214820253,-0.097816323,-0.071665744,-0.188638553,0.3189522427,-0.119341313,0.0561434221,-0.16006144,-0.08651111,1,fac5,1
v000271,-0.119444971,0.3955863563,-0.041192132,-0.144323832,-0.011561857,0.3796835569,-0.09324294,0.0717301082,-0.068568478,1,fac2,1
v000272,-0.150830463,0.4187032413,-0.245616,-0.003431318,0.0456039457,0.3825475351,-0.19615767,0.2047388369,0.016526004,1,fac2,1
v000273,0.1018745152,0.1494609374,0.4061106951,-0.033869518,0.0719914254,-0.042196603,-0.061710609,-0.088275922,-0.093640058,1,fac3,1
v000274,-0.24748204,-0.17179436,0.8174557963,-0.14073586,0.0300857577,-0.066434845,0.2083652063,0.0748766207,-0.130221836,1,fac3,1
v000275,-0.218286842,-0.1982805,0.5387046664,-0.257867968,0.1902054751,0.0711862222,0.3201218945,0.1750587846,-0.07267342,1,fac3,1
v000276,-0.342676186,-0.372670804,0.1001538388,-0.021298874,-0.275245015,-0.304045501,0.8478888905,-0.217531155,-0.351391313,1,fac7,1
v000277,-0.256694169,-0.340669369,1.1574689891,-0.066570586,0.1768570155,-0.263338402,-0.636105881,-0.564248982,0.301792605,1,fac3,1
v000278,-0.198367432,-0.125853842,0.1730541513,-0.191853186,-0.000730283,0.0258035738,-0.092545424,0.3484248422,-0.420510938,1,fac9,-1
v000279,-0.303639922,0.4063856584,-0.002154005,-0.252836178,0.0135822208,-0.434704362,0.0409189282,-0.1072722,-0.349707405,1,fac6,-1
v000280,-0.011612569,0.0607277026,-0.083476628,0.3536374491,0.2162868662,0.1327068438,0.1606534941,-0.01787357,0.1510954555,1,fac4,1
v000281,0.0430909053,0.2264412855,-0.002637216,0.0166454495,0.0114567742,-0.019949014,0.0589551669,0.0806226806,-0.165655329,0,,
v000282,0.5563584704,0.0994679309,-0.088990877,-0.145756718,-0.111962654,0.2674182177,-0.138573017,-0.066853955,-0.025172051,1,fac1,1
v000283,0.051321337,0.0138429182,-0.226659646,0.4339016113,0.4147512207,-0.101418017,0.2072029792,-0.075549845,0.2329232533,1,fac4,1
v000284,0.2331732009,-0.176784971,0.1006466996,-0.12519802,0.3957499946,0.2040316434,-0.051883046,0.0810628378,-0.093208181,1,fac5,1
v000285,0.275965273,-0.080901757,-0.115322782,0.1596920122,0.0295061713,-0.030064417,0.0662852094,0.2333482065,0.1808477122,0,,
v000286,0.2561917931,0.1912244166,0.0583586411,0.0148015155,-0.151115659,-0.009422011,0.0027818719,0.0829074757,0.1391907856,0,,
v000287,0.13729011,-0.07118677,-0.038453033,0.132375149,0.1762970724,0.067132911,0.1785233766,0.1424124547,0.1989753485,0,,
v000288,0.0295661834,0.264865008,0.1515810837,0.1165007967,-0.062287925,0.2798482383,0.0893305608,-0.281340749,0.1734183205,0,,
v000289,-0.06024913,0.0226299664,0.0008548742,0.2868002818,0.1513818665,-0.07109609,-0.030367412,-0.008168896,-0.114917417,0,,
v000290,-0.062512337,-0.050635328,0.0320305104,-0.064707611,0.3831518027,0.0581016345,-0.023622998,0.4417009773,-0.124739,1,fac8,1
v000291,0.0495812328,0.1818816449,-0.078813671,0.4971089853,-0.122258529,0.0715573345,-0.042645033,-0.106405784,0.0209710005,1,fac4,1
v000292,-0.145831536,-0.176587871,0.4044866698,0.2905660005,-0.189633749,0.0042465446,-0.288945995,-0.551002633,0.3905591681,1,fac8,-1
v000293,0.1536543081,0.1811860018,0.1583218389,0.1994218292,-0.243746535,-0.010769363,0.0972261209,-0.180608473,-0.050454666,0,,
v000294,-0.054801564,0.1976768817,-0.067791491,0.2163240286,0.0093210089,-0.010865491,-0.035675981,-0.007264257,-0.245027645,0,,
v000295,0.0184828314,-0.213357544,-0.022893156,0.1347710987,0.0622327364,-0.013902077,0.4540381477,-0.028375476,-0.037954996,1,fac7,1
v000296,-0.027819166,0.4259053611,-0.123091959,-0.021985168,0.1452239016,-0.087590303,-0.067733435,0.2266153779,0.1116087556,1,fac2,1
v000297,0.3420072258,-0.057859767,-0.017119893,-0.13967797,0.0810138137,-0.023661422,-0.219827707,0.3980908186,-0.135883856,1,fac8,1
v000298,0.2455527631,0.159791481,-0.103385056,0.1883864401,0.023419863,-0.047235644,0.0508651156,-0.034499061,-0.107077495,0,,
v000299,-0.449478304,0.0160731983,-0.094996351,0.5544218351,-0.367419627,-0.016440788,-0.256291194,0.1260885008,-0.156564855,1,fac4,1
v000300,0.0593481772,-0.012952535,-0.115204767,-0.112304852,0.2171024173,0.1287717156,0.479730796,0.3206370257,0.0530560093,1,fac7,1
v000301,0.3122051843,-0.161868322,0.1146191683,-0.018374033,0.0669764052,0.0547118235,0.0057832766,0.0828923794,0.0107589753,1,fac1,1
v000302,0.0883258283,0.3813926528,-0.04766905,-0.096108267,0.1085988703,-0.052863184,-0.111035962,0.0153831343,0.0228124966,1,fac2,1
v000303,0.0546418923,0.1128821996,0.1388021892,-0.152726245,0.1162753936,0.0569750025,0.1091118713,-0.008809263,-0.103147383,0,,
v000304,-0.210539302,0.0115413694,0.7819670938,-0.000858724,-0.051180496,-0.060066544,0.0885873235,0.0106062537,-0.12036444,1,fac3,1
v000305,0.0516200462,0.1474580791,0.1370676236,0.2255201911,0.0818999904,0.1688892383,0.2273719823,-0.094761152,0.2374278956,0,,
v000306,-0.011748223,-0.083669175,0.1676629704,0.0839718725,0.4441733402,0.1509129311,0.0200931948,0.1246740675,-0.007970156,1,fac5,1
v000307,-0.020421144,-0.088538579,0.6491611089,-0.096088147,0.2165439166,-0.005301091,0.0506780949,0.012299982,0.1043652413,1,fac3,1
v000308,0.1071628368,0.2306940765,0.0583213858,-0.246119095,-0.085406298,0.0666680443,0.2604074592,0.1415800892,-0.208740753,0,,
v000309,-0.029010142,0.1877726446,0.0447010435,0.0259040052,-0.074894506,0.1085223053,-0.1605306,0.0229317682,0.0320807034,0,,
v000310,-0.182120726,-0.246571524,0.1114685844,-0.068192849,-0.043405934,0.1625543967,0.0875240208,0.3278590544,-0.342216808,1,fac9,-1
v000311,0.0966642351,0.2626309171,0.1604561212,0.048880659,0.0811802457,0.2662749784,-0.000061432,-0.09525912,0.156382064,0,,
v000312,0.0961027775,0.1617125609,-0.080897609,0.0765654424,0.0559357803,0.1418891777,0.0535195276,0.2913702476,0.31063819,1,fac9,1
v000313,-0.165832311,0.2598112149,-0.005008328,0.1341525378,-0.04579133,0.1694555539,-0.078450992,0.1268882902,0.2190659155,0,,
v000314,-0.076018023,-0.060727655,-0.013839095,0.5887534026,0.075294228,-0.141081363,0.0354052881,0.185019121,0.1547222635,1,fac4,1
v000315,0.1308975169,-0.033014604,-0.250729259,0.4676215692,0.0981909357,-0.00972447,-0.020619942,0.0654709492,0.0187993895,1,fac4,1
v000316,-0.325516593,-0.183176562,-0.300825067,0.3814192805,0.0918816603,-0.269630277,0.2678920836,-0.129417948,-0.199978307,1,fac4,1
v000317,-0.099782795,-0.005259066,-0.013355016,-0.06757765,0.1814991282,-0.107510448,0.3615429324,0.2854653247,0.2333094299,1,fac7,1
v000318,0.0789010628,0.2961431062,0.0131946929,0.2354926105,0.0920891579,-0.224151308,0.1548544022,-0.016284201,-0.130740564,0,,
v000319,0.1502143136,-0.016744931,-0.014645151,-0.03049204,0.1026103202,0.0469593118,0.1336826473,-0.107295335,-0.181070385,0,,
v000320,0.43269429,0.032667626,0.0087233022,-0.074361444,-0.046123013,0.0104384488,-0.004045395,0.0691980355,0.1355125789,1,fac1,1
v000321,0.5566223032,0.0803954765,0.0177226637,-0.0421518,0.0541024749,0.0129839903,-0.053845167,0.0033114649,0.1322978068,1,fac1,1
v000322,-0.061771388,-0.267418573,-0.01888841,0.4381172511,-0.296658807,-0.029446124,0.3180197853,0.5913375436,0.0452667782,1,fac8,1
v000323,-0.088110959,-0.071790876,0.0126810382,0.127849298,0.2686538598,-0.051829528,0.0936405906,0.513254499,0.052672204,1,fac8,1
v000324,-0.209078052,-0.003071142,-0.211180333,-0.355616304,0.8788704314,-0.273796493,-0.229672778,-0.356266995,0.1023677512,1,fac5,1
v000325,0.1058503348,-0.036531006,-0.086002555,-0.024909964,0.1123192472,0.2138009066,-0.065013532,0.1260172964,0.2085414768,0,,
v000326,0.0130202954,-0.133345896,0.0805445704,-0.182980276,-0.033662258,-0.035251201,0.1923590253,0.0829916879,-0.141584097,0,,
v000327,-0.056609613,0.1613260384,0.1717782848,-0.03730461,0.2275659362,0.0065187732,-0.128249261,0.0619022751,-0.129363599,0,,
v000328,0.1216185526,0.3412017465,-0.045033517,0.0681180419,0.2004851195,0.0032867582,-0.061911852,0.367061099,0.1704148586,1,fac8,1
v000329,-0.406604451,0.0000460409,0.641711404,-0.147315303,-0.194580369,-0.183648363,0.1275982587,-0.176450146,0.0174496609,1,fac3,1
v000330,0.1048805949,0.0207801737,-0.044756495,0.4690523543,-0.206190793,-0.121969606,-0.106696128,-0.133204793,0.0283462375,1,fac4,1
v000331,-0.029382881,-0.013863579,0.0038593573,-0.129433139,0.1732356244,0.2988360883,-0.010839491,0.3946570389,-0.035309522,1,fac8,1
v000332,0.1065996932,0.1173699637,-0.005039648,0.05335059,0.1106430656,-0.169642008,0.0232010426,0.1145344263,-0.257397308,0,,
v000333,0.2113928631,0.1139062115,-0.099738722,0.3791992733,-0.142742386,-0.004975832,-0.209924736,0.2357574276,0.0227988551,1,fac4,1
v000334,0.0975663922,0.137265845,-0.103057423,0.3563356993,0.1360535485,0.111026907,-0.051547737,0.0912063049,0.0963691804,1,fac4,1
v000335,-0.047836371,0.0514280961,0.182249797,0.6199757251,-0.041444992,0.0460141268,-0.237834468,-0.075188206,-0.014246265,1,fac4,1
v000336,0.5771612525,0.1018523219,-0.147032792,-0.21982314,-0.117918096,-0.16330942,0.0706148569,0.2013233388,-0.302003294,1,fac1,1
v000337,0.4795947097,0.2484486725,-0.078516858,-0.166311513,-0.076945069,-0.034435673,-0.184067399,-0.07380741,-0.18726314,1,fac1,1
v000338,0.4059110142,0.1978627128,-0.125147037,-0.049980972,-0.121836275,-0.05236078,-0.168846709,0.1163686702,-0.150504544,1,fac1,1
v000339,0.2494418569,-0.024281044,-0.148976847,-0.12850836,0.3763218275,0.2266609039,0.1288585522,0.2106005106,0.0873663823,1,fac5,1
v000340,0.0341968816,0.0969520925,0.0458206507,0.282724698,0.0015101673,-0.093810171,0.0050444072,0.0499984163,0.1116448238,0,,
v000341,0.0374195126,0.247645646,-0.045309728,0.2165182701,-0.187136109,0.0777978387,-0.01590961,0.1115228936,0.0864339442,0,,
v000342,-0.055882667,0.0546526956,0.1336689154,0.4870367965,-0.03864869,0.071476841,-0.028287471,-0.017781677,0.0242593718,1,fac4,1
v000343,0.1461248743,0.2752717438,0.2222402099,0.1609180137,0.1019146802,0.1704634648,0.0148092196,-0.18759025,0.2658993381,0,,
v000344,0.1044976914,0.0356389718,0.0320267491,0.0768905821,0.1944182825,-0.064944188,0.2623295425,0.3423680043,0.0801386219,1,fac8,1
v000345,-0.163398592,0.4552115755,0.0504398176,-0.113481821,-0.147990903,0.1442694702,-0.336651167,0.1687942946,-0.294046896,1,fac2,1
v000346,0.184439454,0.4509999844,0.1085388636,-0.136966776,0.1055027408,-0.092533457,-0.249274727,-0.002992609,0.0460690473,1,fac2,1
v000347,-0.185665909,-0.110633402,0.8106136557,-0.055833072,0.1129326903,-0.211009373,0.1645947455,0.010583196,0.0097383843,1,fac3,1
v000348,-0.114723937,0.0645572881,0.1264476736,-0.103489889,0.3023296838,-0.020562927,0.1067470108,0.2131981797,-0.032604848,1,fac5,1
v000349,-0.157412944,0.241867763,0.0061270709,0.0975440874,-0.183879676,-0.111068569,-0.094725821,-0.008215703,-0.299699565,0,,
v000350,-0.149077001,0.3795307811,-0.246112376,-0.006583201,0.0650308507,0.3937509752,0.0615544914,-0.060084078,0.0638647313,1,fac6,1
v000351,0.0011658666,-0.069389857,-0.025767099,0.4114515411,0.0103578603,-0.029145495,0.1442067764,0.0884726807,-0.036998166,1,fac4,1
v000352,-0.066849149,0.4794122474,-0.134245763,-0.328858305,-0.323389626,-0.078047462,-0.207800535,0.4284143695,0.2031800401,1,fac2,1
v000353,-0.044074201,0.2136053676,0.168931548,0.1434819325,-0.101657555,0.238414409,0.1177233085,-0.031470888,-0.008882084,0,,
v000354,-0.018006641,-0.06302199,0.0576862605,0.161527257,0.1922448805,-0.157055826,0.3933172966,-0.004025055,-0.009304164,1,fac7,1
v000355,0.0817271769,-0.123478256,-0.051785002,0.2149785993,0.3968187076,0.0128431815,0.1186809768,0.1848615788,0.1644558022,1,fac5,1
v000356,-0.051314626,-0.146297416,-0.072703371,0.686055124,-0.038968451,-0.157496268,-0.220188246,0.0814194957,0.0320922951,1,fac4,1
v000357,-0.035534966,-0.09809041,0.6415183446,-0.056214069,0.1667009278,-0.071478914,0.100090749,0.011220752,0.0182772834,1,fac3,1
v000358,-0.117800111,0.2767380269,0.0521523492,-0.151567689,0.254260427,0.011525014,-0.087686953,0.5440202939,0.0825129736,1,fac8,1
v000359,-0.143608487,0.2421520535,-0.132704886,-0.017351182,-0.035568549,0.2725405125,0.1229896387,0.0436120932,-0.1074439,0,,
v000360,-0.160979379,-0.012063098,0.0979821612,0.4190571516,-0.115622784,-0.063999184,-0.097869525,0.0489237314,-0.461082352,1,fac9,-1
v000361,0.1307658281,0.3421663562,0.2035805159,-0.063464601,-0.259472439,-0.007342346,0.0129872723,0.1482482311,0.0066009283,1,fac2,1
v000362,-0.098625083,-0.035818974,0.0529747645,0.0381807268,-0.183061168,0.0155467378,0.0910244661,0.0930452916,-0.466417779,1,fac9,-1
v000363,-0.154471613,-0.264434115,-0.049771588,0.0811980305,-0.094201592,0.0653074359,-0.162515485,0.4128498468,-0.247853925,1,fac8,1
v000364,0.114565617,0.2849374097,0.0902882483,-0.055726992,0.0088769205,-0.023846955,-0.096142235,0.1380519134,-0.072691496,0,,
v000365,0.1116693336,0.1535754416,0.2465031208,0.2863252778,-0.052422587,0.0420367361,-0.054112673,-0.059037024,0.004691624,0,,
v000366,0.189943796,0.142050136,0.0404014011,0.1384798731,-0.08190144,-0.064891733,0.0373653258,-0.077081841,-0.023752938,0,,
v000367,0.3928065437,0.2421562943,-0.082543173,0.022958614,-0.118028155,-0.026245775,-0.116654607,-0.054887485,0.0031996819,1,fac1,1
v000368,0.1225458257,0.2975538919,-0.158975669,0.2512766844,-0.112171401,-0.049166892,0.0205842289,-0.165318642,-0.00584669,0,,
v000369,0.1156401724,0.1219054543,-0.022824055,0.104277177,0.0132524022,0.034260154,-0.049326998,-0.074602199,-0.047980177,0,,
v000370,0.147978805,-0.121458828,0.0480440904,0.0768268466,0.0203802479,0.1368970409,-0.168633791,-0.374829243,-0.03460638,1,fac8,-1
v000371,-0.020809856,0.1716480552,0.0486431254,-0.043389739,-0.032487163,0.0686091798,0.0138750903,0.3827121048,-0.08011049,1,fac8,1
v000372,-0.015379873,-0.047633117,0.0735832396,0.2542964447,0.1225382275,-0.087148764,0.1197751278,-0.101233393,-0.152160086,0,,
v000373,0.0149871734,-0.071194961,-0.311333703,0.7556357525,0.0766457909,-0.327519931,-0.133945458,-0.249890414,-0.166637839,1,fac4,1
v000374,-0.083552092,-0.112370961,-0.069151784,0.523920291,0.1429814357,-0.338925397,0.0788359369,-0.244647901,-0.203399427,1,fac4,1
v000375,-0.040852862,-0.044266803,-0.001061649,0.1369788368,0.0286125938,-0.056654641,0.0759444882,0.0898588377,-0.030097792,0,,
v000376,-0.006178366,-0.00265406,0.0722825651,0.206821374,-0.057025999,-0.079842836,0.0031255802,-0.042694731,-0.071285033,0,,
v000377,-0.236571201,-0.125633743,0.018708849,0.2306318905,-0.260576506,-0.174755657,-0.200688719,0.1982890571,-0.022690383,0,,
v000378,0.0727730117,-0.075903616,0.2770901289,-0.053202523,-0.097968908,0.0894227348,0.077191382,0.0598996477,-0.261064558,0,,
v000379,0.0985891861,0.0572465436,0.0662743848,-0.174535002,-0.01173114,0.0437773333,0.074668242,0.0973844679,-0.331289593,1,fac9,-1
v000380,0.0922754778,0.3744869307,-0.046078623,0.0218510685,-0.055559063,-0.084928151,-0.097817989,-0.066708304,-0.042289994,1,fac2,1
v000381,0.3911136733,-0.074811003,0.2161411999,-0.029061052,0.0523198142,0.2367002057,-0.1177702,0.0035550876,-0.106060233,1,fac1,1
v000382,-0.20893056,-0.342119631,-0.111680204,-0.308955478,0.1294831572,1.15514467,-0.38973344,0.0799672234,-0.150328922,1,fac6,1
v000383,-0.295763133,0.6024598877,-0.320637314,-0.065513467,-0.090985352,0.5465709787,-0.181143793,0.0622682149,0.000802189,1,fac2,1
v000384,-0.010372667,0.253189689,-0.05410009,0.1573486661,0.0575869599,0.1696804011,0.08542102,-0.067012745,0.0606620768,0,,
v000385,-0.204492606,-0.029884122,-0.179050715,-0.368024346,-0.360345915,-0.142825207,0.0221067776,0.1711993551,0.8212148281,1,fac9,1
v000386,-0.016558596,0.2983762985,0.4253818343,-0.153987856,-0.314431055,-0.123877276,0.0338478767,0.2139184626,0.2132003315,1,fac3,1
v000387,0.6334306663,-0.141662667,-0.201515477,0.1282503475,-0.09579664,0.0193089685,0.153076609,-0.051574974,-0.029411518,1,fac1,1
v000388,-0.213290432,0.5162907601,-0.206792699,-0.065865466,0.0260139524,0.2965768131,-0.083678302,0.0286927757,0.1057126396,1,fac2,1
v000389,0.0893600029,-0.095412075,0.1273238762,-0.13584209,-0.083066291,-0.036106511,0.1852072532,0.2687949928,-0.323375428,1,fac9,-1
v000390,0.0325715903,0.2011963834,0.2810251304,0.1844559844,0.0316580445,0.0229350769,-0.168894939,-0.167618898,-0.058224407,0,,
v000391,-0.131318152,0.1750929598,-0.049805239,0.0351209249,0.0785227191,-0.133568824,-0.306896239,-0.005726505,-0.42997878,1,fac9,-1
v000392,-0.012193663,-0.015472743,0.098278879,-0.056862185,0.1395834613,0.0317199569,-0.002625268,0.2776673777,0.0644917581,0,,
v000393,-0.006069798,-0.195255268,0.0059874563,0.022844548,0.0677500279,-0.042793837,0.1736548352,0.0888623907,-0.034485549,0,,
v000394,0.0763191952,0.0930466116,0.1056542168,-0.149493353,0.0162765351,0.0505625254,0.0948675115,-0.029461606,-0.067995406,0,,
v000395,-0.08891925,0.1861033237,-0.188616149,-0.006739137,0.0006431362,0.5073653475,-0.018004838,0.1667540575,-0.020129265,1,fac6,1
v000396,-0.006527116,0.0823734543,0.0243597451,-0.037089759,0.075773829,0.2670034863,-0.101309868,0.2323716534,-0.03142925,0,,
v000397,-0.031741288,0.1343114862,0.0501192421,0.3084730957,0.035271929,-0.008676419,0.0473597158,-0.23304288,-0.241446747,1,fac4,1
v000398,0.1120128709,0.2041140112,0.016066867,0.0672503747,0.0944045833,-0.055037775,0.1502272879,0.0061227569,-0.095023428,0,,
v000399,-0.065346121,0.1200729828,-0.082397947,0.5943634754,-0.151878733,-0.121004987,-0.069146495,0.2735362629,-0.060562311,1,fac4,1
v000400,-0.113618067,-0.018157456,0.2833963368,0.3098408956,-0.028325506,-0.068688086,-0.019931299,-0.071458737,-0.24553027,1,fac4,1
v000401,-0.072941685,-0.048367798,0.0965626702,0.0375697984,-0.045847065,0.0526938945,0.1039562931,0.051523791,-0.286432091,0,,
v000402,0.4965375036,0.3024534346,-0.059507744,-0.034539806,-0.333288256,-0.146743385,-0.060451493,0.1598541557,0.0634825978,1,fac1,1
v000403,0.0155972418,0.3912747536,-0.018444175,0.0220368662,0.1009659665,0.0277573195,-0.058367101,0.0206333165,0.0367699856,1,fac2,1
v000404,0.564110725,0.0749873397,-0.037671257,0.0445925958,0.025932864,-0.013763674,0.0252413832,0.0599105756,-0.001272152,1,fac1,1
v000405,-0.047309834,0.0584933814,0.2293513974,-0.030712916,0.1833052746,0.0758024795,0.1390690793,0.0493927539,0.0476618884,0,,
v000406,-0.122266344,0.1684994604,0.0646971631,-0.254415074,-0.098225802,0.0507814533,0.1915657135,0.4829702059,-0.131490272,1,fac8,1
v000407,0.3529438664,0.141534375,-0.038784414,-0.020486966,-0.077153318,-0.141230248,-0.178708175,0.0595735869,-0.456362779,1,fac9,-1
v000408,0.3451654344,0.069437223,-0.17491311,0.0084782176,0.2558580264,-0.055799129,0.0387975569,0.0374133352,0.0158437117,1,fac1,1
v000409,0.1298191885,0.1283393625,-0.073031766,0.4066206504,-0.05192157,-0.039396572,0.2282110287,-0.084426871,-0.05833699,1,fac4,1
v000410,-0.314117027,-0.244844521,-0.161372157,0.1236594981,-0.406228499,-0.469930337,0.181134853,-0.43742684,-0.796458375,1,fac9,-1
v000411,-0.07958955,0.3158842816,-0.111249659,0.2162876786,-0.010176128,0.0553217197,-0.023517753,0.098758579,-0.004941157,1,fac2,1
v000412,-0.009189747,0.0934064645,0.4384237101,-0.076427689,-0.236924966,0.0204940345,0.3169101652,0.066930325,-0.169686734,1,fac3,1
v000413,0.1141732953,-0.044165889,-0.090439064,-0.053442563,0.250912934,-0.05028068,0.109229364,-0.03704446,0.0956433946,0,,
v000414,-0.020953593,0.0460566918,-0.027178644,-0.058941542,0.4467908401,-0.032365641,0.147289469,0.2367016474,-0.018173336,1,fac5,1
v000415,-0.098493563,-0.026017499,0.129792021,-0.17516802,0.4422258357,0.0058983697,0.1287547387,0.1772031568,-0.053324975,1,fac5,1
v000416,-0.248498057,0.2930486281,-0.355698234,-0.190069546,-0.023330935,0.6544860906,-0.608074776,0.3492904415,-0.030874798,1,fac6,1
v000417,0.0407328604,0.3060152912,0.0095878035,-0.130823362,-0.0370102,-0.048681971,-0.119198969,0.0875332258,-0.312524047,1,fac9,-1
v000418,0.3929995444,-0.087784351,0.0869107944,-0.338509794,-0.341955743,-0.218778907,0.0687688263,0.5781257603,0.1922348791,1,fac8,1
v000419,0.0126350611,-0.123062374,0.0512172499,0.0987152292,0.1718474297,0.0673517436,-0.025859816,0.0418250243,0.0796628275,0,,
v000420,-0.118086025,-0.337040451,0.078359312,-0.119284184,0.4371616564,-0.030520722,-0.400502513,-0.315939403,0.3705681505,1,fac5,1
v000421,-0.150412802,-0.013783258,-0.261785796,0.6468715121,-0.123189613,-0.147558152,0.1316734883,0.1196427713,-0.022518596,1,fac4,1
v000422,-0.225239852,0.0138022038,0.9020721799,-0.083025223,-0.001988277,-0.297706718,0.00490161,-0.017697864,-0.233080847,1,fac3,1
v000423,-0.278063955,-0.136938529,0.8799558589,-0.004087599,-0.137882283,-0.23741785,0.0117974297,-0.151342372,-0.163322557,1,fac3,1
v000424,0.0094577094,-0.033686573,-0.384439904,-0.518220582,-0.27128474,-0.240816109,-0.129410108,0.3660524664,0.7439200648,1,fac9,1
v000425,-0.050028998,0.0208292297,0.3313706066,-0.022124293,0.2301781536,-0.021383318,0.053544564,0.1415067907,0.2422518006,1,fac3,1
v000426,0.0029388241,0.2296844003,-0.166544259,-0.059801346,0.2511377586,0.0434103993,0.0257890713,0.0837336084,-0.119886232,0,,
v000427,-0.060259099,0.0049519622,0.4474428842,0.0916916523,0.080623674,0.1279739502,0.0031922993,0.1424896197,-0.075811743,1,fac3,1
v000428,-0.004395509,0.3820556225,0.1469530211,-0.059935249,-0.268823233,-0.152872474,-0.049900356,0.1059918548,-0.353926142,1,fac2,1
v000429,-0.002817151,0.1573386947,0.033984944,0.0651106255,-0.13998367,-0.091623411,0.1686064857,0.0294561847,-0.46285031,1,fac9,-1
v000430,0.1203741552,0.2994421624,-0.007041812,0.0302945109,0.0356999934,0.0173239478,-0.07799164,-0.097624136,0.0719904408,0,,
v000431,0.020142696,0.2457426689,0.1696555071,0.3100987366,0.0065959787,0.1962841472,0.0426122784,-0.149605211,0.2906176285,1,fac4,1
v000432,0.4785343949,-0.010992406,0.099516317,-0.036113732,-0.120993779,0.1460213803,-0.038478049,0.0140971458,-0.173693133,1,fac1,1
v000433,-0.02058539,0.5501363093,-0.19951068,-0.023559867,-0.196898819,0.1754821212,-0.196670848,0.1235830932,-0.218354322,1,fac2,1
v000434,0.0841754933,0.2871680341,-0.09329412,0.1144235375,-0.158261458,0.0062130427,-0.02591491,-0.10654305,-0.281359382,0,,
v000435,0.0790397635,0.1418566307,-0.074942124,0.239206072,0.147206794,0.045860241,-0.015799631,-0.047540103,0.1284770106,0,,
v000437,0.5796744924,-0.251805683,-0.438518804,-0.612404778,-0.144708899,-0.440827831,-0.359612793,-0.145040982,-0.116650304,1,fac4,-1
v000438,-0.218955309,-0.213516686,-0.146196584,0.8171909656,-0.344451459,-0.211851494,-0.492570071,0.0487388444,-0.392451041,1,fac4,1
v000439,0.0967721259,0.1894868554,0.0851978671,-0.00534312,0.246408197,0.0686270844,0.0287556409,-0.030617893,-0.074382357,0,,
v000440,-0.082876601,-0.063450966,0.7254149179,-0.24004487,0.1037975277,-0.01354604,0.1222365881,0.2045767136,-0.129806165,1,fac3,1
v000441,0.2138601217,-0.091305053,-0.07394339,0.0223095773,0.1226442178,-0.071814929,0.2215997114,0.0199618527,-0.152675558,0,,
v000442,-0.043222163,-0.198766962,0.3335289271,-0.117361261,-0.007632544,0.0224511826,0.3122928429,0.1450753525,-0.339049,1,fac9,-1
v000443,0.0122688106,-0.041345116,0.2972958919,-0.098905113,0.116677457,-0.108103335,0.2292999708,0.2099533479,-0.181522122,0,,
v000444,0.0238316175,0.5167443656,-0.081763873,0.0273698027,-0.06709767,-0.033212238,-0.173221329,-0.173276112,-0.050397038,1,fac2,1
v000445,-0.547032124,0.6834286531,-0.163896078,-0.432038649,0.0073159937,-0.395771855,-0.051587828,-0.114992186,0.0054932192,1,fac2,1
v000446,-0.066967367,-0.039799893,0.4691755678,0.0079466707,0.2885988039,0.10436349,-0.056983577,0.0244609279,0.0114607429,1,fac3,1
v000447,-0.286475251,0.0383610867,-0.07616785,-0.303146154,-0.02853915,0.0518095111,0.4802472186,-0.194887234,-0.461211821,1,fac7,1
v000448,-0.12553199,-0.006989689,-0.14308108,0.435560746,-0.035515164,-0.093408881,0.0956080071,0.120473076,-0.258183833,1,fac4,1
v000449,-0.027413453,0.097067972,0.1498030327,-0.053712221,-0.070105912,0.1565173559,0.0645583468,0.1745164296,0.0707147055,0,,
v000450,-0.046039015,-0.284138143,-0.075004215,0.0454022222,-0.110820717,0.1195116728,0.4046433122,-0.372194601,0.0495745134,1,fac7,1
v000451,-0.041933399,0.0406545226,-0.005868392,0.0204405475,0.2211156219,0.0153396981,0.1451244107,0.0974066249,-0.07233337,0,,
v000452,-0.187970007,0.1482622009,0.7337271607,-0.035975217,0.2097328629,-0.137429562,-0.271416392,0.0084355465,-0.050079607,1,fac3,1
v000453,0.039844873,0.1319257789,0.0984761814,0.0900590707,-0.211164595,0.046695352,0.0604492116,0.1316527559,-0.241647638,0,,
v000454,0.0454799839,0.1967840188,-0.050557374,0.1254908517,-0.179872261,0.0478041954,0.2147686834,0.1327797765,0.163440837,0,,
v000455,-0.07947387,-0.097958536,0.3797090069,0.1475183854,0.0928241724,-0.099608147,-0.111841986,0.2774937193,0.21648268,1,fac3,1
v000456,-0.178477389,-0.116634597,-0.149038026,-0.249383692,-0.890433594,-0.386661916,-0.217587807,-0.098327986,0.2779794739,1,fac5,-1
v000457,-0.009098514,0.5955177291,-0.123160425,-0.106312043,-0.036960928,-0.101149123,-0.22888937,0.0116291279,-0.047469027,1,fac2,1
v000458,-0.161736841,-0.006352572,-0.074345869,0.8649771563,-0.228737327,-0.047557056,-0.46305132,-0.426775963,-0.227795033,1,fac4,1
v000459,0.1669551618,0.1687324024,-0.088266187,0.1783159717,0.1550411196,-0.07050776,0.0416669561,-0.050767169,0.0959718263,0,,
v000460,0.0698163159,0.1665228061,-0.004535837,0.1766565669,-0.105216145,0.2647783327,-0.145439643,0.3368581791,-0.015271122,1,fac8,1
v000461,-0.190854457,0.3910362495,-0.30662885,0.0608901101,0.209325953,0.2089183573,-0.031792132,-0.035441475,0.1600187797,1,fac2,1
v000462,-0.115754732,0.0652086038,-0.104840896,-0.077325154,0.3583238764,-0.001173536,0.0753695518,0.2557654204,-0.062229696,1,fac5,1
v000463,0.0735230919,0.2466643541,0.0676655033,0.0576083336,-0.14180198,-0.039104728,-0.062708763,0.0365299252,-0.068036801,0,,
v000464,-0.169712043,0.4994807732,-0.11628734,0.0270097624,0.0056745149,0.2166398209,-0.008524224,0.1279185821,0.0822348494,1,fac2,1
v000465,-0.226345694,0.4685873291,-0.25723937,-0.095624269,-0.076574494,0.3716732404,0.0500268287,0.1651082158,-0.066740931,1,fac2,1
v000466,0.1357313492,0.0009716368,0.4717804027,-0.165113431,-0.441630234,0.0539781711,-0.21602609,0.1247375271,-0.068696246,1,fac3,1
v000468,-0.207527737,0.0489320489,0.8955170422,-0.150536753,0.1142238348,-0.154032564,-0.248416229,0.0104335384,0.1022206859,1,fac3,1
v000469,-0.043704861,-0.081251871,0.070273897,0.2557079806,-0.024653631,-0.045453324,0.1285703845,0.2113579546,0.0064474714,0,,
v000470,-0.020198204,-0.053595942,0.034799801,-0.053661178,-0.099168859,0.0758179644,0.0438323987,0.0422435686,-0.201878583,0,,
v000471,-0.002535377,0.1354845966,-0.107208199,0.0315126494,0.2587521746,0.0211476743,0.0528341559,-0.088828875,0.1066611046,0,,
v000472,-0.129426413,-0.184546363,0.7164388828,0.0066727268,0.1367118709,-0.028707618,-0.086600657,0.2445670496,0.1913874449,1,fac3,1
v000473,0.2015664572,0.2997285072,-0.025307637,-0.032429616,0.0772226168,0.125467924,0.0648814857,-0.023724042,0.0795804499,0,,
v000474,-0.316778619,-0.033669324,-0.151048791,-0.088376245,0.3765565612,0.3758078909,-0.297325346,0.3781569856,-0.201787139,1,fac8,1
v000475,-0.095599008,0.1506532793,0.0377605406,0.6207765371,-0.054720083,-0.041315828,-0.103260555,-0.173451483,-0.065588622,1,fac4,1
v000476,0.0087754557,0.0370775047,-0.12269648,0.5637103268,0.3241136221,-0.137226869,-0.003190767,0.0155680934,-0.028768841,1,fac4,1
v000477,-0.001588365,0.1693607196,-0.037492171,0.0289363083,0.2023990904,0.1118323882,-0.049649532,0.2601736932,0.2174790128,0,,
v000478,0.2660984566,0.4092662053,0.0458167823,-0.126202937,-0.467666493,0.071115845,-0.196784216,0.223332971,0.3804736135,1,fac5,-1
v000479,-0.057424163,-0.086887491,0.0212823841,-0.077105933,0.11363106,0.4586332802,-0.067703666,0.3822590996,-0.044517959,1,fac6,1
v000480,-0.337918742,0.5003976132,-0.075197902,-0.127801917,0.1329927963,0.2764788315,0.0917312706,0.261935349,0.1039852639,1,fac2,1
v000481,0.3242009057,-0.363285612,-0.114761142,0.5353646182,0.0065115939,-0.198794736,0.126352418,0.1558905136,-0.218243264,1,fac4,1
v000482,-0.051803056,-0.000063712,0.4106384146,-0.160305519,-0.326109808,-0.20484042,0.1264156631,0.3369619382,0.0625574053,1,fac3,1
v000483,0.1168174194,0.1518863153,0.1308423799,-0.28265467,-0.090065251,0.1536858246,-0.107023302,-0.004090356,-0.103625557,0,,
v000484,-0.079414402,0.0174409741,0.2444032782,-0.021153974,0.5093582089,-0.065551665,-0.00652934,0.0313221002,-0.090243263,1,fac5,1
v000485,0.3224835347,-0.178922189,-0.184444195,0.2312883104,-0.017131056,0.0900960121,0.188917539,0.1846724342,-0.137023717,1,fac1,1
v000486,-0.216595147,0.7097782557,0.0474975419,-0.168988775,-0.013362267,-0.157859167,-0.213915018,-0.12421643,0.1127767058,1,fac2,1
v000487,0.274774816,0.3629017444,0.0880557296,0.0293848825,-0.100098261,-0.171450641,0.0613608162,-0.000960254,0.1626287708,1,fac2,1
v000488,-0.086359041,0.0279354718,-0.070258228,-0.023390284,0.2603878548,0.101304367,0.0468774888,0.2835220171,-0.029498954,0,,
v000489,0.2334422203,-0.050515707,0.2699459241,-0.004753206,0.2894658001,0.0455197687,-0.047689122,0.0769054457,0.3297036874,1,fac9,1
v000490,0.1096082036,0.160072211,-0.244126357,-0.140755423,0.4453435958,-0.007501609,0.2238636191,0.1193683242,0.0919940325,1,fac5,1
v000491,0.0764842751,0.5210458095,-0.29215755,0.0813644652,0.0962021255,-0.143310478,-0.442963395,0.1831032524,-0.029646511,1,fac2,1
v000492,0.4062093504,0.0989425678,0.141279666,-0.050722836,-0.003650086,-0.207254433,-0.066821322,-0.036419177,-0.18700143,1,fac1,1
v000493,0.5039242976,0.1293230146,-0.028182976,-0.198521996,0.0360462479,-0.219829104,-0.170000522,0.1048196896,0.1571142038,1,fac1,1
v000494,0.1572925684,0.3535989387,-0.172451417,-0.005929198,0.0806582675,-0.108414482,-0.03457307,0.1569755569,0.023576449,1,fac2,1
v000495,-0.332701451,-0.222103412,-0.461511256,-0.257792878,0.1142819225,0.156710632,0.1204862988,-0.717799535,0.2002878968,1,fac8,-1
v000496,0.0354466517,0.1279968471,0.0051275795,0.2585814324,-0.043018094,-0.030073764,-0.02715185,-0.079893905,-0.189642971,0,,
v000497,0.1940950622,0.3506495402,-0.089623329,-0.19115613,-0.030605696,-0.031048968,-0.142160915,0.0354003708,-0.058530915,1,fac2,1
v000498,0.1976519746,0.3532664053,0.0656776066,-0.23505756,0.0270656813,-0.015450867,-0.217165166,0.0608756227,-0.10575982,1,fac2,1
v000499,-0.015679573,0.0335589839,-0.048165737,-0.117475244,0.114247137,0.0269554164,0.2546585741,0.0489223352,-0.08260065,0,,
v000500,0.0213976721,0.0470865725,0.1562200965,-0.025953254,0.1377466568,0.157251611,-0.092159752,0.5795652771,0.0059527669,1,fac8,1
v000501,0.0035088394,0.0160224221,0.4190273751,-0.035182317,0.2361656406,-0.105760814,0.0490779276,0.1662171496,-0.041324207,1,fac3,1
v000503,0.118424185,0.2792260223,0.0643673224,0.167866402,-0.090130756,0.026275292,-0.027892627,-0.093666158,-0.010861785,0,,
v000504,0.1445756774,0.3049175703,0.0066699109,0.183820383,0.0204612999,0.0062418837,-0.102721884,0.075518362,0.0620926545,1,fac2,1
v000505,0.2249133854,0.1821795925,-0.033563828,0.1208565057,0.0477324612,-0.010320908,-0.04317636,0.0024234256,-0.00367031,0,,
v000506,0.0802463094,-0.049176372,0.0386007599,0.01903157,0.415057954,-0.025058123,0.0702965852,0.1569285834,-0.045904002,1,fac5,1
v000507,-0.133715073,0.2024749596,-0.024535163,-0.011201932,0.3628100194,-0.166762992,0.1448865437,0.1585371526,-0.173687026,1,fac5,1
v000508,0.6223142033,-0.083216841,-0.037224762,-0.121352028,-0.081604531,0.3834606561,-0.238506377,0.0459884381,-0.168226039,1,fac1,1
v000509,0.1205167594,0.0717257883,0.0366440024,0.0512082621,0.1030635921,-0.054808784,0.1130032592,0.1062418982,-0.094689731,0,,
v000510,-0.01720504,0.0615018625,-0.172357858,-0.025622967,0.3886711754,0.1432314026,-0.102058431,0.1074194511,0.2095398588,1,fac5,1
v000511,0.056559568,0.2663112157,0.0567247636,-0.170909288,0.064907071,0.0063894568,0.0326641359,0.1709427117,-0.131409431,0,,
v000512,-0.048292887,-0.029020469,0.1869689633,-0.120839773,-0.097387412,0.015740838,0.3505185142,0.2415192215,-0.166231133,1,fac7,1
v000513,-0.056773078,0.0554109536,-0.103695025,0.0250437245,0.2773831449,0.2039877405,0.1465990252,0.1243413736,0.0029375875,0,,
v000514,0.0084162499,-0.070433651,-0.037182661,-0.090095863,0.0824549143,0.4581954425,-0.041279499,0.4034729999,-0.049033122,1,fac6,1
v000515,0.0080529764,-0.106195152,-0.037421392,-0.10069801,-0.02403329,0.2697470406,0.0566707059,-0.061689842,-0.190073434,0,,
v000516,0.1640944274,0.1434541052,-0.016799047,0.0280194543,0.0247580123,-0.026042276,0.1608319697,0.000424869,0.0754672052,0,,
v000517,0.022280076,0.0660403138,0.1449744531,-0.152231856,0.2363536346,0.0063194277,-0.010849712,-0.018756225,-0.234496052,0,,
v000518,-0.028589308,-0.145177796,-0.009059553,0.1050467108,0.1964348575,0.0223719311,0.461703525,0.1718797185,-0.010756273,1,fac7,1
v000519,-0.007238837,-0.022025146,0.3345498724,-0.051337825,0.5581070953,-0.198302632,0.1439873677,-0.026606992,0.2161805954,1,fac5,1
v000520,0.7633565464,0.0233268213,0.0021104869,0.0735125888,-0.066936306,0.1079068778,-0.033017756,-0.235410516,0.0224881315,1,fac1,1
v000521,0.7068570786,-0.214725137,-0.124669634,-0.020470116,0.0275892804,0.0404178502,0.0650883296,-0.036123705,-0.049618294,1,fac1,1
v000522,0.8077347926,-0.108616256,-0.081618486,0.0668226714,-0.130976833,0.0873149273,-0.010808526,-0.067885645,0.080701605,1,fac1,1
v000523,-0.062161776,-0.171455123,-0.019423975,-0.082821552,0.2055232105,0.274474071,0.0214355336,0.3199111677,-0.214085209,1,fac8,1
v000524,0.4438307389,-0.221527978,-0.114480151,0.0913592025,0.0028385092,0.1389902242,0.4987866249,-0.163917284,0.1076996829,1,fac7,1
v000525,-0.062707442,-0.077949242,0.2444988259,-0.229043528,0.9054225945,-0.327085697,-0.267018435,-0.161514547,0.2190211853,1,fac5,1
v000526,0.3376176482,0.0262621139,-0.040513396,0.0546350525,0.0101382282,-0.083336134,-0.047036703,-0.006270728,0.0709845471,1,fac1,1
v000527,-0.174463337,-0.225377474,0.299848434,-0.127741696,0.2344085002,-0.037099464,0.5207144706,0.1017952412,-0.116376818,1,fac7,1
v000529,-0.273950915,0.0317825393,-0.405724512,-0.172441541,-0.252361815,0.7003876447,-0.757040601,-0.006405767,-0.073608088,1,fac7,-1
v000530,0.3583939286,0.2126376818,0.0560786764,0.250595983,-0.103751992,-0.055728464,-0.083688689,-0.014326667,0.0004930891,1,fac1,1
v000531,0.0547945663,0.0583136123,0.0605345345,0.1997643883,0.0538336187,-0.115922681,0.1886042599,0.1235325342,0.1510150737,0,,
v000532,0.5390267641,0.0601313527,-0.016286767,-0.02306141,0.0214921377,0.1920874737,-0.028582801,-0.008229655,-0.011664783,1,fac1,1
v000533,-0.008465495,-0.184217661,0.2872569126,-0.079871401,-0.015731247,-0.123313072,0.2348044682,0.1275684742,-0.069474037,0,,
v000534,-0.044460818,-0.011523461,0.0382393378,0.0077503824,0.0092877228,-0.007479686,0.1902740846,0.2329461174,-0.051761279,0,,
v000535,0.1352073145,-0.043479301,-0.025353062,0.1912724656,0.053612964,0.115130777,0.1495680548,0.0632007359,0.1213921652,0,,
v000536,-0.158003351,0.0201942296,-0.002794682,0.3273195315,-0.270546777,-0.085234429,0.0256786138,0.2636134509,-0.331534718,1,fac9,-1
v000537,-0.077414577,-0.068089541,0.4068243159,-0.066868044,0.4754244494,-0.034220982,-0.089536112,-0.017431996,0.0024963375,1,fac5,1
v000538,-0.035512452,-0.265126753,0.1987303784,-0.082190196,0.7557204544,0.1959974173,-0.159940125,0.0102290218,0.0160535884,1,fac5,1
v000539,-0.035595242,0.0546460936,-0.001183957,0.2112831364,-0.244898298,-0.100308271,-0.010003015,-0.020499663,-0.466615138,1,fac9,-1
v000540,-0.038091575,-0.112023758,0.0142950489,0.1545815504,-0.148960124,0.085084092,-0.075466112,-0.081340665,-0.437985367,1,fac9,-1
v000541,0.2837704099,0.1064399077,-0.131657121,-0.118902278,0.1595446233,-0.0579817,0.0132044282,0.0263021085,-0.053511127,0,,
v000542,-0.028251939,0.3365362516,-0.038401497,-0.047941884,0.1166965998,-0.284290744,-0.062810571,0.337897297,-0.049601099,1,fac8,1
v000543,-0.232590153,0.4392226651,-0.19943758,-0.084682613,0.0382551425,0.3347979155,0.2585461195,-0.130314535,-0.146631301,1,fac2,1
v000544,-0.401056226,-0.371597723,0.063526783,-0.474531819,-0.012065266,0.2180549217,-0.102490163,0.1733599569,-0.198280236,1,fac4,-1
v000545,-0.01753733,-0.018271563,0.0667356398,-0.076302981,-0.039335584,-0.007188158,0.089731404,0.0753012058,-0.145583038,0,,
v000546,-0.178600486,-0.055031771,-0.058394024,0.0586433138,0.1342203193,-0.213559638,0.0437607197,0.2028061506,-0.245656219,0,,
v000547,-0.127960285,-0.040676156,0.2057406684,0.0009535323,0.1845385237,-0.208217386,0.3322739621,0.0789209908,-0.156138996,1,fac7,1
v000548,-0.257651979,-0.00605422,0.1440687131,-0.11162268,-0.878194499,-0.180500163,-0.480752337,-0.196844033,0.1230334149,1,fac5,-1
v000549,0.0334500746,0.1122350551,-0.048622361,0.0597380089,-0.036549205,0.0890427299,0.0160952116,0.2271581439,0.1479985299,0,,
v000550,0.4610730651,0.0543998498,0.1492043845,-0.188844591,-0.106762775,0.4516504811,0.0543884821,0.0100547919,0.2138656891,1,fac1,1
v000551,-0.201177885,-0.183580026,0.0215538392,0.6422692499,0.0015488777,-0.14015077,0.209393027,-0.115615093,-0.203364572,1,fac4,1
v000552,0.3649167269,0.1576703752,-0.028492555,-0.059011704,-0.054141628,0.0852840424,-0.087204582,-0.084348003,0.0707432052,1,fac1,1
v000553,-0.082831062,0.0129425059,0.1293073018,-0.105523636,0.4176154439,0.0240439191,-0.047384718,0.1460977597,0.1146198515,1,fac5,1
v000554,-0.305497946,-0.077823475,0.788751101,-0.011070984,-0.223465061,-0.116225121,0.1518130409,-0.067831447,0.0468903348,1,fac3,1
v000555,-0.096970819,-0.086543236,0.4705450815,-0.081843217,0.3897869202,0.0964683889,-0.088293254,0.0388309049,-0.062240084,1,fac3,1
v000556,0.2755513177,-0.242820356,-0.103066561,0.1467847885,0.0667134388,-0.116728316,0.1919907523,-0.017723514,0.0514823026,0,,
v000557,-0.082744184,0.0538222092,0.1427598712,-0.108441647,-0.068919977,0.0254793375,0.0088875866,0.2847474212,-0.081242236,0,,
v000558,0.6795097131,0.0746440113,-0.019067369,-0.031436854,-0.013782393,-0.17564059,-0.037883734,0.011152714,-0.044526758,1,fac1,1
v000559,-0.12338241,-0.097206998,0.2808244543,-0.09813484,0.4464480146,0.094040649,-0.098252397,0.1286258449,0.1137881281,1,fac5,1
v000560,-0.124973689,0.2491655563,-0.105627163,-0.074288909,0.2052535323,-0.163961923,0.2696715865,0.4020844886,0.02355206,1,fac8,1
v000561,-0.002412115,0.3962693945,0.0079782095,-0.219882075,0.3490078246,-0.251785402,0.1090343627,0.2582313398,-0.024785392,1,fac2,1
v000562,0.0193814975,0.0898998492,0.0039217597,0.1746489823,0.0867019127,0.2881628722,-0.060636325,0.1579478167,-0.023109019,0,,
v000563,-0.521515524,-0.473982081,-0.130585548,-0.31520375,-0.108625074,-0.315867193,-0.174021264,-0.399752501,0.1752944785,1,fac1,-1
v000564,0.0027986664,0.0154430549,0.1024986576,0.0787855562,0.027065074,-0.049392208,0.0436704327,0.0124571952,-0.148596274,0,,
v000565,-0.006248842,-0.012802233,0.089943775,0.0156763847,-0.015314725,0.0572006034,0.2534391943,0.09289655,-0.126410697,0,,
v000566,-0.026486858,0.084931075,-0.01738076,-0.325013867,0.1673019746,0.0235718286,0.1562255792,-0.061596209,-0.240308182,1,fac4,-1
v000567,-0.167827591,0.0602148538,0.0094172216,0.1395291965,-0.207051523,-0.060562512,0.1390489329,0.1375144098,-0.339585786,1,fac9,-1
v000568,0.2924281117,-0.098865484,-0.114799733,0.2456008095,0.1098099945,0.193632562,-0.0426005,0.225086262,-0.027548884,0,,
v000569,0.1174119967,0.2515824067,0.050925805,0.0560953763,-0.070060785,0.0300759073,0.0609334257,-0.064726948,0.0428261923,0,,
v000570,-0.191041555,-0.197705173,-0.109361759,0.302795028,-0.153102781,-0.26742448,-0.29148843,0.1137955405,0.1003369391,1,fac4,1
v000571,-0.283250501,0.6311949193,-0.211414031,-0.061325965,0.1664693883,0.2874811168,-0.041140847,0.0630055979,-0.018951844,1,fac2,1
v000572,0.0144309072,-0.188928914,-0.042420714,-0.170065643,0.444415335,-0.05319941,0.1363548152,0.194991349,0.1584645636,1,fac5,1
v000573,0.0959533216,0.1131865903,-0.043586659,0.1140607482,0.0509443862,-0.081532579,0.2089277593,0.075247406,0.0140178209,0,,
v000574,-0.131133069,0.0769907231,0.2564660061,0.0890731966,0.0254337696,0.1967700997,-0.003351648,0.0445472882,-0.055318364,0,,
v000575,0.3389362901,0.0586069591,-0.116492439,-0.097306045,0.0400691146,0.7800491842,0.2154248537,-0.207944358,0.1766772539,1,fac6,1
v000576,0.0982821565,-0.015244465,-0.004294606,0.001077068,-0.027420375,0.0110197458,0.067250127,-0.010363526,-0.119579824,0,,
v000577,0.2337495579,0.341166733,0.0584710339,0.0024523673,-0.009645931,0.0086662538,-0.174355831,-0.011048959,-0.193379936,1,fac2,1
v000578,-0.0589343,0.1761801339,-0.039596122,-0.046112075,0.0749655798,-0.050044807,-0.002186724,0.1542931437,0.0255627034,0,,
v000579,0.1028510402,0.06535443,-0.025532179,-0.083727219,0.0869417408,-0.050652789,0.0567730132,0.0258723986,-0.252331704,0,,
v000580,0.5079706896,-0.134004654,-0.120873178,0.2041548151,-0.060099751,-0.108469566,-0.07423946,-0.031521638,-0.168885574,1,fac1,1
v000581,-0.358065314,0.4637046234,-0.006980337,-0.023642024,-0.261726464,0.4714509602,0.0366572254,0.1062559979,-0.033163804,1,fac6,1
v000582,0.0604736628,0.0617680995,0.041158403,-0.038854259,0.3781146395,0.0125313885,0.0485877464,0.0126214178,0.1232207353,1,fac5,1
v000583,-0.029599429,0.1412207539,-0.268162314,0.1521134076,0.4413258122,0.173397601,-0.017648554,0.0844481685,-0.085550829,1,fac5,1
v000584,0.0767055589,0.1664791727,-0.116505739,0.6599389977,-0.212828485,-0.017025484,-0.14234131,-0.170519585,-0.046885228,1,fac4,1
v000585,0.1209951479,0.5415855905,-0.147447486,-0.004373527,-0.12008737,-0.079516259,-0.326731117,0.072815442,-0.189551279,1,fac2,1
v000586,-0.083622552,0.5100826404,-0.072535149,-0.099726311,0.0274216922,-0.043708132,-0.259644036,0.0468970349,-0.069210928,1,fac2,1
v000587,-0.078436402,0.4140529584,-0.088044556,0.02216298,0.1281462395,0.1492999263,-0.152090033,0.0421591356,0.0566174267,1,fac2,1
v000588,-0.136318965,0.1228123162,0.0635941806,-0.001193072,0.1954807135,0.1493166095,-0.197210934,0.6908409893,-0.018496581,1,fac8,1
v000589,-0.046034535,-0.051857702,-0.021762508,0.1976655755,-0.0324165,-0.052358832,0.1272387063,-0.040250208,0.0557035264,0,,
v000590,0.0795898098,-0.156188776,-0.083030656,0.2528859604,0.0523701559,-0.095258914,0.1996125087,-0.055625195,0.0890892057,0,,
v000591,0.031443953,-0.116269724,0.1087436057,0.0533709686,0.5688826843,-0.096959816,0.1974080359,0.0159914834,0.1744144502,1,fac5,1
v000592,-0.113239562,-0.052433577,0.1456054682,-0.013335037,0.1781608467,-0.1162272,0.2082063099,0.1867326575,0.807843095,1,fac9,1
v000593,0.1504400921,-0.137405535,0.2090176761,0.0095327202,-0.036828206,-0.092145216,0.349854909,0.0506449876,-0.357310935,1,fac9,-1
v000594,0.4092137246,0.1132955311,0.0671808698,-0.10956823,-0.167290221,0.5532743083,-0.029463439,-0.179619968,0.1810578644,1,fac6,1
v000595,0.0923620342,0.1871049635,-0.129433277,-0.091022809,0.3369107549,0.0784030686,-0.049000717,0.3331422402,-0.047159739,1,fac5,1
v000596,0.2909032944,-0.007397886,-0.068828384,0.3016252762,-0.325014223,0.0384536144,0.1181684734,0.248115667,-0.008048038,1,fac5,-1
v000597,0.2983111404,0.2554488748,0.0047658383,0.1869154245,-0.17119432,-0.039543151,-0.15010132,-0.227546058,-0.031704388,0,,
v000598,0.0042793377,0.3752978488,0.0754204991,0.0883934349,0.1429443717,0.2437897999,-0.574340303,0.0445555343,0.1125156124,1,fac7,-1
v000599,0.7367946396,-0.12790585,-0.068683886,0.0385673832,0.0342700433,0.1567899351,-0.109219347,0.1077305799,0.0741741386,1,fac1,1
v000600,0.1523392642,-0.220995175,-0.347896602,0.3462103418,0.0918290309,-0.022211831,0.0421194356,-0.073747403,0.0416760956,1,fac3,-1
v000601,0.101941746,0.2957677077,-0.119771589,0.0767407423,-0.043388085,0.0736202623,-0.210989972,-0.171935987,-0.001646437,0,,
v000602,0.1380052139,0.2410456619,-0.170088725,0.0718842261,0.2701840785,0.0330960794,-0.12109813,-0.357983026,-0.046003606,1,fac8,-1
v000603,-0.436523536,-0.082658104,-0.416847437,-0.172573697,-0.030095612,0.0011394717,0.0753494363,-0.573325009,-0.190514754,1,fac8,-1
v000604,0.6806880752,0.0553187304,-0.101510535,-0.158983135,-0.051233194,0.0860102312,-0.061884649,-0.079558945,0.0260969963,1,fac1,1
v000605,0.1061536452,0.0750286635,0.0391581128,-0.087688853,0.0188505233,0.1836222926,-0.05380562,-0.032833945,-0.031375937,0,,
v000606,0.1013609645,0.0033960108,-0.101035562,-0.031668131,0.0351919563,0.034607661,0.2170870556,0.0328818844,-0.121115052,0,,
v000607,-0.027782499,-0.098900006,0.0028947872,0.0415469687,-0.039568029,-0.030093868,0.0852914478,0.0387117776,-0.219683382,0,,
v000608,0.0499762108,0.085351693,0.111987392,-0.044702632,-0.174124489,0.0378543509,-0.038915831,0.0318593529,-0.172544874,0,,
v000609,0.3288036402,0.4368124294,-0.1714048,0.0306269627,-0.192144676,-0.017620335,-0.017863088,-0.11489982,0.0162099794,1,fac2,1
v000610,0.1465964813,0.2378722352,-0.047927132,0.0036003533,-0.099803295,0.0364685303,0.0840450064,0.1768520459,-0.058999344,0,,
v000611,0.0945999242,0.2182062449,-0.004983682,0.1583781773,-0.017748736,0.0769168086,-0.110257828,-0.225573882,-0.05458796,0,,
v000612,-0.064368517,-0.218430889,-0.038891324,-0.063118384,0.2982617657,0.2160212845,0.2031380938,0.3759596301,-0.182544207,1,fac8,1
v000613,-0.138831028,-0.138365996,0.1357572106,-0.002868727,0.1624461743,0.3170840631,-0.041599527,0.1928387045,-0.318110633,1,fac9,-1
v000614,-0.0177954,-0.097348316,0.0086549488,-0.036732729,0.1247806326,-0.155628299,0.093624454,0.0796211849,-0.365952723,1,fac9,-1
v000615,-0.11100441,-0.049767827,0.0583603552,0.0628505234,-0.179054598,-0.023125911,0.1562231412,0.0991815335,-0.528940092,1,fac9,-1
v000616,0.0009684646,-0.049175036,0.07460544,-0.010539606,-0.020086521,0.0177026302,0.2840430778,0.0582446927,0.1824879248,0,,
v000617,0.0780895156,-0.123768559,0.0366608747,0.1028817253,0.054730855,-0.001665824,0.2344865448,0.353581992,-0.003343092,1,fac8,1
v000618,0.4885495006,-0.145110227,-0.06360788,-0.00163647,0.0336048456,0.7881555903,-0.281366476,0.0088177771,0.0674361061,1,fac6,1
v000619,0.1015358637,0.2721519523,-0.009771815,0.0104004467,-0.072713461,-0.027497375,-0.005108361,0.0157792762,-0.007272507,0,,
v000620,0.0798329966,-0.089912675,0.0521266839,0.0777600987,0.1149369201,0.2250848545,0.0255817575,0.4242369544,-0.03144352,1,fac8,1
v000621,-0.00443145,-0.035397914,-0.095337331,0.6230180652,-0.049876598,-0.133820997,0.0141923466,-0.168114482,-0.00651912,1,fac4,1
v000622,0.1493141581,-0.004303564,0.2153356074,0.6102586129,-0.038836879,-0.057154966,0.0190410405,-0.330475795,-0.087867351,1,fac4,1
v000623,0.1968722769,0.3534378075,-0.043936505,0.0446281407,0.0213446339,-0.039461796,-0.222712696,0.1203554398,-0.086726868,1,fac2,1
v000624,-0.162813444,0.0308652153,-0.085933772,-0.134027447,0.3766678779,0.3726417541,-0.03829622,0.228516895,-0.139843014,1,fac5,1
v000625,0.0349986561,-0.006851542,0.121674599,0.0557311999,-0.00866529,-0.027076367,0.0149650369,0.0938517874,0.08371862,0,,
v000626,-0.20808009,0.7169873848,0.0805666148,-0.128052382,0.0644057892,-0.190493774,-0.261496904,0.1710410433,-0.101761209,1,fac2,1
v000627,-0.470288156,-0.896678891,-0.307338689,-0.488824024,-0.246013015,0.0858347577,-0.377435885,-0.439486021,-0.066889276,1,fac2,-1
v000628,-0.01576134,0.1456780976,0.0847302608,-0.045509593,0.1121577372,0.0232237499,0.0399658582,0.359812354,-0.137790063,1,fac8,1
v000629,-0.601012187,-0.857005894,-0.570908953,-0.404198027,-0.300347383,-0.354787545,-0.216027015,-0.652126869,0.2387940986,1,fac2,-1
v000630,-0.023426001,0.0084440671,-0.026756291,0.1287532477,0.1930286756,-0.114788701,-0.02133009,0.047261384,0.0044535369,0,,
v000631,0.0736809726,0.1123816712,0.1450287236,-0.002441827,-0.156913175,0.0024267096,0.0435115818,-0.062829117,-0.246917411,0,,
v000632,-0.043463848,-0.093464898,-0.17740402,0.0832589462,-0.105971708,-0.161221792,-0.022249544,-0.458591909,-0.293157377,1,fac8,-1
v000633,0.1054124426,-0.070527549,0.0173718438,0.2861597391,-0.105025908,0.1128333919,0.2636402554,-0.250684811,-0.067471739,0,,
v000635,0.0870010208,-0.032952103,0.1632437472,-0.306673751,-0.355472763,0.1423586164,0.0740573107,0.2841251532,0.0462175427,1,fac5,-1
v000636,-0.190301826,-0.293965198,0.0320476408,0.0376551116,-0.099451338,-0.115783978,0.7903511776,-0.000717772,-0.173990667,1,fac7,1
v000637,-0.15203569,-0.329588035,0.0362074158,0.1161190689,-0.017724585,-0.062416614,0.7432359181,0.1167009169,-0.178608337,1,fac7,1
v000638,-0.034089758,-0.138070383,-0.153411106,-0.083878554,0.5923971406,0.0741833829,0.1145620061,-0.048494627,0.1763606721,1,fac5,1
v000639,0.1105265681,0.3193151107,-0.28249084,-0.109758783,0.2914105297,-0.138732551,0.1630952043,-0.234406394,-0.228658692,1,fac2,1
v000640,-0.256389032,0.1041141159,0.2648658338,0.3855546576,-0.230827412,-0.1746992,-0.08540836,-0.098401117,-0.193358915,1,fac4,1
v000641,-0.00762286,-0.251503075,-0.120934128,0.3430670898,0.312179007,0.0027799865,-0.057078469,0.2334427998,0.0745704103,1,fac4,1
v000642,0.2291705842,0.473652152,-0.125128135,0.0578621526,-0.107188422,-0.061266779,-0.189727133,-0.027660742,-0.004760001,1,fac2,1
v000643,0.4259123186,-0.251127157,-0.204690725,0.0672868482,0.1222400763,0.0382424051,0.1232746528,0.2953472967,0.1291636023,1,fac1,1
v000645,0.150936459,0.0875776065,-0.119845008,0.1724978311,0.1844072421,-0.148018055,-0.023359342,0.1044122995,-0.068888092,0,,
v000646,-0.123661758,0.0661504493,0.0332232458,0.094295719,0.5469687137,0.0075418097,-0.03172916,0.1024084952,0.113002003,1,fac5,1
v000647,0.0087663303,0.1147337968,0.0299922211,0.040974894,0.0663885068,0.5842052715,0.0324917497,0.0472373426,0.0713327445,1,fac6,1
v000648,0.1439509361,0.3092830346,-0.043288745,0.1318292637,-0.004932136,0.0366194346,-0.020045027,-0.133411567,0.0306879329,1,fac2,1
v000649,-0.008664434,0.0501944134,0.00051078,0.2202908536,0.0530782637,-0.090817992,-0.018168911,-0.05109605,-0.049153386,0,,
v000650,0.1001051965,0.0183073131,0.3711463609,-0.162389589,-0.072160729,0.0433298917,-0.012881764,-0.004911355,-0.129538264,1,fac3,1
v000651,-0.01720789,0.1608673451,0.1043543589,-0.061157284,0.0061595578,-0.079941887,0.0536462438,0.2009852541,-0.023470092,0,,
v000652,0.4487723164,-0.042797971,-0.01374493,0.0776471532,-0.033744498,0.269732827,0.1743954485,0.1423304132,0.1564272884,1,fac1,1
v000653,-0.212018198,-0.096567707,0.0138106429,-0.127229395,0.8215365843,-0.151053513,-0.160711104,0.0642859075,0.1702921603,1,fac5,1
v000654,0.1423210896,0.0504809791,0.2653354068,-0.382546857,0.005606401,-0.22133373,0.2088838982,-0.042947514,-0.208019268,1,fac4,-1
v000655,0.0202042992,0.086433167,-0.014637574,-0.044554363,0.1260547374,-0.019278583,0.0330012123,0.0330688925,0.0450884273,0,,
v000656,0.2429091004,0.3515959199,-0.11861077,-0.014146305,-0.001611834,0.0489429801,-0.123190971,-0.066014675,0.0521191025,1,fac2,1
v000657,0.332059341,0.1813893673,-0.049720128,-0.075649717,0.0520963442,-0.02571839,-0.062234402,-0.113181788,-0.226976029,1,fac1,1
v000658,-0.004794547,0.077946493,0.1800258645,0.0644981043,0.205088293,0.1033477182,0.1116036459,-0.094200969,0.1425917421,0,,
v000659,0.0615833591,-0.120559218,0.0545726318,0.208791943,0.0824978095,-0.016017329,0.1902175328,0.1327795655,-0.073269336,0,,
v000660,0.220694479,-0.404979292,-0.039768296,0.018668206,0.096006824,-0.198162403,0.308845964,-0.045492969,-0.382046732,1,fac2,-1
v000661,0.04653776,-0.064958755,-0.281773633,0.4129547321,-0.191186603,-0.041812528,0.3772619392,0.1314774422,-0.007909705,1,fac4,1
v000662,-0.028948377,0.0143866178,-0.056869332,0.3816187622,-0.188224131,-0.145755259,0.3241296507,0.0250915271,-0.096651737,1,fac4,1
v000663,0.0454647423,0.1644982005,0.140897726,-0.032632023,0.2072556351,0.000550421,-0.1656492,-0.00864141,0.0652413001,0,,
v000664,-0.188152707,-0.15467662,0.4720577543,-0.132505002,-0.116891401,0.0723298458,0.4459885941,-0.034840304,-0.342448206,1,fac3,1
v000665,-0.372592306,-0.219242454,0.1088970946,-0.177979849,-0.129133885,0.3192281786,0.0905065398,0.2379916656,-0.186974764,1,fac1,-1
v000666,0.0433055742,-0.142983929,-0.101357492,0.3683371317,0.0927188066,-0.094258197,0.1597201934,0.0527804984,-0.299384373,1,fac4,1
v000667,-0.027601757,0.008150652,0.0315721752,0.417517674,0.1974532135,-0.066304387,0.1076399292,-0.032595948,-0.0041528,1,fac4,1
v000668,-0.1159228,-0.031647864,0.044761126,0.0924362795,0.1474184218,0.0476219894,0.2041870226,0.0423530726,-0.22149784,0,,
v000669,-0.046353085,-0.322774836,-0.185912529,0.4870244045,-0.053878858,0.043023691,0.263605401,0.2895518488,0.0205180121,1,fac4,1
v000670,-0.22506575,-0.322576869,-0.111993314,0.5015432784,-0.032697554,-0.034109757,-0.013557868,0.645213146,0.1401918165,1,fac8,1
v000671,0.8552128292,-0.109689129,-0.288136482,-0.272794627,0.0266492677,-0.316033084,-0.005280327,0.2446852136,-0.08276261,1,fac1,1
v000672,-0.065096444,0.0232843039,0.2327773033,-0.123342565,-0.002896989,0.1231927918,0.2317926304,0.3073562264,-0.219446701,1,fac8,1
v000673,0.0732454778,-0.00100429,-0.206771575,-0.08189727,0.3653176828,-0.219471343,0.0311564155,0.1686221761,0.1675101422,1,fac5,1
v000674,-0.183279143,0.3696612432,-0.058935225,-0.131165548,-0.226349339,0.5935654209,0.1423117214,-0.33124939,0.2396767394,1,fac6,1
v000675,0.1209581484,0.3456975356,-0.112341233,-0.185503548,0.056656782,0.0791906776,-0.289059528,-0.099867015,-0.333045932,1,fac2,1
v000676,-0.122227202,0.1319795699,0.1561006771,0.0192171694,-0.082731838,-0.075439385,0.0237117016,0.0585884186,-0.391076572,1,fac9,-1
v000677,-0.019191903,0.0105092818,0.1408288978,0.0479840185,0.1315840599,0.3054742412,0.1589881188,0.3374452858,0.0998729526,1,fac8,1
v000678,0.0536112638,-0.008134442,-0.054229847,0.1411177348,0.1825281499,0.0126646456,0.2837808165,-0.081140444,0.0916573748,0,,
v000679,0.2390137384,-0.116433519,-0.011037569,-0.305349392,-0.094927923,0.6244240284,-0.201952599,0.0918505993,-0.317290686,1,fac6,1
v000680,-0.239795147,-0.136729375,0.2040985674,0.467133929,-0.254132635,0.0659140713,-0.025088394,0.0185114862,-0.175290404,1,fac4,1
v000681,0.0761501711,0.1435037707,0.0190280997,0.0064263318,-0.039671636,-0.016545722,0.0435355988,0.0460306144,-0.054146196,0,,
v000682,-0.0013099,0.5745792478,-0.088865815,-0.0613118,0.0955324896,-0.132552463,-0.20988247,-0.006519194,-0.117985279,1,fac2,1
v000683,0.1655835216,0.1080282349,0.1794784331,-0.106998355,0.2919582339,0.0381902263,-0.085902852,0.2002876689,-0.096093269,0,,
v000684,-0.052100242,0.2403173295,-0.021246481,0.2916813916,0.0091240726,-0.004983581,0.1444387471,-0.219668944,0.0391560558,0,,
v000685,0.0240061115,-0.094086691,0.3349418708,-0.042166499,0.1196598503,0.0588284118,0.2200195549,0.1253506348,-0.032508025,1,fac3,1
v000686,0.3182019014,0.0322033445,-0.36652943,0.1860766278,0.2066171747,-0.181021993,0.0371604115,0.0322871344,-0.117822228,1,fac3,-1
v000687,-0.112232322,0.0266534078,0.1113678071,0.4311629469,0.1589567346,-0.100152643,0.0178697253,-0.006058595,0.1658244669,1,fac4,1
v000688,-0.047288997,0.0014424172,0.1524179494,0.5326078298,0.032723405,-0.087067778,-0.131975529,0.32278108,0.0346496664,1,fac4,1
v000689,0.0461095627,0.045604054,-0.000306251,-0.0420442,0.2908268189,-0.099506766,0.1941870572,0.2596818738,0.0006068419,0,,
v000690,-0.135582059,-0.00761925,0.1221154462,-0.072803199,0.55802647,-0.088377796,0.066446364,0.2319639452,-0.061293765,1,fac5,1
v000691,0.0343028939,0.0915538125,0.1496838526,-0.06109233,0.0502392543,-0.005236575,-0.03710445,0.0242776751,-0.24572324,0,,
v000692,0.0101021499,0.0775125009,0.0923991025,-0.047073318,0.1534088053,-0.105870716,0.112459609,0.172943657,-0.128507414,0,,
v000694,0.0112969116,0.1040827431,-0.210476668,0.6293717382,-0.077518526,-0.168319888,-0.08879351,0.0332464784,-0.159275359,1,fac4,1
v000695,-0.172954649,-0.289516466,0.651512438,-0.074010335,0.2835720005,-0.118022021,-0.436528901,-0.126582556,0.2722148971,1,fac3,1
v000696,0.0573252995,-0.017191897,0.0393310118,0.0387659348,-0.054839002,0.0030259767,0.0046963709,-0.018539737,-0.24626232,0,,
v000697,-0.139683302,0.2226471994,-0.158681763,-0.090971764,-0.151531245,0.5554941959,0.4857646426,-0.345517007,0.0494132921,1,fac6,1
v000698,0.0128829958,0.0226802628,-0.030486536,0.3233024532,-0.090033405,0.0412949093,0.071556063,0.0927910762,0.0429330748,1,fac4,1
v000699,0.0146929697,0.1534245434,0.0747936557,0.2211649985,-0.065783601,0.0455059008,0.2143749185,-0.034941676,-0.109712409,0,,
v000700,-0.026556809,-0.076957613,-0.055420195,-0.043367072,0.6381696423,-0.025736825,0.1738559261,0.2195394048,0.1467550013,1,fac5,1
v000701,-0.05964127,-0.016954194,-0.003456013,-0.048353445,0.0753982281,0.1096185402,-0.045054539,0.4168775918,-0.056711122,1,fac8,1
v000702,0.0075952751,-0.052882778,0.4331203275,-0.144178633,-0.128592409,0.0043862002,0.0847307679,0.0316814485,-0.147377426,1,fac3,1
v000703,-0.101426126,0.6747527033,-0.102076123,-0.211865781,0.0824611004,-0.453795117,0.1340674059,-0.169730896,-0.219922901,1,fac2,1
v000704,-0.148421712,-0.021390921,-0.323888339,-0.359630179,0.2792931715,0.2576003826,0.343732976,-0.246873901,-0.269546868,1,fac4,-1
v000705,-0.055775644,-0.041845155,-0.029302438,0.1453008143,0.0052166735,0.0725379745,0.4900582397,0.0280710571,-0.002713181,1,fac7,1
v000706,0.0798562659,0.3358302803,-0.252650192,0.2868797114,0.0170915305,-0.059432799,0.0508886862,-0.052349915,-0.138397451,1,fac2,1
v000707,-0.090592877,0.3431142454,-0.180324894,0.0673051965,0.1218026243,0.0717736225,-0.009884268,0.1386256369,0.1274906908,1,fac2,1
v000708,-0.151554701,0.1056171463,0.0508575968,0.5549071657,0.0007904313,-0.105979278,0.143652071,-0.273489464,0.0479483254,1,fac4,1
v000709,-0.203382861,-0.322994814,0.7898032404,-0.131886912,0.1809332828,-0.271846916,-0.706551937,-0.248589597,0.3945164672,1,fac3,1
v000710,0.3149199894,0.1146264909,0.2630494417,0.0381499058,-0.23013836,0.2493771902,-0.478908699,-0.414165176,0.0854002598,1,fac7,-1
v000711,-0.173537882,0.5097767471,-0.039028753,0.0833121114,0.0556491485,-0.190635802,-0.067189827,0.0857909202,0.0649113211,1,fac2,1
v000712,0.030215587,-0.276147759,0.0283443102,0.3527079463,-0.02052569,-0.066297171,0.2926590501,-0.085930294,0.1306093454,1,fac4,1
v000713,0.0233750762,-0.257714704,-0.213722596,0.5373142861,-0.000064353,-0.195404214,0.3175174023,0.1010540559,-0.288039847,1,fac4,1
v000714,0.0433138382,-0.177298883,0.0157871354,0.1773638056,-0.066992134,-0.03671917,0.5110709795,0.0643237838,-0.040206638,1,fac7,1
v000715,0.0204359983,0.0071045243,-0.094555635,0.2598934015,0.0457692818,0.1103101617,0.0983947895,-0.029941375,0.0243841668,0,,
v000716,0.0618785155,0.1674835026,-0.00968876,-0.013427484,0.2015996757,0.0444123874,-0.051901328,0.0652498081,0.0968324765,0,,
v000717,-0.170625189,0.3547890074,-0.090572021,-0.306619798,0.7189266174,-0.166341378,0.0010862224,0.2129564396,0.1041641159,1,fac5,1
v000718,0.0044448451,0.0224492017,-0.020128089,-0.002635918,0.0837260893,-0.009327571,0.362763819,0.0482432888,-0.140824023,1,fac7,1
v000719,0.0979783044,-0.161337848,-0.293350859,0.3877392005,0.0420870198,-0.087216479,0.1030274227,-0.09488527,0.0214249076,1,fac4,1
v000720,-0.046141789,0.0330727546,0.0079830192,0.0466911674,0.2995114099,0.0770356471,0.0142392189,0.2293594774,0.1491850258,0,,
v000721,-0.014960555,0.0053654943,0.1797165063,0.321873354,0.0350125135,-0.038441504,-0.239232719,0.0475432851,-0.226631155,1,fac4,1
v000722,-0.075827457,0.0848428684,-0.073677362,0.6529655433,-0.114213307,-0.120839825,-0.15678622,-0.138525469,-0.193472112,1,fac4,1
v000723,-0.211926152,0.435446692,-0.036656671,-0.283431089,0.295926895,-0.080607223,0.3193412084,0.1991774189,0.083337118,1,fac2,1
v000725,-0.068726697,-0.242493849,0.6523939996,-0.149155287,0.0363321536,0.158224443,0.206020995,-0.011175789,-0.153267503,1,fac3,1
v000726,-0.082778961,-0.024608155,0.4309850918,-0.037389417,0.5466372386,-0.062925951,-0.050192017,0.0562142464,0.0966140515,1,fac5,1
v000727,0.7449073958,0.0275986858,-0.117607366,-0.016419025,-0.151750253,0.079255955,-0.229047769,-0.04893634,-0.223693242,1,fac1,1
v000728,0.1555461862,-0.462830173,0.0259911953,0.0194544269,-0.083417934,-0.261044399,0.3845122718,0.0432955066,-0.389671793,1,fac2,-1
v000729,-0.025660096,-0.019795553,-0.095157469,0.6359507189,-0.093144969,-0.021510482,0.0341797379,0.0244613087,0.0987842561,1,fac4,1
v000730,-0.083595948,-0.050515512,-0.034029856,0.4982408589,0.0803467289,-0.018154021,0.0837320513,0.072720589,0.1238756428,1,fac4,1
v000731,0.0626096318,-0.09978609,0.1737293341,-0.07607899,0.398039974,-0.143919752,0.1374907074,0.0658478455,-0.276311232,1,fac5,1
v000732,-0.100558466,-0.19888531,0.5450347807,-0.05640194,-0.106532639,-0.001875187,0.1896040926,-0.071741967,-0.064592941,1,fac3,1
v000733,-0.091602401,-0.115284837,0.5733222941,-0.013832466,-0.113887568,0.0426714812,0.199048751,-0.078828568,-0.204278359,1,fac3,1
v000734,0.0646028682,0.4565050244,0.1968745046,0.101734879,-0.029404844,0.253498357,0.0166798103,-0.216714582,0.2148695781,1,fac2,1
v000735,-0.154778725,0.1859815147,-0.099526729,-0.1084066,0.8487545246,-0.101483563,0.0472773964,-0.058765059,0.201624352,1,fac5,1
v000736,0.5207153235,-0.280220994,-0.088300664,-0.237963328,0.059895516,0.3270765404,0.047868978,0.2992571986,-0.024215002,1,fac1,1
v000737,0.6344740385,-0.255917035,-0.140565861,0.0091310077,0.0275786112,0.0381628113,0.1994661236,-0.001629567,-0.031563453,1,fac1,1
v000738,0.0672445716,0.4669651386,0.2613152947,0.1304326528,-0.075031986,0.2907001982,0.1229849103,-0.404365359,0.2978031564,1,fac2,1
v000739,0.0271068638,0.3867962493,-0.032419558,-0.054471827,-0.017009092,0.1066599981,0.2600620918,0.0251436597,-0.028742002,1,fac2,1
v000740,0.1825834447,0.0820994543,0.345041203,-0.066355456,-0.112953086,0.0508105654,0.0732915077,0.3437425881,0.1396517534,1,fac3,1
v000741,-0.17025448,0.0005614739,0.1790984798,-0.196199218,0.5888646229,-0.124916005,0.3427896962,0.0559488034,-0.022594166,1,fac5,1
v000742,0.0260361076,-0.071861004,0.3305115322,0.0369319384,-0.10693733,0.0290872167,0.2636988326,-0.015738963,-0.162066609,1,fac3,1
v000743,-0.154781714,0.3632954238,0.0627011538,0.3595578002,-0.17339366,0.1103750533,0.1655468513,-0.07510456,0.131080839,1,fac2,1
v000744,0.005973425,0.3731437931,-0.080027549,-0.245814225,-0.034487856,-0.077948565,0.2136266223,0.2971434541,0.350167876,1,fac2,1
v000745,-0.118086131,-0.038602695,0.0538643755,0.0277716576,0.009591941,0.0116473505,0.1936795551,0.0290265317,-0.181961514,0,,
v000746,-0.025318536,0.0695647964,0.1936752468,-0.029761218,0.0523326262,0.1130145125,0.0920905959,-0.048303872,0.0520770785,0,,
v000747,-0.057198489,0.0199414095,0.0028083594,0.0680169075,0.1021418548,-0.030210002,-0.024064695,0.3898946143,-0.10639675,1,fac8,1
v000748,0.0994804092,-0.081491526,-0.057031914,0.3198347634,0.3004351271,-0.085950354,0.1365972302,0.0762348695,0.1118590389,1,fac4,1
v000749,-0.005607599,-0.027516167,0.2099267667,0.0163631779,0.4042862498,-0.070145586,0.1327014145,0.0595190144,-0.074939418,1,fac5,1
v000750,0.5858702185,0.0473629933,-0.016947406,0.0809618094,0.0286214007,0.2474452829,-0.009681522,-0.138272616,0.1349154159,1,fac1,1
v000751,-0.072237196,0.0518135767,-0.095015969,0.4338038066,-0.064214539,-0.086631544,0.0969806557,0.3312931875,-0.003249884,1,fac4,1
v000752,-0.146330582,-0.138627117,-0.187712277,0.5726271758,-0.170699102,-0.359115278,0.3166103774,0.4678878296,0.1277778869,1,fac4,1
v000753,-0.255732768,-0.482246462,-0.175627653,-0.351936846,-0.290038563,-0.315264038,0.0584879126,-0.158006996,0.9474606974,1,fac9,1
v000754,0.0793604521,-0.072604035,-0.09738797,0.0663896367,0.3618494008,0.0240102068,0.0496472821,0.2259624228,0.0885933515,1,fac5,1
v000755,0.0268212279,-0.110725225,-0.052191002,0.0641771211,0.1566793157,0.0035071873,0.2101107404,0.2942102678,0.1714921913,0,,
v000756,0.0053559274,-0.206675893,0.0180206564,0.0714826485,0.3063608188,0.1815705153,0.4983527004,-0.006851512,0.0792097456,1,fac7,1
v000757,-0.059901505,0.0098167686,-0.207469739,0.7278546335,0.0626998328,-0.03591695,-0.016713868,0.1668692121,0.0777609161,1,fac4,1
v000758,0.0382334151,0.2410905561,-0.159382965,0.0902363738,-0.091196983,0.0020233044,-0.054435307,-0.054047857,-0.350272935,1,fac9,-1
v000759,-0.244270653,-0.444754246,-0.140745044,0.774498676,-0.122893016,-0.142042487,-0.297356062,0.3497996232,0.103318437,1,fac4,1
v000760,-0.501108649,-0.596633602,-0.378330716,0.7075811783,-0.139351533,-0.120803853,-0.085498916,0.1725818439,0.5478281939,1,fac4,1
v000761,0.0636448825,0.4740809683,0.0423833171,0.1003011981,-0.006117885,-0.076356644,0.0151991616,-0.004903284,0.1412988855,1,fac2,1
v000762,-0.014639734,0.415742298,-0.077305383,0.0263801422,0.0160736634,-0.061094916,-0.137561546,0.0794763853,0.0951851632,1,fac2,1
v000763,-0.171850276,-0.057990015,0.0409836878,0.3124258182,0.1897137512,0.0729537446,0.1587554352,0.0229411988,-0.123251634,1,fac4,1
v000764,0.3641546988,-0.051697574,-0.158581289,0.1044495122,0.0055420722,0.0109000266,0.0771036679,0.0439045601,0.1767579477,1,fac1,1
v000765,0.4513635332,-0.023648367,-0.134194443,0.1321596727,0.0681954817,0.0013985211,0.115844825,-0.019844959,0.1188465015,1,fac1,1
v000766,-0.091875279,-0.031594992,-0.043202187,0.3417393768,0.1855644499,0.0576745957,0.0211321346,0.051543272,0.0826399149,1,fac4,1
v000767,-0.114574668,-0.02512971,-0.036081978,0.4766473926,-0.053554492,-0.03599826,-0.107711904,-0.2114502,-0.22019433,1,fac4,1
v000768,0.0364752933,0.3371296069,0.0513498861,0.0319242673,0.1467722984,-0.034922579,-0.005015722,0.0412750456,0.1097076815,1,fac2,1
v000769,0.1497867925,0.1296905314,-0.135841749,0.2313843742,0.1666633483,-0.13093086,-0.147775282,0.0992722592,-0.262404792,0,,
v000770,0.1523903473,0.0894063429,-0.106779184,-0.064635762,0.2419103345,0.1571320004,0.0662646462,0.1822385721,0.3348600483,1,fac9,1
v000771,-0.054772299,0.1661314783,0.0351045172,0.4195111936,-0.102638035,-0.133798834,-0.155868808,0.4256291904,0.0004915595,1,fac8,1
v000772,-0.296179168,0.0206396205,-0.196979983,0.5483473537,0.1236516515,-0.163772818,-0.187650016,0.5390325288,0.1564441181,1,fac4,1
v000773,0.1465563334,0.1235525505,-0.150600443,0.3700717931,0.0445170191,0.1010171762,-0.042392572,0.1086905878,-0.067003171,1,fac4,1
v000774,-0.032211054,0.315758219,-0.004951012,0.2966267014,-0.017258139,0.1877038703,-0.006725078,-0.089395758,-0.040409719,1,fac2,1
v000775,-0.147060695,0.4442391147,-0.081926433,-0.031630176,-0.025509024,0.0801279493,0.1989483232,0.1317969497,0.0121853731,1,fac2,1
v000776,-0.194582993,-0.091599967,-0.056487585,-0.1684153,0.1598545971,0.054009162,0.318874389,-0.420108976,-0.110915879,1,fac8,-1
v000777,0.036745666,-0.185693811,0.1629993325,0.0602168701,-0.05026403,0.0108824951,0.520114255,0.1543566293,0.022676405,1,fac7,1
v000778,-0.100915761,0.1093191169,0.0728618489,-0.019860352,0.2290970471,0.1440205416,-0.157573679,0.6647332171,-0.038361237,1,fac8,1
v000779,-0.62182701,-0.815804862,-0.327317882,-0.291476774,-0.406661861,-0.291519232,-0.20663289,-0.421375486,0.4651628709,1,fac2,-1
v000780,0.1236476186,0.2505416974,-0.084624259,0.0824103658,-0.112562847,0.0373694655,-0.058902357,-0.017405961,-0.292970264,0,,
v000781,0.2152870416,0.213555983,-0.241546043,0.1712917853,-0.018788028,0.0004049808,-0.478055149,-0.068537261,-0.389557652,1,fac7,-1
v000782,-0.127171718,-0.224531077,-0.191230621,0.5942208287,-0.057452984,-0.118606823,-0.069674853,0.6096887959,0.1691945446,1,fac8,1
v000783,-0.057748933,-0.171272148,-0.048917874,0.4771325382,-0.104288938,0.0431394699,-0.045105035,0.5486289563,0.3237930479,1,fac8,1
v000784,0.268244226,0.0616607865,0.3264401082,0.1349331182,-0.132440195,-0.323195207,-0.035595367,0.1324958024,-0.025985787,1,fac3,1
v000785,-0.117006442,-0.07926314,0.1717436638,0.1987110848,0.0529795331,-0.018735396,0.2483783832,0.0506842311,-0.169395557,0,,
v000786,0.033409556,0.0467443077,-0.058214185,0.1519945549,0.4137031438,-0.07985209,0.1946237207,-0.09251686,0.2746548389,1,fac5,1
v000787,-0.16640523,0.0201213361,-0.056922463,0.0824414354,0.3359711704,-0.242539519,-0.056764588,0.2174653583,-0.333249628,1,fac5,1
v000788,-0.026628488,0.3226063572,-0.237625317,0.3863048884,0.0690930275,-0.21351634,-0.038805124,-0.068472309,-0.145542641,1,fac4,1
v000789,0.1440718375,0.424669647,-0.047805039,-0.137941851,-0.078507419,-0.088163812,-0.173177693,-0.095609025,-0.322022732,1,fac2,1
v000790,0.2069928596,0.1575137612,0.0273340191,0.0058897942,0.1025621665,0.069570487,0.0629468029,-0.100048159,0.0235071319,0,,
v000791,0.5351096479,0.0422546764,0.0030507616,-0.006175776,0.2069724972,-0.071247421,0.1195375965,-0.041803503,-0.008470144,1,fac1,1
v000793,-0.021189398,0.1562492827,-0.041508436,0.453739734,-0.0919082,0.1429528767,-0.135226811,-0.016539854,-0.035025104,1,fac4,1
v000794,-0.015409953,0.170117028,-0.100992315,0.540616396,0.1831543902,0.1564924726,-0.165538927,0.0907212986,0.0527783082,1,fac4,1
v000795,0.6539507417,-0.063533058,0.1040364629,-0.05414722,0.0995290995,-0.046274041,0.0083958599,-0.138005882,-0.031739683,1,fac1,1
v000796,0.5306892415,0.038588028,0.1265238133,0.0520779195,0.0542900308,-0.01339654,0.0023029345,-0.075155648,-0.036926741,1,fac1,1
v000797,0.3295557683,0.1134999065,0.124667753,0.1790393575,0.0092077265,0.0399920131,-0.044252277,-0.221585976,-0.039556127,1,fac1,1
v000798,-0.025366782,-0.003175711,-0.053906222,0.4034321536,-0.136811471,-0.098895535,-0.092219486,0.0080854279,-0.148257939,1,fac4,1
v000799,-0.299117872,0.0030410344,-0.00842639,0.4993208014,-0.030492445,-0.133659915,-0.117461271,-0.043884435,-0.489912822,1,fac4,1
v000800,0.6349464009,-0.074957736,0.0412043579,-0.096213939,-0.043453936,-0.038232096,0.0415662165,0.1415346534,-0.054611322,1,fac1,1
v000801,0.1332790254,0.0162590631,0.1456826717,-0.082665247,-0.357460378,-0.083450396,-0.10799047,0.2115841986,0.2181619454,1,fac5,-1
v000802,-0.105644961,-0.26764284,0.8651558921,0.0025018947,0.2445861554,-0.055966038,-0.121457783,-0.012463621,0.1418355939,1,fac3,1
v000803,0.7828334144,-0.196887546,-0.055085048,-0.028597197,0.0647500739,0.1540197659,0.0492761136,-0.036408766,-0.128069057,1,fac1,1
v000804,-0.249035773,0.2449163822,-0.063595614,-0.078709711,-0.314717302,0.8240559285,-0.238731658,0.2590793695,0.0167319042,1,fac6,1
v000805,-0.02494244,-0.134561311,0.5669126519,-0.107417815,-0.180072548,0.0806102683,0.2853741016,0.0558612071,-0.232030243,1,fac3,1
v000806,0.124467322,0.0217384524,0.1900125424,-0.031482738,-0.025543496,-0.004790386,0.3309408425,0.2061508382,-0.065444961,1,fac7,1
v000807,-0.164491439,-0.297179262,-0.277315,-0.350226387,-0.365359842,-0.233607724,-0.298814809,-0.041238694,1.1606402673,1,fac9,1
v000808,-0.083910318,-0.177511585,-0.298047442,0.6199523278,0.304635933,-0.083793117,0.0367802148,0.0168338809,0.2721403648,1,fac4,1
v000809,0.5266186104,0.1944051365,-0.105865981,-0.092746702,-0.135446615,-0.127668474,-0.066026849,-0.072191504,-0.032601255,1,fac1,1
v000810,0.2893568901,-0.14346345,0.7927468334,-0.231651008,-0.471203761,0.0178208266,0.170819765,-0.090508115,0.2293585223,1,fac3,1
v000811,-0.178167545,0.2168223314,0.019426871,0.1444198362,-0.399230439,0.1676411641,0.147344709,-0.036458386,0.2066388306,1,fac5,-1
v000812,0.0545755873,-0.052065343,0.135871556,0.0519022921,0.2223357716,0.0258312177,-0.004956734,0.0764652173,0.1007291173,0,,
v000813,-0.021639335,0.0838154397,0.2197301992,0.0626176307,0.4548176445,0.0067217642,-0.028164636,-0.003694436,0.1074152573,1,fac5,1
v000814,-0.035864475,0.2229226566,0.0101839826,-0.057790707,-0.017322613,0.0176609792,-0.064424067,0.0043034204,-0.027915445,0,,
v000815,0.0682320941,0.2395317424,0.0695426594,-0.00039293,0.337168429,0.0176288593,0.0379196439,0.113059521,0.1002708793,1,fac5,1
v000816,0.1853405895,-0.200022094,-0.204942693,-0.236595261,0.0066044964,1.0731726115,0.0167680971,-0.075055049,-0.12807762,1,fac6,1
v000817,0.6908450638,0.1237252052,-0.178703701,-0.092474814,-0.059274586,-0.155256412,-0.195296507,-0.073169507,0.0190794078,1,fac1,1
v000818,0.1265032689,-0.168628279,0.082403865,0.0219591297,0.3015458869,0.0628225002,0.1581045327,0.2478478326,0.1514300153,1,fac5,1
v000819,-0.061869233,0.299771583,0.196374242,-0.156319526,-0.206044058,-0.244490949,0.0050388167,0.2569865739,0.0989594774,0,,
v000820,0.1844902225,-0.139356431,-0.245627352,0.2792451025,0.0231598109,-0.039264465,0.1267390322,0.1786374122,0.4459548785,1,fac9,1
v000821,-0.002472042,0.1948819247,0.3809000428,-0.124000935,-0.016912037,-0.113882657,-0.031638631,0.007891686,-0.052969523,1,fac3,1
v000822,-0.260825606,0.539111311,-0.078482102,-0.212930229,0.3817419688,-0.196607776,0.2739606467,0.1965506475,0.0721100656,1,fac2,1
v000823,-0.211143519,0.2922384308,0.0183859614,0.082668411,0.3252197213,-0.035277841,-0.150346116,0.2904824716,-0.057365748,1,fac5,1
v000824,0.2679431881,0.0951163912,-0.002158863,-0.101662917,-0.094620997,0.3647942201,0.1239789947,-0.076353352,0.1903587519,1,fac6,1
v000825,0.0966605438,-0.213056206,0.0352789188,0.0584548334,0.0897278351,0.179912064,0.3316533665,0.090135379,-0.214821356,1,fac7,1
v000826,0.0335273581,0.0308897736,-0.016981599,0.2524629818,-0.097128289,-0.073701648,-0.017734767,0.0260271008,-0.052742884,0,,
v000827,-0.409068082,0.1313698091,-0.179749092,-0.093758744,0.1401791853,0.3818200958,-0.282001919,0.2669663023,-0.098550325,1,fac1,-1
v000828,0.1650617263,0.1566999263,0.0198145297,0.2202867653,-0.088862707,0.1875418604,-0.173769778,-0.072298297,-0.033921305,0,,
v000829,-0.633431355,-0.758140811,-0.410355198,-0.557660914,-0.488652321,0.5633706042,-0.494765098,-0.204939786,0.0324324094,1,fac2,-1
v000830,0.247127822,-0.003196241,-0.030506745,0.150776713,0.0073625,-0.071733029,0.0227345654,-0.064057376,0.0402553563,0,,
v000831,-0.02316962,0.0331253484,0.0654088173,0.3285385871,0.0389495615,-0.030961794,-0.020886616,0.0905090073,-0.176690426,1,fac4,1
v000832,-0.00238358,0.1840595111,0.1937169896,-0.042620026,0.1235834949,-0.178850716,-0.085175666,0.361096353,0.2676777323,1,fac8,1
v000833,0.0276946151,-0.20322873,-0.016378711,0.3733590093,0.0669083613,0.0304500255,-0.13886589,0.0048742071,-0.145603539,1,fac4,1
v000834,-0.02428525,0.0348005627,0.0800668256,0.0823752309,0.0148850754,-0.082038562,0.0837405325,0.087034026,-0.05454079,0,,
v000835,0.0661986201,0.17070397,0.0313223055,0.0145903255,0.0927489311,-0.032210033,0.1097242032,0.2652731977,0.0556529906,0,,
v000836,-0.536155371,-0.423193033,-0.682552972,-0.447789886,-0.091331646,-0.168629053,-0.003280502,-0.650526605,0.2515927976,1,fac3,-1
v000837,-0.0884693,0.311541235,-0.004811417,0.2263829952,0.0049234161,-0.1305043,-0.1615685,-0.647884538,-0.032751119,1,fac8,-1
v000838,0.0962285082,0.0958336094,0.1547544171,0.2718317137,-0.024518213,0.0712717438,0.0323069217,-0.073924751,-0.181050962,0,,
v000839,0.0833725911,0.3599101956,-0.044535484,-0.07701271,0.0910833365,-0.046402925,-0.158691199,0.0925432598,0.0195499702,1,fac2,1
v000840,-0.165452056,0.7041113249,-0.170632446,-0.043280107,0.0483323877,-0.102012687,0.0175563462,-0.106582532,-0.065214468,1,fac2,1
v000841,-0.02025481,-0.139064597,0.2135604147,-0.096469338,0.220817568,-0.024129708,0.2158847019,0.2067950232,-0.253388963,0,,
v000842,0.0405694413,0.1470201693,0.1120089848,0.0899280775,-0.009347075,-0.058120199,0.2441866998,0.2774662129,0.0241922132,0,,
v000843,0.0499197512,0.2452646864,-0.03758804,0.1341078737,-0.126356053,-0.031823678,-0.018270249,0.2368312115,-0.218479862,0,,
v000844,0.200755197,0.5031793947,-0.121033714,0.0350669108,-0.021819796,-0.018375555,-0.158452292,0.0505008785,-0.018799627,1,fac2,1
v000845,0.0442742127,0.5464938796,-0.081566702,0.0344340986,-0.027119096,-0.065247934,-0.10464367,-0.058695864,0.0217567816,1,fac2,1
v000846,0.341763305,0.007300885,-0.023806489,-0.108851304,0.0089677654,0.6112289232,-0.043641793,-0.155292472,0.0843103157,1,fac6,1
v000847,0.0904659994,0.1720225574,-0.197250977,0.0418417084,-0.023754652,0.3337480854,0.2719753557,-0.058134269,0.062610483,1,fac6,1
v000848,0.6108627602,0.0983993934,-0.000929038,0.0260186892,-0.028623478,0.4028793284,-0.009995063,-0.17871447,0.1969487148,1,fac1,1
v000849,0.143448562,0.1984135772,-0.036455569,-0.129480801,-0.160842959,0.1043450146,-0.07553595,0.0640562695,-0.14793573,0,,
v000850,-0.070155669,0.3305685309,0.0436633872,-0.176486768,-0.153640491,0.0900907131,-0.05184392,0.1663636356,-0.345215508,1,fac9,-1
v000851,-0.082399454,0.5668867467,-0.055468362,0.0375415952,0.0751397298,0.1518289965,-0.156176546,0.0378400936,0.0766970847,1,fac2,1
v000852,0.1338560543,-0.063186047,0.0977302965,0.0388849225,-0.08700542,-0.013789751,-0.003867779,0.0306884789,-0.16785858,0,,
v000853,-0.053448865,0.2863436401,-0.067338771,-0.04302033,-0.130766056,0.2812686649,-0.16179896,0.2195927711,-0.270999785,0,,
v000854,0.1433290738,0.0090435952,-0.037446687,0.1649662718,-0.011872426,-0.077069285,0.0336610855,-0.02612189,-0.010592465,0,,
v000855,0.0156134082,0.4032243798,-0.048271232,-0.083576453,0.0953324424,0.1756035062,-0.020569232,0.1008113214,0.0883216123,1,fac2,1
v000856,-0.022499771,-0.012767034,0.1467473501,0.0931834941,-0.028345892,0.0015982491,0.0765737477,0.2032433418,0.000993131,0,,
v000858,-0.030856144,-0.074959484,0.2465660919,-0.070570261,0.1551878466,0.0328271752,0.0324632625,0.2134715537,-0.137766399,0,,
v000859,0.6859478283,-0.106879429,-0.193363709,-0.302818258,0.0896556895,-0.40534152,0.0058616174,-0.301711328,-0.251548813,1,fac1,1
v000861,-0.476086152,0.0214755556,-0.395648627,0.0166394516,-0.266849616,0.3318606546,-0.592755714,0.0852938085,-0.057619968,1,fac7,-1
v000862,0.5893709885,0.0977189441,-0.114115517,-0.019896093,-0.213325392,0.0448980155,-0.116281623,-0.009912011,-0.272644274,1,fac1,1
v000863,0.1514384682,0.1655249498,-0.01027953,-0.076840695,-0.13631622,0.0900082538,-0.120663178,0.1422341461,-0.056523288,0,,
v000864,0.0274250535,0.1639134949,-0.106893365,-0.056057175,0.160990433,0.0188432271,0.023900652,0.0088757569,0.1267990596,0,,
v000865,0.1575593363,-0.039670934,-0.064390726,0.161122268,-0.006576327,-0.070328248,-0.037421949,0.2321872639,0.2513800345,0,,
v000866,0.0681323645,0.0744353744,-0.053540951,-0.002770307,-0.011517069,0.1909986131,0.3138497804,-0.453842576,0.097672762,1,fac8,-1
v000867,-0.126969639,0.103162788,-0.078677931,0.8159196819,-0.2253154,0.1142792476,0.048082478,-0.204986896,-0.07645148,1,fac4,1
v000868,-0.023949024,-0.182207829,-0.078723904,0.0607599765,-0.27061635,-0.013212293,0.4097679117,0.1111192442,0.4429123253,1,fac9,1
v000869,0.3124084411,-0.081040071,-0.001364601,-0.159271905,-0.231698165,-0.091370496,0.1980813866,-0.080725452,-0.425466121,1,fac9,-1
v000870,0.1196196392,-0.00862431,0.242487162,-0.183427386,0.0710664793,0.1255915713,0.1387204488,0.1167245481,0.0466709258,0,,
v000872,0.1761872178,0.2530360603,-0.006303953,-0.030377622,0.2465720457,-0.044446667,-0.090394132,-0.037884578,0.0462291383,0,,
v000873,0.2363711517,0.386120948,-0.099514723,0.0722241505,-0.155696161,-0.02875474,-0.18601387,-0.166246852,-0.076603222,1,fac2,1
v000874,0.0738600306,0.4210599383,-0.205470843,0.2347210991,-0.18616518,0.3451598414,-0.001882165,-0.102699481,0.1315603209,1,fac2,1
v000875,0.035844402,-0.23467766,0.4412809957,-0.024246878,0.0150722297,-0.019800551,0.1415188014,-0.006345276,-0.031168754,1,fac3,1
v000876,0.0003710158,-0.075892083,0.4071121811,-0.243506578,-0.194613305,0.3059257904,0.1345247456,0.1374820934,-0.249448007,1,fac3,1
v000877,0.0658771395,-0.03882044,0.6496641269,-0.052540277,-0.11313187,0.050985155,0.2190470352,0.1569192282,0.0442889044,1,fac3,1
v000878,0.6135934239,0.1240955832,-0.092538311,-0.073412815,0.0099337915,-0.033033542,-0.076403497,0.0370400453,0.2183544502,1,fac1,1
v000879,0.2190812462,-0.097113567,-0.11946018,0.3418842602,0.1850103276,-0.118928035,0.1385615047,0.1592660008,0.1750667385,1,fac4,1
v000880,-0.041484494,-0.044150667,0.0817166018,0.2634190159,-0.071593652,-0.018846204,0.085271572,-0.005857168,-0.175546516,0,,
v000881,-0.265973202,0.378291408,-0.197652407,0.0207673805,-0.179917948,0.4488567062,-0.161023503,-0.325963393,0.1401230446,1,fac6,1
v000882,-0.1926692,0.3305953584,-0.174908439,0.028359133,0.2754890434,0.2499121941,0.0360711829,0.1637246379,0.0185684934,1,fac2,1
v000883,-0.213619039,0.263861653,-0.158980613,0.0037993118,0.104642236,0.3075855341,0.0678236408,0.1967194435,-0.063603326,1,fac6,1
v000884,0.1833321905,-0.032767604,-0.004088133,-0.112782524,0.0357077201,0.2684843129,0.4188703793,-0.309830456,0.0401315001,1,fac7,1
v000885,0.3035849991,0.278723713,0.0013313198,0.0560703277,-0.390768559,0.0833118158,-0.125667858,-0.372725701,0.4318681304,1,fac9,1
v000886,-0.245196705,-0.355384113,-0.269248478,0.0870304642,-0.264842132,-0.421379635,0.0166038706,-0.115506917,-0.4473943,1,fac9,-1
v000887,0.0494451261,0.358035514,0.1258205826,0.038970483,-0.16539722,0.0820834947,-0.002457688,0.0278935386,-0.14107172,1,fac2,1
v000888,0.1324689982,-0.104449892,-0.000852334,0.1586693286,-0.010114456,-0.121314018,0.1732372846,0.1127404527,-0.204948269,0,,
v000889,0.4649304364,0.2724532907,-0.157118799,-0.04644766,-0.09901587,0.0300752363,-0.163683806,-0.143569766,-0.027824098,1,fac1,1
v000890,0.042012765,-0.187181882,-0.077264827,0.1348845927,0.1161481196,0.077590485,0.0703043501,0.3200431566,-0.117052179,1,fac8,1
v000891,0.5893692774,0.257904973,-0.127113447,-0.048300147,-0.129546805,-0.069466164,0.0813550382,0.006892302,-0.054854543,1,fac1,1
v000892,-0.139360123,-0.072851547,0.8278521518,-0.101890004,0.0482982926,-0.083247006,0.0377729121,-0.009284932,-0.077756042,1,fac3,1
v000893,0.5863545865,-0.479730299,-0.252940209,0.002455741,0.0890565524,0.2766595918,0.1716796503,-0.193468355,0.2882965632,1,fac1,1
v000894,0.0066636633,0.0098394885,0.1715826705,0.1656276061,0.4388487317,-0.060443349,0.0095880504,0.0420275972,-0.021651181,1,fac5,1
v000895,0.0552102307,-0.156500938,-0.024020293,-0.130577781,0.1648751688,0.0839758477,0.256081649,0.2355384432,-0.376146747,1,fac9,-1
v000896,-0.142144637,-0.058943948,-0.065632218,-0.154401891,0.2396627098,0.4098701114,0.1267796007,0.4277432047,-0.089518074,1,fac8,1
v000897,0.65664831,0.126353174,0.074962058,-0.15559499,-0.051597605,-0.257613724,-0.064624313,-0.071238547,-0.235734639,1,fac1,1
v000898,0.0333548344,-0.142912675,-0.101664888,0.1355025286,0.0593061813,-0.032106543,0.0915524398,0.1747122708,0.0396663965,0,,
v000899,-0.035377182,-0.280278917,-0.021506633,0.3340681007,0.1250172018,0.1492810856,0.1688632802,0.2917815103,0.0074190075,1,fac4,1
v000900,0.0476527912,-0.106496172,-0.1173893,0.3802671246,0.2455991078,-0.080216329,0.1607504655,0.0378114609,0.2049806488,1,fac4,1
v000901,0.133511698,-0.172628891,0.1252403953,0.0255770178,0.2628655039,0.3894036208,0.1006585343,-0.032798184,-0.107884107,1,fac6,1
v000902,-0.067442893,0.3892615234,-0.169211037,-0.061871169,0.0856900116,0.22007356,-0.111424556,0.0954522785,0.1518101954,1,fac2,1
v000903,-0.029465292,0.580759769,0.1194768133,-0.1906762,-0.227414213,-0.124860967,-0.21458602,0.2373093543,-0.108163756,1,fac2,1
v000904,0.1433113509,0.0779107575,0.0592812353,0.0114420237,-0.095149997,-0.0678021,0.0389053579,0.0964369179,0.0073162158,0,,
v000905,-0.022848254,0.0869429061,0.1427844763,0.0034623998,0.209835025,0.1821074108,0.0926600393,-0.008791992,0.0129518681,0,,
v000906,-0.243097972,-0.026238135,-0.44972201,-0.186580524,-0.08009613,-0.108460101,-0.298738331,-0.30725855,-0.195126604,1,fac3,-1
v000907,-0.004760154,-0.040497407,-0.121593448,0.7259241309,-0.198269326,-0.158831809,-0.101928076,0.0332448477,-0.235532721,1,fac4,1
v000908,0.6946037031,-0.54450389,-0.130245579,0.0170894142,-0.118556717,-0.160177883,-0.161076493,-0.364207217,0.0794684812,1,fac1,1
v000909,-0.026223687,-0.431409716,-0.11300906,-0.356214903,0.0736437211,0.9775997592,-0.303659687,0.1316129932,-0.17579496,1,fac6,1
v000910,0.0061726875,-0.084219333,0.2762082363,-0.125856336,-0.210370942,-0.176593996,0.3668297759,0.2638452524,-0.375280417,1,fac9,-1
v000911,0.1143651542,0.4994628519,0.1522242448,0.1527728491,-0.086682289,0.3183821689,0.0622581133,-0.294682406,0.3348732809,1,fac2,1
v000912,0.127584868,0.0772973403,-0.124144092,0.2800154196,-0.109726448,-0.088195133,0.0536497797,-0.439853912,0.1146772733,1,fac8,-1
v000913,0.4791027722,0.0246783936,-0.072362875,0.0606461193,0.0687654897,-0.027425836,0.0254652049,0.0995607447,0.1152826802,1,fac1,1
v000914,0.5932666432,-0.378172923,-0.465817788,-0.590643205,-0.21282291,-0.527372299,-0.392024872,-0.146305742,-0.02512022,1,fac1,1
v000915,0.0068102878,-0.272569481,0.245444831,0.4580443982,-0.131338833,0.2803789527,-0.040427593,0.3602471396,0.1111516263,1,fac4,1
v000916,0.0628972616,-0.014514119,-0.082964275,0.3981382817,-0.093532198,0.0124999628,0.0627169073,-0.075484517,0.0088280008,1,fac4,1
v000917,0.1569252959,0.2785816145,0.0168565409,0.2052325912,-0.101729324,0.0619714166,-0.058099328,-0.297218866,-0.085358589,0,,
v000918,0.1928190923,0.4698153438,-0.121305365,-0.024588827,-0.092100659,0.0220304688,-0.086995677,-0.000628202,0.0185304466,1,fac2,1
v000919,0.4520007292,0.2170410499,-0.134224114,-0.188914858,-0.048148666,0.4443981439,-0.068843349,-0.32209119,0.1648247237,1,fac1,1
v000920,0.4237250738,0.2237293732,0.0832056279,-0.195626917,0.0419097214,-0.004983399,-0.190244951,-0.029921908,0.0475412274,1,fac1,1
v000921,0.4080490794,0.2278879717,0.0181014948,-0.178754747,0.0931940305,-0.060081647,0.0056346647,-0.029907267,-0.121980473,1,fac1,1
v000922,-0.047398274,-0.227685662,0.0410497288,0.364434232,0.0442863958,-0.071509488,0.0171755157,0.4770902997,0.1745729144,1,fac8,1
v000923,0.0967552181,0.0027704035,0.1172294617,-0.247210857,-0.02551283,0.1315305163,0.2749313046,0.2547348965,-0.107422309,0,,
v000924,0.1757688061,0.1694166845,0.1858082663,0.0427467764,-0.177604868,-0.177029079,-0.064498685,0.087079437,-0.293970088,0,,
v000925,0.1523356465,0.5434725196,0.0603421812,-0.234844623,-0.034380221,-0.119819501,-0.067898821,0.1223195943,-0.113409749,1,fac2,1
v000926,-0.08651598,0.2101118454,0.0470030683,0.3764206336,-0.078556398,0.0499204966,0.0535960992,-0.072098206,0.0301012368,1,fac4,1
v000927,0.4072943774,-0.120586596,0.0487273701,0.0104462131,-0.051658226,-0.02351381,0.0487315914,-0.050935145,0.1213793525,1,fac1,1
v000928,-0.092036037,0.4688607406,0.1905146969,0.0720593593,-0.176399353,0.0201618247,-0.091457453,0.015381595,-0.128969673,1,fac2,1
v000929,0.0224473444,-0.091964896,-0.01599921,0.2925624115,0.0916379549,-0.070790012,0.1103539272,0.0758558403,-0.070128809,0,,
v000930,-0.255586111,0.0285180074,0.4786464032,0.0729638661,0.1792141505,-0.042567894,-0.042780532,0.0352244034,0.0028551448,1,fac3,1
v000931,0.094654074,0.2809935651,-0.159792507,0.1553970163,0.0240420021,0.0468897434,-0.148760424,0.0330743301,0.1508485654,0,,
v000932,0.1221192343,-0.003253108,-0.020394029,0.0074355811,0.013004749,-0.095490846,0.0391324693,-0.005865985,-0.095634949,0,,
v000933,0.1215068164,-0.1147056,0.1163653275,0.0012269048,0.267242874,-0.077750826,0.0272059661,0.0651132914,-0.095649468,0,,
v000934,0.1684996111,-0.083526898,0.0884293053,0.0225243711,0.0382359395,-0.091811115,-0.027682505,-0.123618184,-0.251374062,0,,
v000935,0.0497511382,0.2762037526,0.1466190873,0.150251281,0.0596125579,0.1679580104,0.1045050844,-0.195138644,0.1578562254,0,,
v000936,-0.15148316,-0.022758881,-0.099620587,0.7156952536,-0.261906214,0.040617174,-0.495018685,-0.060092707,-0.262399799,1,fac4,1
v000937,-0.483370936,-0.713538177,-0.547840956,-0.289633935,0.1085824777,-0.331401143,-0.265369594,-0.526672346,0.1731721087,1,fac2,-1
v000938,0.04350965,0.2708337931,0.0392534678,0.1515960776,-0.030401029,0.0656549896,0.0480925755,-0.14344511,0.0891445028,0,,
v000939,-0.039304167,-0.181780646,-0.271338979,0.841533935,-0.09888244,-0.1450419,0.1983073638,-0.329101802,-0.231761771,1,fac4,1
v000940,0.0811926657,0.0310989292,0.1320373684,-0.022349675,-0.120611205,-0.007341888,0.0542819884,0.2344389559,-0.20902715,0,,
v000941,0.0607147129,-0.354886514,0.3092608927,-0.142827747,-0.044881234,0.2505911414,0.4398364881,0.0209764265,-0.270534699,1,fac7,1
v000942,-0.281894963,0.0357932282,-0.420385006,-0.283400348,0.3835866502,0.1022479608,0.2187558179,-0.564532737,0.3116888862,1,fac8,-1
v000943,-0.098697253,0.3539355785,0.1854437903,-0.142550568,-0.527322527,-0.192607709,0.0656358015,0.2122877312,-0.044573444,1,fac5,-1
v000944,-0.109560284,-0.102432916,0.1916239103,-0.073765503,0.0697102893,0.2731016039,0.0709575171,0.3260648445,-0.135643654,1,fac8,1
v000945,-0.389277265,-0.213181108,-0.370546334,-0.600346228,-0.485040128,-0.366036596,-0.193523832,0.118079971,1.0534907254,1,fac9,1
v000946,0.2117062113,0.3035768901,0.0441361965,-0.015563018,-0.105495387,-0.047694911,-0.082668858,-0.047957534,-0.171063081,1,fac2,1
v000947,-0.069233484,0.181625954,-0.126577163,-0.1266201,0.0018192064,0.3296418957,0.1011644604,0.0511966531,0.2347309961,1,fac6,1
v000948,-0.045964746,0.1398570728,0.0751433766,0.1747883555,0.158807293,0.0616527345,-0.233218303,0.0583949903,0.0009808891,0,,
v000949,-0.126080456,0.1005554407,0.0641817654,-0.030079096,0.0217680014,0.1285179311,0.1735623253,0.3012506502,0.119272423,1,fac8,1
v000950,-0.325026871,-0.222480988,1.0240294284,-0.195178645,-0.280103635,-0.035943218,0.0035453043,-0.421322378,0.1131667918,1,fac3,1
v000951,0.2400471405,0.0874167834,-0.025573769,0.1131061598,0.0258210289,0.0461249096,-0.062614129,-0.146261488,-0.119942249,0,,
v000952,0.0820106572,-0.022168776,-0.000573581,0.2013268122,-0.109030389,0.1005647329,0.1710517463,0.0702168159,-0.016279348,0,,
v000953,0.2149110943,0.2974331362,-0.165503491,0.1902014025,-0.153366014,0.0308364018,-0.159117834,-0.071898054,-0.05265934,0,,
v000954,0.044367402,0.1771366584,-0.221579905,0.6432100737,-0.110808847,0.0203137981,-0.135504937,-0.209625633,-0.055814163,1,fac4,1
v000955,-0.11446981,0.4768319222,-0.127417157,0.0994940298,-0.121592505,0.2447023966,-0.053555777,-0.065761001,-0.014551593,1,fac2,1
v000956,0.0305685746,0.0770040681,0.0233380969,-0.036926308,-0.0765274,0.1504175729,0.0221567727,0.0435688298,-0.099452716,0,,
v000957,0.1683480656,0.1599253385,-0.109099378,0.1329819269,-0.095772464,-0.073821099,-0.022279277,-0.069010313,-0.332244523,1,fac9,-1
v000958,0.065195355,0.0712603284,0.1246721102,-0.188520164,0.0272733507,0.04463515,0.115485403,-0.048543011,-0.089277706,0,,
v000959,-0.013831213,0.2060506989,-0.268748873,0.3214918163,0.055539848,0.3032030477,-0.384435827,0.150284286,-0.006641798,1,fac7,-1
v000960,0.0587180412,0.3441117563,-0.069188191,0.0774188095,0.0842843362,0.09309237,0.1407513803,-0.040324609,0.0989028438,1,fac2,1
v000961,-0.217162265,0.2054751831,0.0392968715,0.0314272013,0.0742163077,-0.086114243,0.1299208863,-0.294310204,-0.259261996,0,,
v000962,-0.142049644,0.0289140569,-0.066806513,0.2688716191,-0.417558955,-0.098221711,0.2964592657,0.131634811,0.2396690726,1,fac5,-1
v000963,-0.019120806,0.0002601016,-0.202511269,0.0863223017,0.0712779665,-0.068483502,0.0052306613,-0.008400672,-0.563340839,1,fac9,-1
v000964,-0.29691109,-0.198148367,-0.127478302,-0.041185476,-0.064652703,-0.090774184,1.0928132618,-0.243184108,-0.057861128,1,fac7,1
v000965,-0.090490743,0.1173289587,-0.222497089,0.1250075288,0.4867753302,-0.030823025,0.317281196,0.003126019,0.1114925148,1,fac5,1
v000966,0.1787997243,-0.12262166,0.0669249041,0.0397916786,0.3539201172,-0.050127625,0.1478159468,0.1961530386,-0.008802554,1,fac5,1
v000967,-0.225942816,0.0435313683,-0.364562506,0.4926651649,-0.183630981,-0.16265577,-0.004159688,0.4573302927,0.1301191784,1,fac4,1
v000968,-0.147727867,0.1814243302,-0.33753004,0.2326853186,0.6925707279,0.2220283521,-0.155900185,-0.191260572,0.1910879009,1,fac5,1
v000969,-0.354670993,-0.006688848,-0.372884494,-0.432578565,-0.225591306,0.2963729737,0.3589182584,-0.412537454,-0.171116904,1,fac4,-1
v000970,0.1693436693,0.2239196726,-0.075966364,-0.114210504,-0.105748508,-0.03660035,-0.065819623,0.0994988496,-0.151733913,0,,
v000971,-0.062658931,-0.096438478,0.6599679472,-0.089475936,0.0691611079,-0.116490759,0.0414163167,-0.013780772,-0.067070651,1,fac3,1
v000972,-0.0700611,0.3559036701,-0.310371844,-0.247132936,-0.415351284,0.474063564,0.2459661415,-0.31726514,0.0844095938,1,fac6,1
v000973,-0.098489869,0.1192003329,0.0810560087,-0.011958604,0.1794638577,0.1084150187,-0.208171927,0.7115601881,-0.008686968,1,fac8,1
v000974,0.2378675007,0.1837743991,0.0410139081,0.0021849315,0.1261191735,-0.040690266,-0.026136184,-0.007188242,0.1264388359,0,,
v000975,-0.105118604,0.0900998982,0.0838045301,0.0000333235,0.1813302877,0.1424845695,-0.185618292,0.6988092135,-0.016754665,1,fac8,1
v000976,0.0584017884,0.1307873798,0.2669614762,-0.267090349,-0.443694378,-0.242872168,0.0396908705,0.1393840629,0.312994931,1,fac5,-1
v000977,-0.041220536,0.0340228544,0.0952896671,-0.034731468,-0.142385933,0.0579399592,0.0495470199,0.1489992629,-0.026886668,0,,
v000978,-0.037594661,-0.004903575,-0.30871386,0.2394730227,-0.105023093,0.5224877261,-0.231570855,0.2533578354,-0.116987877,1,fac6,1
v000980,-0.013021463,-0.101286737,0.0612523354,0.1023855372,0.1185023924,-0.018628844,0.2515616424,0.2794298919,0.0501552577,0,,
v000981,-0.298515069,0.738026936,-0.149891805,-0.248527223,-0.146537087,-0.631185875,-0.150670258,-0.387920761,-0.217581651,1,fac2,1
v000982,-0.230694589,0.7003559551,-0.08193105,-0.187892586,0.134533253,-0.539675973,-0.059175532,-0.267991158,-0.139964028,1,fac2,1
v000983,-0.314649666,0.5815329399,-0.058381817,-0.13804553,0.0409346465,-0.49385807,0.0630685528,-0.219674094,-0.232840514,1,fac2,1
v000984,-0.070890965,-0.029970769,0.1142001954,0.027857349,-0.056018717,0.008367771,0.2080604004,0.1127499318,-0.143360618,0,,
v000985,0.1434068271,-0.221436648,-0.031476827,-0.020866182,0.7048474502,-0.126375729,-0.005879938,-0.074252948,0.0549470314,1,fac5,1
v000986,-0.005352165,-0.151140172,-0.148771504,0.4000140933,-0.031755979,-0.282502253,-0.121697476,0.0383236017,0.0905500611,1,fac4,1
v000987,0.3398107739,-0.007300106,-0.084643837,-0.112604094,-0.021971475,0.8998213569,-0.083459841,-0.197835219,0.1476533274,1,fac6,1
v000988,0.0563850047,0.1484296908,-0.09845156,0.1749806559,0.4506227711,0.0371054778,0.2764873483,-0.094713275,0.3399023828,1,fac5,1
v000989,0.0699419207,-0.135515293,0.1617539318,0.0804269056,-0.008642449,-0.061319063,0.4903370306,-0.082438352,-0.117717228,1,fac7,1
v000990,0.1347468697,-0.050543759,-0.124556533,0.224960366,0.02404924,-0.059567474,0.3026511346,0.0301800201,-0.048764639,1,fac7,1
v000991,0.0120468928,-0.050710637,0.1434723119,0.0326777141,0.0886963063,0.1170308707,0.1078282799,0.0214546682,0.1995438453,0,,
v000992,-0.007975972,-0.044269849,0.2364251839,-0.22661521,-0.070936881,0.1532439075,0.3142110977,0.0539142048,-0.409900522,1,fac9,-1
v000993,-0.049624976,0.022791661,0.0703749509,0.0363044592,0.3463187762,0.0158422762,-0.119143766,0.1169970062,0.0793720946,1,fac5,1
v000994,0.0469505412,0.0822752733,0.1627309133,-0.107114902,0.0589840891,-0.030267927,0.0450983892,0.1042985006,0.0544692834,0,,
v000995,0.0379142501,0.0438879983,0.3090109739,-0.083143265,-0.013236498,-0.046541434,0.1329644803,0.1599236146,-0.095634765,1,fac3,1
v000996,0.1030249559,-0.095469064,0.0906406719,0.048827076,0.11002209,-0.013874378,0.3908921689,-0.029578626,-0.089356938,1,fac7,1
v000997,0.0249990407,0.4286189599,-0.019701686,-0.360624795,0.0171658302,-0.509765613,-0.061618185,-0.144844956,-0.085353393,1,fac6,-1
v000998,-0.072740379,-0.05498932,0.7235675623,-0.133598397,0.2970777985,-0.12735051,-0.198895784,0.2227958451,0.3248775532,1,fac3,1
v001000,-0.074197604,-0.086925341,-0.0820971,0.3418752818,0.0322470097,-0.052923173,0.2005095336,0.3000499151,0.0777602711,1,fac4,1
v001001,0.1008240597,0.0208712808,0.0103000265,0.1247919332,-0.041927081,-0.047273278,0.0567945252,0.0564963043,0.1088747744,0,,
v001002,0.4771864026,0.0998502884,0.1226594612,-0.030812903,-0.164219266,-0.11974993,-0.028573329,0.2024645574,0.1742287064,1,fac1,1
v001003,-0.098080316,-0.112625551,-0.017779569,0.0835605861,0.2679281255,-0.045189147,0.4721007359,-0.073820818,0.1033445271,1,fac7,1
v001004,-0.05544629,-0.225668548,-0.011927092,0.0229146216,0.0570537916,0.0406148848,0.7653226956,0.0884042739,-0.056100793,1,fac7,1
v001005,0.4253001249,0.0880249172,0.0714617101,0.1466861395,-0.043584252,0.0263170135,-0.011520424,-0.16475235,-0.108045307,1,fac1,1
v001006,-0.067153959,-0.076214496,-0.137193589,-0.388749158,-0.143258103,1.2414108745,-0.136605133,-0.254220386,0.0671897413,1,fac6,1
v001007,0.2797159874,0.1988957134,0.0288435445,-0.165309221,0.0685987291,-0.089010895,0.1870041259,0.1632348597,0.1449364662,0,,
v001008,-0.071638319,0.1801383703,-0.06663019,0.0674700006,-0.156829926,0.0297370539,-0.068228724,0.0790620645,-0.149287255,0,,
v001009,0.0333580674,-0.317979333,0.0857675487,-0.105229402,0.0044744671,-0.281628783,-0.105048891,0.0735730319,0.7012209807,1,fac9,1
v001010,0.0680434938,0.0911279116,0.0624129923,-0.061276823,0.0231744736,-0.001708549,0.2023086885,0.0592307178,-0.135977218,0,,
v001011,0.8545252027,-0.172796368,-0.343191874,-0.287676266,-0.098503761,-0.487374894,-0.130445114,0.0100704158,-0.015186993,1,fac1,1
v001012,0.274493016,0.070376909,-0.223182182,-0.083436262,0.2727281287,0.0227902314,0.0447885587,0.2039296138,-0.135778781,0,,
v001013,-0.100590692,0.2651122793,0.1730573087,0.1085044176,-0.007609247,-0.143807742,0.0419287753,0.2203710859,-0.080708399,0,,
v001014,0.5436388543,0.3096087535,-0.095523071,0.0414463379,-0.013480629,0.0903556127,-0.294908661,0.0128937584,-0.089286698,1,fac1,1
v001015,-0.015268582,-0.112842593,0.0635305953,0.0969132551,0.4831826228,0.0401808838,-0.034657246,0.1760016326,-0.061222108,1,fac5,1
v001016,0.7653857822,-0.074771477,-0.077188099,-0.072244494,-0.061496365,0.3911561344,-0.123749395,-0.189171998,0.1546146128,1,fac1,1
v001017,0.0487718761,0.4045708381,-0.087048506,0.3129995833,-0.195191772,0.1388958437,-0.153759897,-0.06961112,0.0920130159,1,fac2,1
v001018,-0.088974047,0.4259419153,-0.086907645,-0.112497549,0.0655525944,0.2401904651,-0.077793353,0.0705350922,0.0918896336,1,fac2,1
v001019,-0.104204503,0.4588389325,0.140230808,0.130725402,-0.145972236,0.029900493,0.1081360333,0.0301744144,0.0082508209,1,fac2,1
v001020,0.0555749865,0.1122038188,0.1614363657,-0.003690949,0.1128843032,0.2391986577,0.0316418178,-0.033136609,0.0634252899,0,,
v001021,0.1394720262,0.347862098,-0.076840167,0.3307892341,-0.036125545,0.173447598,0.0761999876,-0.493524321,-0.113717586,1,fac8,-1
v001022,0.0948357044,0.0456541542,0.1350054239,0.1234193177,-0.127533141,0.0471987253,0.137946447,-0.024254378,-0.056039694,0,,
v001023,0.0057858614,0.2326499398,0.0097426653,0.2803110935,-0.317060569,-0.093962861,0.1807084617,-0.370614754,-0.195326137,1,fac8,-1
v001024,-0.091728751,0.1206664083,-0.372601453,0.1002645102,0.0459897835,-0.554544022,-0.129150105,-0.080241619,-0.127076538,1,fac6,-1
v001025,0.0903045991,0.0678165737,-0.043344766,0.0872094668,0.0511439369,-0.084393464,-0.019518737,0.1215128517,0.1154316396,0,,
v001026,0.3659280118,0.0090134474,-0.066893634,0.0115300739,0.075286276,-0.027158023,0.0985045042,-0.089046804,-0.039245267,1,fac1,1
v001027,-0.078591037,0.5252813506,-0.024661784,0.0806248217,0.0221177319,-0.119634646,0.01621254,0.1533291075,-0.070677724,1,fac2,1
v001028,0.4198206275,-0.219082824,-0.457004799,-0.571355326,-0.179678836,-0.432948823,-0.470298041,-0.161582188,0.0420214201,1,fac4,-1
v001029,0.0693076998,0.0046069011,-0.043046339,0.3272323036,0.0541341054,0.0152408724,0.0827484718,0.0592581274,-0.039307575,1,fac4,1
v001030,-0.003862812,0.0659058825,-0.15882122,0.5865275658,-0.037892431,-0.001557725,0.0412300021,-0.014508663,-0.10517704,1,fac4,1
v001031,-0.055713691,0.2580602366,-0.033860365,0.063318804,-0.025300692,-0.01855282,-0.076668995,-0.059625643,-0.131107485,0,,
v001032,-0.081826634,0.3970112951,-0.044315205,-0.148727789,0.0937539136,0.0413828243,0.0050825817,-0.060920181,-0.172545874,1,fac2,1
v001033,0.0237617172,0.402011572,-0.031025104,0.0494341083,0.1061400861,0.150569475,-0.007513377,0.026613944,0.0657030553,1,fac2,1
v001034,0.0349411569,0.2867176204,0.0978714951,-0.043735408,-0.118379336,0.1189230414,0.1359302924,-0.026741352,-0.293921956,0,,
v001035,-0.354132712,-0.621425719,-0.317755514,-0.340906687,-0.016007885,1.0399344293,-0.500143409,0.348433968,-0.191157253,1,fac6,1
v001036,0.0635914988,-0.05078228,0.0617056572,-0.079357166,0.023880285,-0.144666705,0.0923757128,0.1427176393,-0.040221142,0,,
v001037,0.2354571181,0.0441739066,-0.274288926,-0.043174496,0.0271298386,-0.421309674,0.0090871785,0.0848910185,-0.300325094,1,fac6,-1
v001038,0.6510533945,-0.094139202,-0.071780641,-0.08827909,0.0262279291,0.2309781754,0.072899117,-0.089349493,0.1960682473,1,fac1,1
v001039,0.0780342657,0.0322111351,-0.047259907,0.0625562283,0.0391950667,0.0333790013,-0.025963502,0.0703414221,-0.238995067,0,,
v001040,0.0671956893,0.1006730242,0.2515400863,-0.099699234,-0.0633603,0.0508680129,0.1539776753,0.2818566125,-0.067077572,0,,
v001041,0.1804228586,-0.060329864,0.1153537832,-0.041229062,0.048896125,-0.059113724,0.1147506607,0.1851347054,0.0039739447,0,,
