2026-08-28 16:00:44,785 INFO Starting processing for input=/home/eyamrog/PycharmProjects/cl_st1_melina/cl_st1_ph1_melina/corpus/01_now_dataset_raw/02_now_text_raw output=/home/eyamrog/PycharmProjects/cl_st1_melina/cl_st1_ph1_melina/corpus/01_now_dataset/02_now_text
2026-08-28 16:00:44,822 INFO Found 4091 text file(s) to process
2026-08-28 16:00:45,720 INFO Wrote 9 matching line(s) to /home/eyamrog/PycharmProjects/cl_st1_melina/cl_st1_ph1_melina/corpus/01_now_dataset/02_now_text/21-04-text/16-10-au.txt
2026-08-28 16:00:45,793 INFO Wrote 5 matching line(s) to /home/eyamrog/PycharmProjects/cl_st1_melina/cl_st1_ph1_melina/corpus/01_now_dataset/02_now_text/21-04-text/21-04-bd.txt
2026-08-28 16:00:46,716 INFO Wrote 11 matching line(s) to /home/eyamrog/PycharmProjects/cl_st1_melina/cl_st1_ph1_melina/corpus/01_now_dataset/02_now_text/21-04-text/21-04-ca.txt
2026-08-28 16:00:48,067 INFO Wrote 36 matching line(s) to /home/eyamrog/PycharmProjects/cl_st1_melina/cl_st1_ph1_melina/corpus/01_now_dataset/02_now_text/21-04-text/21-04-gb.txt
2026-08-28 16:00:48,139 INFO No matches found in 21-04-gh.txt; skipping output file
2026-08-28 16:00:48,163 INFO No matches found in 21-04-hk.txt; skipping output file
2026-08-28 16:00:48,705 INFO Wrote 13 matching line(s) to /home/eyamrog/PycharmProjects/cl_st1_melina/cl_st1_ph1_melina/corpus/01_now_dataset/02_now_text/21-04-text/21-04-ie.txt
2026-08-28 16:00:49,701 INFO Wrote 15 matching line(s) to /home/eyamrog/PycharmProjects/cl_st1_melina/cl_st1_ph1_melina/corpus/01_now_dataset/02_now_text/21-04-text/21-04-in.txt
2026-08-28 16:00:49,727 INFO No matches found in 21-04-jm.txt; skipping output file
2026-08-28 16:00:49,860 INFO Wrote 3 matching line(s) to /home/eyamrog/PycharmProjects/cl_st1_melina/cl_st1_ph1_melina/corpus/01_now_dataset/02_now_text/21-04-text/21-04-ke.txt
2026-08-28 16:00:49,968 INFO Wrote 1 matching line(s) to /home/eyamrog/PycharmProjects/cl_st1_melina/cl_st1_ph1_melina/corpus/01_now_dataset/02_now_text/21-04-text/21-04-lk.txt
2026-08-28 16:00:50,094 INFO Wrote 3 matching line(s) to /home/eyamrog/PycharmProjects/cl_st1_melina/cl_st1_ph1_melina/corpus/01_now_dataset/02_now_text/21-04-text/21-04-my.txt
2026-08-28 16:00:50,507 INFO Wrote 2 matching line(s) to /home/eyamrog/PycharmProjects/cl_st1_melina/cl_st1_ph1_melina/corpus/01_now_dataset/02_now_text/21-04-text/21-04-ng.txt
2026-08-28 16:00:50,712 INFO Wrote 7 matching line(s) to /home/eyamrog/PycharmProjects/cl_st1_melina/cl_st1_ph1_melina/corpus/01_now_dataset/02_now_text/21-04-text/21-04-nz.txt
2026-08-28 16:00:50,913 INFO Wrote 3 matching line(s) to /home/eyamrog/PycharmProjects/cl_st1_melina/cl_st1_ph1_melina/corpus/01_now_dataset/02_now_text/21-04-text/21-04-ph.txt
2026-08-28 16:00:51,051 INFO Wrote 5 matching line(s) to /home/eyamrog/PycharmProjects/cl_st1_melina/cl_st1_ph1_melina/corpus/01_now_dataset/02_now_text/21-04-text/21-04-pk.txt
2026-08-28 16:00:51,225 INFO Wrote 3 matching line(s) to /home/eyamrog/PycharmProjects/cl_st1_melina/cl_st1_ph1_melina/corpus/01_now_dataset/02_now_text/21-04-text/21-04-sg.txt
2026-08-28 16:00:51,254 INFO Wrote 1 matching line(s) to /home/eyamrog/PycharmProjects/cl_st1_melina/cl_st1_ph1_melina/corpus/01_now_dataset/02_now_text/21-04-text/21-04-tz.txt
2026-08-28 16:00:52,821 INFO Wrote 34 matching line(s) to /home/eyamrog/PycharmProjects/cl_st1_melina/cl_st1_ph1_melina/corpus/01_now_dataset/02_now_text/21-04-text/21-04-us1.txt
2026-08-28 16:00:54,393 INFO Wrote 40 matching line(s) to /home/eyamrog/PycharmProjects/cl_st1_melina/cl_st1_ph1_melina/corpus/01_now_dataset/02_now_text/21-04-text/21-04-us2.txt
2026-08-28 16:00:55,891 INFO Wrote 31 matching line(s) to /home/eyamrog/PycharmProjects/cl_st1_melina/cl_st1_ph1_melina/corpus/01_now_dataset/02_now_text/21-04-text/21-04-us3.txt
2026-08-28 16:00:57,453 INFO Wrote 24 matching line(s) to /home/eyamrog/PycharmProjects/cl_st1_melina/cl_st1_ph1_melina/corpus/01_now_dataset/02_now_text/21-04-text/21-04-us4.txt
2026-08-28 16:00:58,992 INFO Wrote 33 matching line(s) to /home/eyamrog/PycharmProjects/cl_st1_melina/cl_st1_ph1_melina/corpus/01_now_dataset/02_now_text/21-04-text/21-04-us5.txt
2026-08-28 16:00:59,364 INFO Wrote 8 matching line(s) to /home/eyamrog/PycharmProjects/cl_st1_melina/cl_st1_ph1_melina/corpus/01_now_dataset/02_now_text/21-04-text/21-04-za.txt
2026-08-28 16:01:00,207 INFO Wrote 119 matching line(s) to /home/eyamrog/PycharmProjects/cl_st1_melina/cl_st1_ph1_melina/corpus/01_now_dataset/02_now_text/21-05-text/16-10-au.txt
2026-08-28 16:01:00,350 INFO Wrote 75 matching line(s) to /home/eyamrog/PycharmProjects/cl_st1_melina/cl_st1_ph1_melina/corpus/01_now_dataset/02_now_text/21-05-text/21-05-bd.txt
2026-08-28 16:01:01,693 INFO Wrote 92 matching line(s) to /home/eyamrog/PycharmProjects/cl_st1_melina/cl_st1_ph1_melina/corpus/01_now_dataset/02_now_text/21-05-text/21-05-ca.txt
2026-08-28 16:01:02,864 INFO Wrote 187 matching line(s) to /home/eyamrog/PycharmProjects/cl_st1_melina/cl_st1_ph1_melina/corpus/01_now_dataset/02_now_text/21-05-text/21-05-gb.txt
2026-08-28 16:01:02,935 INFO Wrote 6 matching line(s) to /home/eyamrog/PycharmProjects/cl_st1_melina/cl_st1_ph1_melina/corpus/01_now_dataset/02_now_text/21-05-text/21-05-gh.txt
2026-08-28 16:01:02,959 INFO Wrote 1 matching line(s) to /home/eyamrog/PycharmProjects/cl_st1_melina/cl_st1_ph1_melina/corpus/01_now_dataset/02_now_text/21-05-text/21-05-hk.txt
2026-08-28 16:01:03,475 INFO Wrote 72 matching line(s) to /home/eyamrog/PycharmProjects/cl_st1_melina/cl_st1_ph1_melina/corpus/01_now_dataset/02_now_text/21-05-text/21-05-ie.txt
2026-08-28 16:01:04,491 INFO Wrote 186 matching line(s) to /home/eyamrog/PycharmProjects/cl_st1_melina/cl_st1_ph1_melina/corpus/01_now_dataset/02_now_text/21-05-text/21-05-in.txt
2026-08-28 16:01:04,537 INFO Wrote 3 matching line(s) to /home/eyamrog/PycharmProjects/cl_st1_melina/cl_st1_ph1_melina/corpus/01_now_dataset/02_now_text/21-05-text/21-05-jm.txt
2026-08-28 16:01:04,707 INFO Wrote 24 matching line(s) to /home/eyamrog/PycharmProjects/cl_st1_melina/cl_st1_ph1_melina/corpus/01_now_dataset/02_now_text/21-05-text/21-05-ke.txt
2026-08-28 16:01:04,889 INFO Wrote 27 matching line(s) to /home/eyamrog/PycharmProjects/cl_st1_melina/cl_st1_ph1_melina/corpus/01_now_dataset/02_now_text/21-05-text/21-05-lk.txt
2026-08-28 16:01:05,126 INFO Wrote 69 matching line(s) to /home/eyamrog/PycharmProjects/cl_st1_melina/cl_st1_ph1_melina/corpus/01_now_dataset/02_now_text/21-05-text/21-05-my.txt
2026-08-28 16:01:06,012 INFO Wrote 81 matching line(s) to /home/eyamrog/PycharmProjects/cl_st1_melina/cl_st1_ph1_melina/corpus/01_now_dataset/02_now_text/21-05-text/21-05-ng.txt
2026-08-28 16:01:06,559 INFO Wrote 45 matching line(s) to /home/eyamrog/PycharmProjects/cl_st1_melina/cl_st1_ph1_melina/corpus/01_now_dataset/02_now_text/21-05-text/21-05-nz.txt
2026-08-28 16:01:07,010 INFO Wrote 46 matching line(s) to /home/eyamrog/PycharmProjects/cl_st1_melina/cl_st1_ph1_melina/corpus/01_now_dataset/02_now_text/21-05-text/21-05-ph.txt
2026-08-28 16:01:07,314 INFO Wrote 240 matching line(s) to /home/eyamrog/PycharmProjects/cl_st1_melina/cl_st1_ph1_melina/corpus/01_now_dataset/02_now_text/21-05-text/21-05-pk.txt
2026-08-28 16:01:07,679 INFO Wrote 35 matching line(s) to /home/eyamrog/PycharmProjects/cl_st1_melina/cl_st1_ph1_melina/corpus/01_now_dataset/02_now_text/21-05-text/21-05-sg.txt
2026-08-28 16:01:07,732 INFO Wrote 9 matching line(s) to /home/eyamrog/PycharmProjects/cl_st1_melina/cl_st1_ph1_melina/corpus/01_now_dataset/02_now_text/21-05-text/21-05-tz.txt
2026-08-28 16:01:11,062 INFO Wrote 610 matching line(s) to /home/eyamrog/PycharmProjects/cl_st1_melina/cl_st1_ph1_melina/corpus/01_now_dataset/02_now_text/21-05-text/21-05-us1.txt
2026-08-28 16:01:14,010 INFO Wrote 531 matching line(s) to /home/eyamrog/PycharmProjects/cl_st1_melina/cl_st1_ph1_melina/corpus/01_now_dataset/02_now_text/21-05-text/21-05-us2.txt
2026-08-28 16:01:20,841 INFO Wrote 526 matching line(s) to /home/eyamrog/PycharmProjects/cl_st1_melina/cl_st1_ph1_melina/corpus/01_now_dataset/02_now_text/21-05-text/21-05-us3.txt
2026-08-28 16:01:23,371 INFO Wrote 471 matching line(s) to /home/eyamrog/PycharmProjects/cl_st1_melina/cl_st1_ph1_melina/corpus/01_now_dataset/02_now_text/21-05-text/21-05-us4.txt
2026-08-28 16:01:25,658 INFO Wrote 438 matching line(s) to /home/eyamrog/PycharmProjects/cl_st1_melina/cl_st1_ph1_melina/corpus/01_now_dataset/02_now_text/21-05-text/21-05-us5.txt
2026-08-28 16:01:26,165 INFO Wrote 46 matching line(s) to /home/eyamrog/PycharmProjects/cl_st1_melina/cl_st1_ph1_melina/corpus/01_now_dataset/02_now_text/21-05-text/21-05-za.txt
2026-08-28 16:01:27,278 INFO Wrote 29 matching line(s) to /home/eyamrog/PycharmProjects/cl_st1_melina/cl_st1_ph1_melina/corpus/01_now_dataset/02_now_text/21-06-text/16-10-au.txt
2026-08-28 16:01:27,364 INFO Wrote 7 matching line(s) to /home/eyamrog/PycharmProjects/cl_st1_melina/cl_st1_ph1_melina/corpus/01_now_dataset/02_now_text/21-06-text/21-06-bd.txt
2026-08-28 16:01:28,548 INFO Wrote 62 matching line(s) to /home/eyamrog/PycharmProjects/cl_st1_melina/cl_st1_ph1_melina/corpus/01_now_dataset/02_now_text/21-06-text/21-06-ca.txt
2026-08-28 16:01:32,694 INFO Wrote 64 matching line(s) to /home/eyamrog/PycharmProjects/cl_st1_melina/cl_st1_ph1_melina/corpus/01_now_dataset/02_now_text/21-06-text/21-06-gb.txt
2026-08-28 16:01:33,004 INFO Wrote 4 matching line(s) to /home/eyamrog/PycharmProjects/cl_st1_melina/cl_st1_ph1_melina/corpus/01_now_dataset/02_now_text/21-06-text/21-06-gh.txt
2026-08-28 16:01:33,104 INFO Wrote 1 matching line(s) to /home/eyamrog/PycharmProjects/cl_st1_melina/cl_st1_ph1_melina/corpus/01_now_dataset/02_now_text/21-06-text/21-06-hk.txt
2026-08-28 16:01:34,204 INFO Wrote 33 matching line(s) to /home/eyamrog/PycharmProjects/cl_st1_melina/cl_st1_ph1_melina/corpus/01_now_dataset/02_now_text/21-06-text/21-06-ie.txt
2026-08-28 16:01:35,803 INFO Wrote 66 matching line(s) to /home/eyamrog/PycharmProjects/cl_st1_melina/cl_st1_ph1_melina/corpus/01_now_dataset/02_now_text/21-06-text/21-06-in.txt
2026-08-28 16:01:35,847 INFO Wrote 1 matching line(s) to /home/eyamrog/PycharmProjects/cl_st1_melina/cl_st1_ph1_melina/corpus/01_now_dataset/02_now_text/21-06-text/21-06-jm.txt
2026-08-28 16:01:36,020 INFO Wrote 7 matching line(s) to /home/eyamrog/PycharmProjects/cl_st1_melina/cl_st1_ph1_melina/corpus/01_now_dataset/02_now_text/21-06-text/21-06-ke.txt
2026-08-28 16:01:36,174 INFO Wrote 11 matching line(s) to /home/eyamrog/PycharmProjects/cl_st1_melina/cl_st1_ph1_melina/corpus/01_now_dataset/02_now_text/21-06-text/21-06-lk.txt
2026-08-28 16:01:36,393 INFO Wrote 24 matching line(s) to /home/eyamrog/PycharmProjects/cl_st1_melina/cl_st1_ph1_melina/corpus/01_now_dataset/02_now_text/21-06-text/21-06-my.txt
2026-08-28 16:01:37,008 INFO Wrote 23 matching line(s) to /home/eyamrog/PycharmProjects/cl_st1_melina/cl_st1_ph1_melina/corpus/01_now_dataset/02_now_text/21-06-text/21-06-ng.txt
2026-08-28 16:01:37,366 INFO Wrote 15 matching line(s) to /home/eyamrog/PycharmProjects/cl_st1_melina/cl_st1_ph1_melina/corpus/01_now_dataset/02_now_text/21-06-text/21-06-nz.txt
2026-08-28 16:01:37,667 INFO Wrote 10 matching line(s) to /home/eyamrog/PycharmProjects/cl_st1_melina/cl_st1_ph1_melina/corpus/01_now_dataset/02_now_text/21-06-text/21-06-ph.txt
2026-08-28 16:01:37,890 INFO Wrote 39 matching line(s) to /home/eyamrog/PycharmProjects/cl_st1_melina/cl_st1_ph1_melina/corpus/01_now_dataset/02_now_text/21-06-text/21-06-pk.txt
2026-08-28 16:01:38,128 INFO Wrote 8 matching line(s) to /home/eyamrog/PycharmProjects/cl_st1_melina/cl_st1_ph1_melina/corpus/01_now_dataset/02_now_text/21-06-text/21-06-sg.txt
2026-08-28 16:01:38,175 INFO Wrote 1 matching line(s) to /home/eyamrog/PycharmProjects/cl_st1_melina/cl_st1_ph1_melina/corpus/01_now_dataset/02_now_text/21-06-text/21-06-tz.txt
2026-08-28 16:01:40,490 INFO Wrote 184 matching line(s) to /home/eyamrog/PycharmProjects/cl_st1_melina/cl_st1_ph1_melina/corpus/01_now_dataset/02_now_text/21-06-text/21-06-us1.txt
2026-08-28 16:01:42,726 INFO Wrote 194 matching line(s) to /home/eyamrog/PycharmProjects/cl_st1_melina/cl_st1_ph1_melina/corpus/01_now_dataset/02_now_text/21-06-text/21-06-us2.txt
2026-08-28 16:01:44,722 INFO Wrote 192 matching line(s) to /home/eyamrog/PycharmProjects/cl_st1_melina/cl_st1_ph1_melina/corpus/01_now_dataset/02_now_text/21-06-text/21-06-us3.txt
2026-08-28 16:01:48,694 INFO Wrote 177 matching line(s) to /home/eyamrog/PycharmProjects/cl_st1_melina/cl_st1_ph1_melina/corpus/01_now_dataset/02_now_text/21-06-text/21-06-us4.txt
2026-08-28 16:01:50,598 INFO Wrote 164 matching line(s) to /home/eyamrog/PycharmProjects/cl_st1_melina/cl_st1_ph1_melina/corpus/01_now_dataset/02_now_text/21-06-text/21-06-us5.txt
2026-08-28 16:01:51,119 INFO Wrote 19 matching line(s) to /home/eyamrog/PycharmProjects/cl_st1_melina/cl_st1_ph1_melina/corpus/01_now_dataset/02_now_text/21-06-text/21-06-za.txt
2026-08-28 16:01:51,938 INFO Wrote 6 matching line(s) to /home/eyamrog/PycharmProjects/cl_st1_melina/cl_st1_ph1_melina/corpus/01_now_dataset/02_now_text/21-07-text/16-10-au.txt
2026-08-28 16:01:52,008 INFO Wrote 3 matching line(s) to /home/eyamrog/PycharmProjects/cl_st1_melina/cl_st1_ph1_melina/corpus/01_now_dataset/02_now_text/21-07-text/21-07-bd.txt
2026-08-28 16:01:52,968 INFO Wrote 28 matching line(s) to /home/eyamrog/PycharmProjects/cl_st1_melina/cl_st1_ph1_melina/corpus/01_now_dataset/02_now_text/21-07-text/21-07-ca.txt
2026-08-28 16:01:54,543 INFO Wrote 13 matching line(s) to /home/eyamrog/PycharmProjects/cl_st1_melina/cl_st1_ph1_melina/corpus/01_now_dataset/02_now_text/21-07-text/21-07-gb.txt
2026-08-28 16:01:54,600 INFO No matches found in 21-07-gh.txt; skipping output file
2026-08-28 16:01:54,632 INFO No matches found in 21-07-hk.txt; skipping output file
2026-08-28 16:01:55,321 INFO Wrote 11 matching line(s) to /home/eyamrog/PycharmProjects/cl_st1_melina/cl_st1_ph1_melina/corpus/01_now_dataset/02_now_text/21-07-text/21-07-ie.txt
2026-08-28 16:01:56,604 INFO Wrote 24 matching line(s) to /home/eyamrog/PycharmProjects/cl_st1_melina/cl_st1_ph1_melina/corpus/01_now_dataset/02_now_text/21-07-text/21-07-in.txt
2026-08-28 16:01:56,636 INFO Wrote 1 matching line(s) to /home/eyamrog/PycharmProjects/cl_st1_melina/cl_st1_ph1_melina/corpus/01_now_dataset/02_now_text/21-07-text/21-07-jm.txt
2026-08-28 16:01:56,789 INFO Wrote 4 matching line(s) to /home/eyamrog/PycharmProjects/cl_st1_melina/cl_st1_ph1_melina/corpus/01_now_dataset/02_now_text/21-07-text/21-07-ke.txt
2026-08-28 16:01:56,956 INFO Wrote 2 matching line(s) to /home/eyamrog/PycharmProjects/cl_st1_melina/cl_st1_ph1_melina/corpus/01_now_dataset/02_now_text/21-07-text/21-07-lk.txt
2026-08-28 16:01:57,157 INFO Wrote 7 matching line(s) to /home/eyamrog/PycharmProjects/cl_st1_melina/cl_st1_ph1_melina/corpus/01_now_dataset/02_now_text/21-07-text/21-07-my.txt
2026-08-28 16:01:57,672 INFO Wrote 5 matching line(s) to /home/eyamrog/PycharmProjects/cl_st1_melina/cl_st1_ph1_melina/corpus/01_now_dataset/02_now_text/21-07-text/21-07-ng.txt
2026-08-28 16:01:57,974 INFO Wrote 3 matching line(s) to /home/eyamrog/PycharmProjects/cl_st1_melina/cl_st1_ph1_melina/corpus/01_now_dataset/02_now_text/21-07-text/21-07-nz.txt
2026-08-28 16:01:58,228 INFO Wrote 6 matching line(s) to /home/eyamrog/PycharmProjects/cl_st1_melina/cl_st1_ph1_melina/corpus/01_now_dataset/02_now_text/21-07-text/21-07-ph.txt
2026-08-28 16:01:58,423 INFO Wrote 8 matching line(s) to /home/eyamrog/PycharmProjects/cl_st1_melina/cl_st1_ph1_melina/corpus/01_now_dataset/02_now_text/21-07-text/21-07-pk.txt
2026-08-28 16:01:58,648 INFO Wrote 2 matching line(s) to /home/eyamrog/PycharmProjects/cl_st1_melina/cl_st1_ph1_melina/corpus/01_now_dataset/02_now_text/21-07-text/21-07-sg.txt
2026-08-28 16:01:58,691 INFO No matches found in 21-07-tz.txt; skipping output file
2026-08-28 16:02:01,751 INFO Wrote 57 matching line(s) to /home/eyamrog/PycharmProjects/cl_st1_melina/cl_st1_ph1_melina/corpus/01_now_dataset/02_now_text/21-07-text/21-07-us1.txt
2026-08-28 16:02:04,082 INFO Wrote 57 matching line(s) to /home/eyamrog/PycharmProjects/cl_st1_melina/cl_st1_ph1_melina/corpus/01_now_dataset/02_now_text/21-07-text/21-07-us2.txt
2026-08-28 16:02:05,897 INFO Wrote 47 matching line(s) to /home/eyamrog/PycharmProjects/cl_st1_melina/cl_st1_ph1_melina/corpus/01_now_dataset/02_now_text/21-07-text/21-07-us3.txt
2026-08-28 16:02:07,621 INFO Wrote 59 matching line(s) to /home/eyamrog/PycharmProjects/cl_st1_melina/cl_st1_ph1_melina/corpus/01_now_dataset/02_now_text/21-07-text/21-07-us4.txt
2026-08-28 16:02:09,305 INFO Wrote 51 matching line(s) to /home/eyamrog/PycharmProjects/cl_st1_melina/cl_st1_ph1_melina/corpus/01_now_dataset/02_now_text/21-07-text/21-07-us5.txt
2026-08-28 16:02:09,810 INFO Wrote 8 matching line(s) to /home/eyamrog/PycharmProjects/cl_st1_melina/cl_st1_ph1_melina/corpus/01_now_dataset/02_now_text/21-07-text/21-07-za.txt
2026-08-28 16:02:10,539 INFO Wrote 4 matching line(s) to /home/eyamrog/PycharmProjects/cl_st1_melina/cl_st1_ph1_melina/corpus/01_now_dataset/02_now_text/21-08-text/16-10-au.txt
2026-08-28 16:02:10,611 INFO Wrote 3 matching line(s) to /home/eyamrog/PycharmProjects/cl_st1_melina/cl_st1_ph1_melina/corpus/01_now_dataset/02_now_text/21-08-text/21-08-bd.txt
2026-08-28 16:02:11,447 INFO Wrote 18 matching line(s) to /home/eyamrog/PycharmProjects/cl_st1_melina/cl_st1_ph1_melina/corpus/01_now_dataset/02_now_text/21-08-text/21-08-ca.txt
2026-08-28 16:02:12,729 INFO Wrote 18 matching line(s) to /home/eyamrog/PycharmProjects/cl_st1_melina/cl_st1_ph1_melina/corpus/01_now_dataset/02_now_text/21-08-text/21-08-gb.txt
2026-08-28 16:02:12,776 INFO No matches found in 21-08-gh.txt; skipping output file
2026-08-28 16:02:12,796 INFO No matches found in 21-08-hk.txt; skipping output file
2026-08-28 16:02:13,362 INFO Wrote 8 matching line(s) to /home/eyamrog/PycharmProjects/cl_st1_melina/cl_st1_ph1_melina/corpus/01_now_dataset/02_now_text/21-08-text/21-08-ie.txt
2026-08-28 16:02:14,457 INFO Wrote 34 matching line(s) to /home/eyamrog/PycharmProjects/cl_st1_melina/cl_st1_ph1_melina/corpus/01_now_dataset/02_now_text/21-08-text/21-08-in.txt
2026-08-28 16:02:14,482 INFO Wrote 2 matching line(s) to /home/eyamrog/PycharmProjects/cl_st1_melina/cl_st1_ph1_melina/corpus/01_now_dataset/02_now_text/21-08-text/21-08-jm.txt
2026-08-28 16:02:14,618 INFO Wrote 1 matching line(s) to /home/eyamrog/PycharmProjects/cl_st1_melina/cl_st1_ph1_melina/corpus/01_now_dataset/02_now_text/21-08-text/21-08-ke.txt
2026-08-28 16:02:14,802 INFO Wrote 5 matching line(s) to /home/eyamrog/PycharmProjects/cl_st1_melina/cl_st1_ph1_melina/corpus/01_now_dataset/02_now_text/21-08-text/21-08-lk.txt
2026-08-28 16:02:15,131 INFO Wrote 4 matching line(s) to /home/eyamrog/PycharmProjects/cl_st1_melina/cl_st1_ph1_melina/corpus/01_now_dataset/02_now_text/21-08-text/21-08-my.txt
2026-08-28 16:02:16,379 INFO Wrote 2 matching line(s) to /home/eyamrog/PycharmProjects/cl_st1_melina/cl_st1_ph1_melina/corpus/01_now_dataset/02_now_text/21-08-text/21-08-ng.txt
2026-08-28 16:02:17,110 INFO Wrote 7 matching line(s) to /home/eyamrog/PycharmProjects/cl_st1_melina/cl_st1_ph1_melina/corpus/01_now_dataset/02_now_text/21-08-text/21-08-nz.txt
2026-08-28 16:02:17,404 INFO Wrote 2 matching line(s) to /home/eyamrog/PycharmProjects/cl_st1_melina/cl_st1_ph1_melina/corpus/01_now_dataset/02_now_text/21-08-text/21-08-ph.txt
2026-08-28 16:02:17,577 INFO Wrote 7 matching line(s) to /home/eyamrog/PycharmProjects/cl_st1_melina/cl_st1_ph1_melina/corpus/01_now_dataset/02_now_text/21-08-text/21-08-pk.txt
2026-08-28 16:02:17,761 INFO Wrote 6 matching line(s) to /home/eyamrog/PycharmProjects/cl_st1_melina/cl_st1_ph1_melina/corpus/01_now_dataset/02_now_text/21-08-text/21-08-sg.txt
2026-08-28 16:02:17,803 INFO Wrote 1 matching line(s) to /home/eyamrog/PycharmProjects/cl_st1_melina/cl_st1_ph1_melina/corpus/01_now_dataset/02_now_text/21-08-text/21-08-tz.txt
2026-08-28 16:02:19,728 INFO Wrote 73 matching line(s) to /home/eyamrog/PycharmProjects/cl_st1_melina/cl_st1_ph1_melina/corpus/01_now_dataset/02_now_text/21-08-text/21-08-us1.txt
2026-08-28 16:02:21,549 INFO Wrote 51 matching line(s) to /home/eyamrog/PycharmProjects/cl_st1_melina/cl_st1_ph1_melina/corpus/01_now_dataset/02_now_text/21-08-text/21-08-us2.txt
2026-08-28 16:02:23,268 INFO Wrote 43 matching line(s) to /home/eyamrog/PycharmProjects/cl_st1_melina/cl_st1_ph1_melina/corpus/01_now_dataset/02_now_text/21-08-text/21-08-us3.txt
2026-08-28 16:02:24,963 INFO Wrote 53 matching line(s) to /home/eyamrog/PycharmProjects/cl_st1_melina/cl_st1_ph1_melina/corpus/01_now_dataset/02_now_text/21-08-text/21-08-us4.txt
2026-08-28 16:02:26,603 INFO Wrote 64 matching line(s) to /home/eyamrog/PycharmProjects/cl_st1_melina/cl_st1_ph1_melina/corpus/01_now_dataset/02_now_text/21-08-text/21-08-us5.txt
2026-08-28 16:02:27,053 INFO Wrote 9 matching line(s) to /home/eyamrog/PycharmProjects/cl_st1_melina/cl_st1_ph1_melina/corpus/01_now_dataset/02_now_text/21-08-text/21-08-za.txt
2026-08-28 16:02:27,834 INFO Wrote 24 matching line(s) to /home/eyamrog/PycharmProjects/cl_st1_melina/cl_st1_ph1_melina/corpus/01_now_dataset/02_now_text/21-09-text/16-10-au.txt
2026-08-28 16:02:27,912 INFO Wrote 4 matching line(s) to /home/eyamrog/PycharmProjects/cl_st1_melina/cl_st1_ph1_melina/corpus/01_now_dataset/02_now_text/21-09-text/21-09-bd.txt
2026-08-28 16:02:28,880 INFO Wrote 19 matching line(s) to /home/eyamrog/PycharmProjects/cl_st1_melina/cl_st1_ph1_melina/corpus/01_now_dataset/02_now_text/21-09-text/21-09-ca.txt
2026-08-28 16:02:30,868 INFO Wrote 21 matching line(s) to /home/eyamrog/PycharmProjects/cl_st1_melina/cl_st1_ph1_melina/corpus/01_now_dataset/02_now_text/21-09-text/21-09-gb.txt
2026-08-28 16:02:31,056 INFO No matches found in 21-09-gh.txt; skipping output file
2026-08-28 16:02:31,125 INFO No matches found in 21-09-hk.txt; skipping output file
2026-08-28 16:02:32,373 INFO Wrote 6 matching line(s) to /home/eyamrog/PycharmProjects/cl_st1_melina/cl_st1_ph1_melina/corpus/01_now_dataset/02_now_text/21-09-text/21-09-ie.txt
2026-08-28 16:02:33,534 INFO Wrote 24 matching line(s) to /home/eyamrog/PycharmProjects/cl_st1_melina/cl_st1_ph1_melina/corpus/01_now_dataset/02_now_text/21-09-text/21-09-in.txt
2026-08-28 16:02:33,564 INFO Wrote 2 matching line(s) to /home/eyamrog/PycharmProjects/cl_st1_melina/cl_st1_ph1_melina/corpus/01_now_dataset/02_now_text/21-09-text/21-09-jm.txt
2026-08-28 16:02:33,687 INFO Wrote 1 matching line(s) to /home/eyamrog/PycharmProjects/cl_st1_melina/cl_st1_ph1_melina/corpus/01_now_dataset/02_now_text/21-09-text/21-09-ke.txt
2026-08-28 16:02:33,866 INFO Wrote 2 matching line(s) to /home/eyamrog/PycharmProjects/cl_st1_melina/cl_st1_ph1_melina/corpus/01_now_dataset/02_now_text/21-09-text/21-09-lk.txt
2026-08-28 16:02:34,031 INFO Wrote 3 matching line(s) to /home/eyamrog/PycharmProjects/cl_st1_melina/cl_st1_ph1_melina/corpus/01_now_dataset/02_now_text/21-09-text/21-09-my.txt
2026-08-28 16:02:34,498 INFO Wrote 8 matching line(s) to /home/eyamrog/PycharmProjects/cl_st1_melina/cl_st1_ph1_melina/corpus/01_now_dataset/02_now_text/21-09-text/21-09-ng.txt
2026-08-28 16:02:34,808 INFO Wrote 3 matching line(s) to /home/eyamrog/PycharmProjects/cl_st1_melina/cl_st1_ph1_melina/corpus/01_now_dataset/02_now_text/21-09-text/21-09-nz.txt
2026-08-28 16:02:35,041 INFO Wrote 1 matching line(s) to /home/eyamrog/PycharmProjects/cl_st1_melina/cl_st1_ph1_melina/corpus/01_now_dataset/02_now_text/21-09-text/21-09-ph.txt
2026-08-28 16:02:35,219 INFO Wrote 10 matching line(s) to /home/eyamrog/PycharmProjects/cl_st1_melina/cl_st1_ph1_melina/corpus/01_now_dataset/02_now_text/21-09-text/21-09-pk.txt
2026-08-28 16:02:35,398 INFO Wrote 3 matching line(s) to /home/eyamrog/PycharmProjects/cl_st1_melina/cl_st1_ph1_melina/corpus/01_now_dataset/02_now_text/21-09-text/21-09-sg.txt
2026-08-28 16:02:35,436 INFO No matches found in 21-09-tz.txt; skipping output file
2026-08-28 16:02:37,353 INFO Wrote 115 matching line(s) to /home/eyamrog/PycharmProjects/cl_st1_melina/cl_st1_ph1_melina/corpus/01_now_dataset/02_now_text/21-09-text/21-09-us1.txt
2026-08-28 16:02:39,234 INFO Wrote 119 matching line(s) to /home/eyamrog/PycharmProjects/cl_st1_melina/cl_st1_ph1_melina/corpus/01_now_dataset/02_now_text/21-09-text/21-09-us2.txt
2026-08-28 16:02:41,060 INFO Wrote 102 matching line(s) to /home/eyamrog/PycharmProjects/cl_st1_melina/cl_st1_ph1_melina/corpus/01_now_dataset/02_now_text/21-09-text/21-09-us3.txt
2026-08-28 16:02:42,830 INFO Wrote 97 matching line(s) to /home/eyamrog/PycharmProjects/cl_st1_melina/cl_st1_ph1_melina/corpus/01_now_dataset/02_now_text/21-09-text/21-09-us4.txt
2026-08-28 16:02:44,556 INFO Wrote 93 matching line(s) to /home/eyamrog/PycharmProjects/cl_st1_melina/cl_st1_ph1_melina/corpus/01_now_dataset/02_now_text/21-09-text/21-09-us5.txt
2026-08-28 16:02:45,101 INFO Wrote 6 matching line(s) to /home/eyamrog/PycharmProjects/cl_st1_melina/cl_st1_ph1_melina/corpus/01_now_dataset/02_now_text/21-09-text/21-09-za.txt
2026-08-28 16:02:47,000 INFO Wrote 10 matching line(s) to /home/eyamrog/PycharmProjects/cl_st1_melina/cl_st1_ph1_melina/corpus/01_now_dataset/02_now_text/21-10-text/16-10-au.txt
2026-08-28 16:02:47,089 INFO Wrote 3 matching line(s) to /home/eyamrog/PycharmProjects/cl_st1_melina/cl_st1_ph1_melina/corpus/01_now_dataset/02_now_text/21-10-text/21-10-bd.txt
2026-08-28 16:02:47,949 INFO Wrote 17 matching line(s) to /home/eyamrog/PycharmProjects/cl_st1_melina/cl_st1_ph1_melina/corpus/01_now_dataset/02_now_text/21-10-text/21-10-ca.txt
2026-08-28 16:02:49,184 INFO Wrote 10 matching line(s) to /home/eyamrog/PycharmProjects/cl_st1_melina/cl_st1_ph1_melina/corpus/01_now_dataset/02_now_text/21-10-text/21-10-gb.txt
2026-08-28 16:02:49,256 INFO No matches found in 21-10-gh.txt; skipping output file
2026-08-28 16:02:49,278 INFO No matches found in 21-10-hk.txt; skipping output file
2026-08-28 16:02:49,890 INFO Wrote 1 matching line(s) to /home/eyamrog/PycharmProjects/cl_st1_melina/cl_st1_ph1_melina/corpus/01_now_dataset/02_now_text/21-10-text/21-10-ie.txt
2026-08-28 16:02:51,079 INFO Wrote 41 matching line(s) to /home/eyamrog/PycharmProjects/cl_st1_melina/cl_st1_ph1_melina/corpus/01_now_dataset/02_now_text/21-10-text/21-10-in.txt
2026-08-28 16:02:51,109 INFO No matches found in 21-10-jm.txt; skipping output file
2026-08-28 16:02:51,229 INFO No matches found in 21-10-ke.txt; skipping output file
2026-08-28 16:02:51,380 INFO Wrote 3 matching line(s) to /home/eyamrog/PycharmProjects/cl_st1_melina/cl_st1_ph1_melina/corpus/01_now_dataset/02_now_text/21-10-text/21-10-lk.txt
2026-08-28 16:02:51,515 INFO Wrote 3 matching line(s) to /home/eyamrog/PycharmProjects/cl_st1_melina/cl_st1_ph1_melina/corpus/01_now_dataset/02_now_text/21-10-text/21-10-my.txt
2026-08-28 16:02:51,856 INFO Wrote 1 matching line(s) to /home/eyamrog/PycharmProjects/cl_st1_melina/cl_st1_ph1_melina/corpus/01_now_dataset/02_now_text/21-10-text/21-10-ng.txt
2026-08-28 16:02:52,213 INFO Wrote 3 matching line(s) to /home/eyamrog/PycharmProjects/cl_st1_melina/cl_st1_ph1_melina/corpus/01_now_dataset/02_now_text/21-10-text/21-10-nz.txt
2026-08-28 16:02:52,468 INFO Wrote 3 matching line(s) to /home/eyamrog/PycharmProjects/cl_st1_melina/cl_st1_ph1_melina/corpus/01_now_dataset/02_now_text/21-10-text/21-10-ph.txt
2026-08-28 16:02:52,597 INFO Wrote 4 matching line(s) to /home/eyamrog/PycharmProjects/cl_st1_melina/cl_st1_ph1_melina/corpus/01_now_dataset/02_now_text/21-10-text/21-10-pk.txt
2026-08-28 16:02:52,817 INFO Wrote 1 matching line(s) to /home/eyamrog/PycharmProjects/cl_st1_melina/cl_st1_ph1_melina/corpus/01_now_dataset/02_now_text/21-10-text/21-10-sg.txt
2026-08-28 16:02:52,861 INFO No matches found in 21-10-tz.txt; skipping output file
2026-08-28 16:02:55,018 INFO Wrote 26 matching line(s) to /home/eyamrog/PycharmProjects/cl_st1_melina/cl_st1_ph1_melina/corpus/01_now_dataset/02_now_text/21-10-text/21-10-us1.txt
2026-08-28 16:02:56,938 INFO Wrote 44 matching line(s) to /home/eyamrog/PycharmProjects/cl_st1_melina/cl_st1_ph1_melina/corpus/01_now_dataset/02_now_text/21-10-text/21-10-us2.txt
2026-08-28 16:02:58,775 INFO Wrote 38 matching line(s) to /home/eyamrog/PycharmProjects/cl_st1_melina/cl_st1_ph1_melina/corpus/01_now_dataset/02_now_text/21-10-text/21-10-us3.txt
2026-08-28 16:03:01,580 INFO Wrote 39 matching line(s) to /home/eyamrog/PycharmProjects/cl_st1_melina/cl_st1_ph1_melina/corpus/01_now_dataset/02_now_text/21-10-text/21-10-us4.txt
2026-08-28 16:03:03,516 INFO Wrote 40 matching line(s) to /home/eyamrog/PycharmProjects/cl_st1_melina/cl_st1_ph1_melina/corpus/01_now_dataset/02_now_text/21-10-text/21-10-us5.txt
2026-08-28 16:03:03,961 INFO Wrote 2 matching line(s) to /home/eyamrog/PycharmProjects/cl_st1_melina/cl_st1_ph1_melina/corpus/01_now_dataset/02_now_text/21-10-text/21-10-za.txt
2026-08-28 16:03:04,873 INFO Wrote 4 matching line(s) to /home/eyamrog/PycharmProjects/cl_st1_melina/cl_st1_ph1_melina/corpus/01_now_dataset/02_now_text/21-11-text/16-10-au.txt
2026-08-28 16:03:04,935 INFO Wrote 2 matching line(s) to /home/eyamrog/PycharmProjects/cl_st1_melina/cl_st1_ph1_melina/corpus/01_now_dataset/02_now_text/21-11-text/21-11-bd.txt
2026-08-28 16:03:05,756 INFO Wrote 5 matching line(s) to /home/eyamrog/PycharmProjects/cl_st1_melina/cl_st1_ph1_melina/corpus/01_now_dataset/02_now_text/21-11-text/21-11-ca.txt
2026-08-28 16:03:07,141 INFO Wrote 14 matching line(s) to /home/eyamrog/PycharmProjects/cl_st1_melina/cl_st1_ph1_melina/corpus/01_now_dataset/02_now_text/21-11-text/21-11-gb.txt
2026-08-28 16:03:07,205 INFO No matches found in 21-11-gh.txt; skipping output file
2026-08-28 16:03:07,233 INFO Wrote 1 matching line(s) to /home/eyamrog/PycharmProjects/cl_st1_melina/cl_st1_ph1_melina/corpus/01_now_dataset/02_now_text/21-11-text/21-11-hk.txt
2026-08-28 16:03:07,878 INFO Wrote 4 matching line(s) to /home/eyamrog/PycharmProjects/cl_st1_melina/cl_st1_ph1_melina/corpus/01_now_dataset/02_now_text/21-11-text/21-11-ie.txt
2026-08-28 16:03:09,237 INFO Wrote 24 matching line(s) to /home/eyamrog/PycharmProjects/cl_st1_melina/cl_st1_ph1_melina/corpus/01_now_dataset/02_now_text/21-11-text/21-11-in.txt
2026-08-28 16:03:09,264 INFO Wrote 1 matching line(s) to /home/eyamrog/PycharmProjects/cl_st1_melina/cl_st1_ph1_melina/corpus/01_now_dataset/02_now_text/21-11-text/21-11-jm.txt
2026-08-28 16:03:09,396 INFO No matches found in 21-11-ke.txt; skipping output file
2026-08-28 16:03:09,553 INFO No matches found in 21-11-lk.txt; skipping output file
2026-08-28 16:03:09,742 INFO Wrote 1 matching line(s) to /home/eyamrog/PycharmProjects/cl_st1_melina/cl_st1_ph1_melina/corpus/01_now_dataset/02_now_text/21-11-text/21-11-my.txt
2026-08-28 16:03:10,177 INFO Wrote 17 matching line(s) to /home/eyamrog/PycharmProjects/cl_st1_melina/cl_st1_ph1_melina/corpus/01_now_dataset/02_now_text/21-11-text/21-11-ng.txt
2026-08-28 16:03:10,486 INFO No matches found in 21-11-nz.txt; skipping output file
2026-08-28 16:03:10,747 INFO Wrote 5 matching line(s) to /home/eyamrog/PycharmProjects/cl_st1_melina/cl_st1_ph1_melina/corpus/01_now_dataset/02_now_text/21-11-text/21-11-ph.txt
2026-08-28 16:03:10,923 INFO Wrote 3 matching line(s) to /home/eyamrog/PycharmProjects/cl_st1_melina/cl_st1_ph1_melina/corpus/01_now_dataset/02_now_text/21-11-text/21-11-pk.txt
2026-08-28 16:03:11,080 INFO Wrote 2 matching line(s) to /home/eyamrog/PycharmProjects/cl_st1_melina/cl_st1_ph1_melina/corpus/01_now_dataset/02_now_text/21-11-text/21-11-sg.txt
2026-08-28 16:03:11,118 INFO No matches found in 21-11-tz.txt; skipping output file
2026-08-28 16:03:13,195 INFO Wrote 46 matching line(s) to /home/eyamrog/PycharmProjects/cl_st1_melina/cl_st1_ph1_melina/corpus/01_now_dataset/02_now_text/21-11-text/21-11-us1.txt
2026-08-28 16:03:15,518 INFO Wrote 53 matching line(s) to /home/eyamrog/PycharmProjects/cl_st1_melina/cl_st1_ph1_melina/corpus/01_now_dataset/02_now_text/21-11-text/21-11-us2.txt
2026-08-28 16:03:18,499 INFO Wrote 33 matching line(s) to /home/eyamrog/PycharmProjects/cl_st1_melina/cl_st1_ph1_melina/corpus/01_now_dataset/02_now_text/21-11-text/21-11-us3.txt
2026-08-28 16:03:20,327 INFO Wrote 48 matching line(s) to /home/eyamrog/PycharmProjects/cl_st1_melina/cl_st1_ph1_melina/corpus/01_now_dataset/02_now_text/21-11-text/21-11-us4.txt
2026-08-28 16:03:22,127 INFO Wrote 29 matching line(s) to /home/eyamrog/PycharmProjects/cl_st1_melina/cl_st1_ph1_melina/corpus/01_now_dataset/02_now_text/21-11-text/21-11-us5.txt
2026-08-28 16:03:22,575 INFO Wrote 9 matching line(s) to /home/eyamrog/PycharmProjects/cl_st1_melina/cl_st1_ph1_melina/corpus/01_now_dataset/02_now_text/21-11-text/21-11-za.txt
2026-08-28 16:03:23,450 INFO Wrote 7 matching line(s) to /home/eyamrog/PycharmProjects/cl_st1_melina/cl_st1_ph1_melina/corpus/01_now_dataset/02_now_text/21-12-text/21-12-au.txt
2026-08-28 16:03:23,522 INFO Wrote 2 matching line(s) to /home/eyamrog/PycharmProjects/cl_st1_melina/cl_st1_ph1_melina/corpus/01_now_dataset/02_now_text/21-12-text/21-12-bd.txt
2026-08-28 16:03:24,533 INFO Wrote 13 matching line(s) to /home/eyamrog/PycharmProjects/cl_st1_melina/cl_st1_ph1_melina/corpus/01_now_dataset/02_now_text/21-12-text/21-12-ca.txt
2026-08-28 16:03:25,641 INFO Wrote 19 matching line(s) to /home/eyamrog/PycharmProjects/cl_st1_melina/cl_st1_ph1_melina/corpus/01_now_dataset/02_now_text/21-12-text/21-12-gb.txt
2026-08-28 16:03:25,693 INFO Wrote 1 matching line(s) to /home/eyamrog/PycharmProjects/cl_st1_melina/cl_st1_ph1_melina/corpus/01_now_dataset/02_now_text/21-12-text/21-12-gh.txt
2026-08-28 16:03:25,759 INFO Wrote 4 matching line(s) to /home/eyamrog/PycharmProjects/cl_st1_melina/cl_st1_ph1_melina/corpus/01_now_dataset/02_now_text/21-12-text/21-12-hk.txt
2026-08-28 16:03:26,612 INFO Wrote 13 matching line(s) to /home/eyamrog/PycharmProjects/cl_st1_melina/cl_st1_ph1_melina/corpus/01_now_dataset/02_now_text/21-12-text/21-12-ie.txt
2026-08-28 16:03:27,866 INFO Wrote 14 matching line(s) to /home/eyamrog/PycharmProjects/cl_st1_melina/cl_st1_ph1_melina/corpus/01_now_dataset/02_now_text/21-12-text/21-12-in.txt
2026-08-28 16:03:27,902 INFO Wrote 1 matching line(s) to /home/eyamrog/PycharmProjects/cl_st1_melina/cl_st1_ph1_melina/corpus/01_now_dataset/02_now_text/21-12-text/21-12-jm.txt
2026-08-28 16:03:28,066 INFO Wrote 2 matching line(s) to /home/eyamrog/PycharmProjects/cl_st1_melina/cl_st1_ph1_melina/corpus/01_now_dataset/02_now_text/21-12-text/21-12-ke.txt
2026-08-28 16:03:28,180 INFO No matches found in 21-12-lk.txt; skipping output file
2026-08-28 16:03:28,326 INFO Wrote 2 matching line(s) to /home/eyamrog/PycharmProjects/cl_st1_melina/cl_st1_ph1_melina/corpus/01_now_dataset/02_now_text/21-12-text/21-12-my.txt
2026-08-28 16:03:28,771 INFO Wrote 2 matching line(s) to /home/eyamrog/PycharmProjects/cl_st1_melina/cl_st1_ph1_melina/corpus/01_now_dataset/02_now_text/21-12-text/21-12-ng.txt
2026-08-28 16:03:29,048 INFO Wrote 1 matching line(s) to /home/eyamrog/PycharmProjects/cl_st1_melina/cl_st1_ph1_melina/corpus/01_now_dataset/02_now_text/21-12-text/21-12-nz.txt
2026-08-28 16:03:29,345 INFO Wrote 5 matching line(s) to /home/eyamrog/PycharmProjects/cl_st1_melina/cl_st1_ph1_melina/corpus/01_now_dataset/02_now_text/21-12-text/21-12-ph.txt
2026-08-28 16:03:29,521 INFO Wrote 5 matching line(s) to /home/eyamrog/PycharmProjects/cl_st1_melina/cl_st1_ph1_melina/corpus/01_now_dataset/02_now_text/21-12-text/21-12-pk.txt
2026-08-28 16:03:29,776 INFO Wrote 5 matching line(s) to /home/eyamrog/PycharmProjects/cl_st1_melina/cl_st1_ph1_melina/corpus/01_now_dataset/02_now_text/21-12-text/21-12-sg.txt
2026-08-28 16:03:29,816 INFO Wrote 2 matching line(s) to /home/eyamrog/PycharmProjects/cl_st1_melina/cl_st1_ph1_melina/corpus/01_now_dataset/02_now_text/21-12-text/21-12-tz.txt
2026-08-28 16:03:33,582 INFO Wrote 38 matching line(s) to /home/eyamrog/PycharmProjects/cl_st1_melina/cl_st1_ph1_melina/corpus/01_now_dataset/02_now_text/21-12-text/21-12-us1.txt
2026-08-28 16:03:35,701 INFO Wrote 38 matching line(s) to /home/eyamrog/PycharmProjects/cl_st1_melina/cl_st1_ph1_melina/corpus/01_now_dataset/02_now_text/21-12-text/21-12-us2.txt
2026-08-28 16:03:37,700 INFO Wrote 29 matching line(s) to /home/eyamrog/PycharmProjects/cl_st1_melina/cl_st1_ph1_melina/corpus/01_now_dataset/02_now_text/21-12-text/21-12-us3.txt
2026-08-28 16:03:39,572 INFO Wrote 40 matching line(s) to /home/eyamrog/PycharmProjects/cl_st1_melina/cl_st1_ph1_melina/corpus/01_now_dataset/02_now_text/21-12-text/21-12-us4.txt
2026-08-28 16:03:41,449 INFO Wrote 25 matching line(s) to /home/eyamrog/PycharmProjects/cl_st1_melina/cl_st1_ph1_melina/corpus/01_now_dataset/02_now_text/21-12-text/21-12-us5.txt
2026-08-28 16:03:41,871 INFO Wrote 5 matching line(s) to /home/eyamrog/PycharmProjects/cl_st1_melina/cl_st1_ph1_melina/corpus/01_now_dataset/02_now_text/21-12-text/21-12-za.txt
2026-08-28 16:03:42,976 INFO Wrote 9 matching line(s) to /home/eyamrog/PycharmProjects/cl_st1_melina/cl_st1_ph1_melina/corpus/01_now_dataset/02_now_text/22-01-text/16-10-au.txt
2026-08-28 16:03:43,049 INFO Wrote 2 matching line(s) to /home/eyamrog/PycharmProjects/cl_st1_melina/cl_st1_ph1_melina/corpus/01_now_dataset/02_now_text/22-01-text/22-01-bd.txt
2026-08-28 16:03:44,368 INFO Wrote 13 matching line(s) to /home/eyamrog/PycharmProjects/cl_st1_melina/cl_st1_ph1_melina/corpus/01_now_dataset/02_now_text/22-01-text/22-01-ca.txt
2026-08-28 16:03:48,216 INFO Wrote 22 matching line(s) to /home/eyamrog/PycharmProjects/cl_st1_melina/cl_st1_ph1_melina/corpus/01_now_dataset/02_now_text/22-01-text/22-01-gb.txt
2026-08-28 16:03:48,304 INFO No matches found in 22-01-gh.txt; skipping output file
2026-08-28 16:03:48,333 INFO No matches found in 22-01-hk.txt; skipping output file
2026-08-28 16:03:49,119 INFO Wrote 11 matching line(s) to /home/eyamrog/PycharmProjects/cl_st1_melina/cl_st1_ph1_melina/corpus/01_now_dataset/02_now_text/22-01-text/22-01-ie.txt
2026-08-28 16:03:51,041 INFO Wrote 24 matching line(s) to /home/eyamrog/PycharmProjects/cl_st1_melina/cl_st1_ph1_melina/corpus/01_now_dataset/02_now_text/22-01-text/22-01-in.txt
2026-08-28 16:03:51,087 INFO No matches found in 22-01-jm.txt; skipping output file
2026-08-28 16:03:51,252 INFO No matches found in 22-01-ke.txt; skipping output file
2026-08-28 16:03:51,437 INFO Wrote 1 matching line(s) to /home/eyamrog/PycharmProjects/cl_st1_melina/cl_st1_ph1_melina/corpus/01_now_dataset/02_now_text/22-01-text/22-01-lk.txt
2026-08-28 16:03:51,662 INFO Wrote 2 matching line(s) to /home/eyamrog/PycharmProjects/cl_st1_melina/cl_st1_ph1_melina/corpus/01_now_dataset/02_now_text/22-01-text/22-01-my.txt
2026-08-28 16:03:52,264 INFO Wrote 7 matching line(s) to /home/eyamrog/PycharmProjects/cl_st1_melina/cl_st1_ph1_melina/corpus/01_now_dataset/02_now_text/22-01-text/22-01-ng.txt
2026-08-28 16:03:52,579 INFO Wrote 3 matching line(s) to /home/eyamrog/PycharmProjects/cl_st1_melina/cl_st1_ph1_melina/corpus/01_now_dataset/02_now_text/22-01-text/22-01-nz.txt
2026-08-28 16:03:52,861 INFO Wrote 1 matching line(s) to /home/eyamrog/PycharmProjects/cl_st1_melina/cl_st1_ph1_melina/corpus/01_now_dataset/02_now_text/22-01-text/22-01-ph.txt
2026-08-28 16:03:53,095 INFO Wrote 6 matching line(s) to /home/eyamrog/PycharmProjects/cl_st1_melina/cl_st1_ph1_melina/corpus/01_now_dataset/02_now_text/22-01-text/22-01-pk.txt
2026-08-28 16:03:53,285 INFO Wrote 3 matching line(s) to /home/eyamrog/PycharmProjects/cl_st1_melina/cl_st1_ph1_melina/corpus/01_now_dataset/02_now_text/22-01-text/22-01-sg.txt
2026-08-28 16:03:53,319 INFO No matches found in 22-01-tz.txt; skipping output file
2026-08-28 16:03:55,809 INFO Wrote 33 matching line(s) to /home/eyamrog/PycharmProjects/cl_st1_melina/cl_st1_ph1_melina/corpus/01_now_dataset/02_now_text/22-01-text/22-01-us1.txt
2026-08-28 16:03:58,300 INFO Wrote 28 matching line(s) to /home/eyamrog/PycharmProjects/cl_st1_melina/cl_st1_ph1_melina/corpus/01_now_dataset/02_now_text/22-01-text/22-01-us2.txt
2026-08-28 16:04:01,467 INFO Wrote 24 matching line(s) to /home/eyamrog/PycharmProjects/cl_st1_melina/cl_st1_ph1_melina/corpus/01_now_dataset/02_now_text/22-01-text/22-01-us3.txt
2026-08-28 16:04:04,169 INFO Wrote 36 matching line(s) to /home/eyamrog/PycharmProjects/cl_st1_melina/cl_st1_ph1_melina/corpus/01_now_dataset/02_now_text/22-01-text/22-01-us4.txt
2026-08-28 16:04:06,343 INFO Wrote 35 matching line(s) to /home/eyamrog/PycharmProjects/cl_st1_melina/cl_st1_ph1_melina/corpus/01_now_dataset/02_now_text/22-01-text/22-01-us5.txt
2026-08-28 16:04:06,840 INFO Wrote 2 matching line(s) to /home/eyamrog/PycharmProjects/cl_st1_melina/cl_st1_ph1_melina/corpus/01_now_dataset/02_now_text/22-01-text/22-01-za.txt
2026-08-28 16:04:07,810 INFO Wrote 10 matching line(s) to /home/eyamrog/PycharmProjects/cl_st1_melina/cl_st1_ph1_melina/corpus/01_now_dataset/02_now_text/22-02-text/16-10-au.txt
2026-08-28 16:04:07,856 INFO No matches found in 22-02-bd.txt; skipping output file
2026-08-28 16:04:09,169 INFO Wrote 8 matching line(s) to /home/eyamrog/PycharmProjects/cl_st1_melina/cl_st1_ph1_melina/corpus/01_now_dataset/02_now_text/22-02-text/22-02-ca.txt
2026-08-28 16:04:11,482 INFO Wrote 16 matching line(s) to /home/eyamrog/PycharmProjects/cl_st1_melina/cl_st1_ph1_melina/corpus/01_now_dataset/02_now_text/22-02-text/22-02-gb.txt
2026-08-28 16:04:11,545 INFO No matches found in 22-02-gh.txt; skipping output file
2026-08-28 16:04:11,570 INFO No matches found in 22-02-hk.txt; skipping output file
2026-08-28 16:04:12,355 INFO Wrote 7 matching line(s) to /home/eyamrog/PycharmProjects/cl_st1_melina/cl_st1_ph1_melina/corpus/01_now_dataset/02_now_text/22-02-text/22-02-ie.txt
2026-08-28 16:04:13,915 INFO Wrote 16 matching line(s) to /home/eyamrog/PycharmProjects/cl_st1_melina/cl_st1_ph1_melina/corpus/01_now_dataset/02_now_text/22-02-text/22-02-in.txt
2026-08-28 16:04:13,960 INFO Wrote 2 matching line(s) to /home/eyamrog/PycharmProjects/cl_st1_melina/cl_st1_ph1_melina/corpus/01_now_dataset/02_now_text/22-02-text/22-02-jm.txt
2026-08-28 16:04:14,116 INFO Wrote 2 matching line(s) to /home/eyamrog/PycharmProjects/cl_st1_melina/cl_st1_ph1_melina/corpus/01_now_dataset/02_now_text/22-02-text/22-02-ke.txt
2026-08-28 16:04:14,286 INFO Wrote 1 matching line(s) to /home/eyamrog/PycharmProjects/cl_st1_melina/cl_st1_ph1_melina/corpus/01_now_dataset/02_now_text/22-02-text/22-02-lk.txt
2026-08-28 16:04:14,510 INFO Wrote 2 matching line(s) to /home/eyamrog/PycharmProjects/cl_st1_melina/cl_st1_ph1_melina/corpus/01_now_dataset/02_now_text/22-02-text/22-02-my.txt
2026-08-28 16:04:15,146 INFO Wrote 4 matching line(s) to /home/eyamrog/PycharmProjects/cl_st1_melina/cl_st1_ph1_melina/corpus/01_now_dataset/02_now_text/22-02-text/22-02-ng.txt
2026-08-28 16:04:15,982 INFO Wrote 3 matching line(s) to /home/eyamrog/PycharmProjects/cl_st1_melina/cl_st1_ph1_melina/corpus/01_now_dataset/02_now_text/22-02-text/22-02-nz.txt
2026-08-28 16:04:16,569 INFO Wrote 2 matching line(s) to /home/eyamrog/PycharmProjects/cl_st1_melina/cl_st1_ph1_melina/corpus/01_now_dataset/02_now_text/22-02-text/22-02-ph.txt
2026-08-28 16:04:16,897 INFO Wrote 8 matching line(s) to /home/eyamrog/PycharmProjects/cl_st1_melina/cl_st1_ph1_melina/corpus/01_now_dataset/02_now_text/22-02-text/22-02-pk.txt
2026-08-28 16:04:17,201 INFO Wrote 1 matching line(s) to /home/eyamrog/PycharmProjects/cl_st1_melina/cl_st1_ph1_melina/corpus/01_now_dataset/02_now_text/22-02-text/22-02-sg.txt
2026-08-28 16:04:17,243 INFO No matches found in 22-02-tz.txt; skipping output file
2026-08-28 16:04:19,425 INFO Wrote 39 matching line(s) to /home/eyamrog/PycharmProjects/cl_st1_melina/cl_st1_ph1_melina/corpus/01_now_dataset/02_now_text/22-02-text/22-02-us1.txt
2026-08-28 16:04:21,419 INFO Wrote 21 matching line(s) to /home/eyamrog/PycharmProjects/cl_st1_melina/cl_st1_ph1_melina/corpus/01_now_dataset/02_now_text/22-02-text/22-02-us2.txt
2026-08-28 16:04:23,257 INFO Wrote 25 matching line(s) to /home/eyamrog/PycharmProjects/cl_st1_melina/cl_st1_ph1_melina/corpus/01_now_dataset/02_now_text/22-02-text/22-02-us3.txt
2026-08-28 16:04:25,038 INFO Wrote 24 matching line(s) to /home/eyamrog/PycharmProjects/cl_st1_melina/cl_st1_ph1_melina/corpus/01_now_dataset/02_now_text/22-02-text/22-02-us4.txt
2026-08-28 16:04:26,789 INFO Wrote 24 matching line(s) to /home/eyamrog/PycharmProjects/cl_st1_melina/cl_st1_ph1_melina/corpus/01_now_dataset/02_now_text/22-02-text/22-02-us5.txt
2026-08-28 16:04:27,258 INFO Wrote 3 matching line(s) to /home/eyamrog/PycharmProjects/cl_st1_melina/cl_st1_ph1_melina/corpus/01_now_dataset/02_now_text/22-02-text/22-02-za.txt
2026-08-28 16:04:27,956 INFO Wrote 4 matching line(s) to /home/eyamrog/PycharmProjects/cl_st1_melina/cl_st1_ph1_melina/corpus/01_now_dataset/02_now_text/22-03-text/16-10-au.txt
2026-08-28 16:04:28,007 INFO Wrote 3 matching line(s) to /home/eyamrog/PycharmProjects/cl_st1_melina/cl_st1_ph1_melina/corpus/01_now_dataset/02_now_text/22-03-text/22-03-bd.txt
2026-08-28 16:04:29,118 INFO Wrote 10 matching line(s) to /home/eyamrog/PycharmProjects/cl_st1_melina/cl_st1_ph1_melina/corpus/01_now_dataset/02_now_text/22-03-text/22-03-ca.txt
2026-08-28 16:04:33,248 INFO Wrote 26 matching line(s) to /home/eyamrog/PycharmProjects/cl_st1_melina/cl_st1_ph1_melina/corpus/01_now_dataset/02_now_text/22-03-text/22-03-gb.txt
2026-08-28 16:04:33,278 INFO No matches found in 22-03-gh.txt; skipping output file
2026-08-28 16:04:33,316 INFO Wrote 1 matching line(s) to /home/eyamrog/PycharmProjects/cl_st1_melina/cl_st1_ph1_melina/corpus/01_now_dataset/02_now_text/22-03-text/22-03-hk.txt
2026-08-28 16:04:33,919 INFO Wrote 6 matching line(s) to /home/eyamrog/PycharmProjects/cl_st1_melina/cl_st1_ph1_melina/corpus/01_now_dataset/02_now_text/22-03-text/22-03-ie.txt
2026-08-28 16:04:35,476 INFO Wrote 14 matching line(s) to /home/eyamrog/PycharmProjects/cl_st1_melina/cl_st1_ph1_melina/corpus/01_now_dataset/02_now_text/22-03-text/22-03-in.txt
2026-08-28 16:04:35,526 INFO Wrote 2 matching line(s) to /home/eyamrog/PycharmProjects/cl_st1_melina/cl_st1_ph1_melina/corpus/01_now_dataset/02_now_text/22-03-text/22-03-jm.txt
2026-08-28 16:04:35,670 INFO Wrote 2 matching line(s) to /home/eyamrog/PycharmProjects/cl_st1_melina/cl_st1_ph1_melina/corpus/01_now_dataset/02_now_text/22-03-text/22-03-ke.txt
2026-08-28 16:04:35,782 INFO Wrote 3 matching line(s) to /home/eyamrog/PycharmProjects/cl_st1_melina/cl_st1_ph1_melina/corpus/01_now_dataset/02_now_text/22-03-text/22-03-lk.txt
2026-08-28 16:04:35,948 INFO Wrote 1 matching line(s) to /home/eyamrog/PycharmProjects/cl_st1_melina/cl_st1_ph1_melina/corpus/01_now_dataset/02_now_text/22-03-text/22-03-my.txt
2026-08-28 16:04:36,664 INFO Wrote 3 matching line(s) to /home/eyamrog/PycharmProjects/cl_st1_melina/cl_st1_ph1_melina/corpus/01_now_dataset/02_now_text/22-03-text/22-03-ng.txt
2026-08-28 16:04:37,006 INFO Wrote 9 matching line(s) to /home/eyamrog/PycharmProjects/cl_st1_melina/cl_st1_ph1_melina/corpus/01_now_dataset/02_now_text/22-03-text/22-03-nz.txt
2026-08-28 16:04:37,142 INFO No matches found in 22-03-ph.txt; skipping output file
2026-08-28 16:04:37,342 INFO Wrote 9 matching line(s) to /home/eyamrog/PycharmProjects/cl_st1_melina/cl_st1_ph1_melina/corpus/01_now_dataset/02_now_text/22-03-text/22-03-pk.txt
2026-08-28 16:04:37,514 INFO Wrote 3 matching line(s) to /home/eyamrog/PycharmProjects/cl_st1_melina/cl_st1_ph1_melina/corpus/01_now_dataset/02_now_text/22-03-text/22-03-sg.txt
2026-08-28 16:04:37,542 INFO Wrote 2 matching line(s) to /home/eyamrog/PycharmProjects/cl_st1_melina/cl_st1_ph1_melina/corpus/01_now_dataset/02_now_text/22-03-text/22-03-tz.txt
2026-08-28 16:04:39,234 INFO Wrote 26 matching line(s) to /home/eyamrog/PycharmProjects/cl_st1_melina/cl_st1_ph1_melina/corpus/01_now_dataset/02_now_text/22-03-text/22-03-us1.txt
2026-08-28 16:04:40,940 INFO Wrote 27 matching line(s) to /home/eyamrog/PycharmProjects/cl_st1_melina/cl_st1_ph1_melina/corpus/01_now_dataset/02_now_text/22-03-text/22-03-us2.txt
2026-08-28 16:04:42,502 INFO Wrote 19 matching line(s) to /home/eyamrog/PycharmProjects/cl_st1_melina/cl_st1_ph1_melina/corpus/01_now_dataset/02_now_text/22-03-text/22-03-us3.txt
2026-08-28 16:04:43,959 INFO Wrote 22 matching line(s) to /home/eyamrog/PycharmProjects/cl_st1_melina/cl_st1_ph1_melina/corpus/01_now_dataset/02_now_text/22-03-text/22-03-us4.txt
2026-08-28 16:04:46,204 INFO Wrote 13 matching line(s) to /home/eyamrog/PycharmProjects/cl_st1_melina/cl_st1_ph1_melina/corpus/01_now_dataset/02_now_text/22-03-text/22-03-us5.txt
2026-08-28 16:04:47,094 INFO Wrote 5 matching line(s) to /home/eyamrog/PycharmProjects/cl_st1_melina/cl_st1_ph1_melina/corpus/01_now_dataset/02_now_text/22-03-text/22-03-za.txt
2026-08-28 16:04:48,115 INFO Wrote 6 matching line(s) to /home/eyamrog/PycharmProjects/cl_st1_melina/cl_st1_ph1_melina/corpus/01_now_dataset/02_now_text/22-04-text/16-10-au.txt
2026-08-28 16:04:48,167 INFO Wrote 3 matching line(s) to /home/eyamrog/PycharmProjects/cl_st1_melina/cl_st1_ph1_melina/corpus/01_now_dataset/02_now_text/22-04-text/22-04-bd.txt
2026-08-28 16:04:49,218 INFO Wrote 16 matching line(s) to /home/eyamrog/PycharmProjects/cl_st1_melina/cl_st1_ph1_melina/corpus/01_now_dataset/02_now_text/22-04-text/22-04-ca.txt
2026-08-28 16:04:52,112 INFO Wrote 43 matching line(s) to /home/eyamrog/PycharmProjects/cl_st1_melina/cl_st1_ph1_melina/corpus/01_now_dataset/02_now_text/22-04-text/22-04-gb.txt
2026-08-28 16:04:52,134 INFO No matches found in 22-04-gh.txt; skipping output file
2026-08-28 16:04:52,179 INFO Wrote 5 matching line(s) to /home/eyamrog/PycharmProjects/cl_st1_melina/cl_st1_ph1_melina/corpus/01_now_dataset/02_now_text/22-04-text/22-04-hk.txt
2026-08-28 16:04:52,634 INFO No matches found in 22-04-ie.txt; skipping output file
2026-08-28 16:04:54,804 INFO Wrote 23 matching line(s) to /home/eyamrog/PycharmProjects/cl_st1_melina/cl_st1_ph1_melina/corpus/01_now_dataset/02_now_text/22-04-text/22-04-in.txt
2026-08-28 16:04:54,856 INFO No matches found in 22-04-jm.txt; skipping output file
2026-08-28 16:04:54,993 INFO Wrote 8 matching line(s) to /home/eyamrog/PycharmProjects/cl_st1_melina/cl_st1_ph1_melina/corpus/01_now_dataset/02_now_text/22-04-text/22-04-ke.txt
2026-08-28 16:04:55,115 INFO Wrote 1 matching line(s) to /home/eyamrog/PycharmProjects/cl_st1_melina/cl_st1_ph1_melina/corpus/01_now_dataset/02_now_text/22-04-text/22-04-lk.txt
2026-08-28 16:04:55,291 INFO Wrote 2 matching line(s) to /home/eyamrog/PycharmProjects/cl_st1_melina/cl_st1_ph1_melina/corpus/01_now_dataset/02_now_text/22-04-text/22-04-my.txt
2026-08-28 16:04:56,158 INFO Wrote 11 matching line(s) to /home/eyamrog/PycharmProjects/cl_st1_melina/cl_st1_ph1_melina/corpus/01_now_dataset/02_now_text/22-04-text/22-04-ng.txt
2026-08-28 16:04:56,601 INFO Wrote 12 matching line(s) to /home/eyamrog/PycharmProjects/cl_st1_melina/cl_st1_ph1_melina/corpus/01_now_dataset/02_now_text/22-04-text/22-04-nz.txt
2026-08-28 16:04:56,786 INFO Wrote 1 matching line(s) to /home/eyamrog/PycharmProjects/cl_st1_melina/cl_st1_ph1_melina/corpus/01_now_dataset/02_now_text/22-04-text/22-04-ph.txt
2026-08-28 16:04:56,992 INFO Wrote 23 matching line(s) to /home/eyamrog/PycharmProjects/cl_st1_melina/cl_st1_ph1_melina/corpus/01_now_dataset/02_now_text/22-04-text/22-04-pk.txt
2026-08-28 16:04:57,190 INFO Wrote 3 matching line(s) to /home/eyamrog/PycharmProjects/cl_st1_melina/cl_st1_ph1_melina/corpus/01_now_dataset/02_now_text/22-04-text/22-04-sg.txt
2026-08-28 16:04:57,215 INFO Wrote 3 matching line(s) to /home/eyamrog/PycharmProjects/cl_st1_melina/cl_st1_ph1_melina/corpus/01_now_dataset/02_now_text/22-04-text/22-04-tz.txt
2026-08-28 16:04:58,791 INFO Wrote 41 matching line(s) to /home/eyamrog/PycharmProjects/cl_st1_melina/cl_st1_ph1_melina/corpus/01_now_dataset/02_now_text/22-04-text/22-04-us1.txt
2026-08-28 16:05:00,738 INFO Wrote 31 matching line(s) to /home/eyamrog/PycharmProjects/cl_st1_melina/cl_st1_ph1_melina/corpus/01_now_dataset/02_now_text/22-04-text/22-04-us2.txt
2026-08-28 16:05:03,187 INFO Wrote 30 matching line(s) to /home/eyamrog/PycharmProjects/cl_st1_melina/cl_st1_ph1_melina/corpus/01_now_dataset/02_now_text/22-04-text/22-04-us3.txt
2026-08-28 16:05:04,552 INFO Wrote 27 matching line(s) to /home/eyamrog/PycharmProjects/cl_st1_melina/cl_st1_ph1_melina/corpus/01_now_dataset/02_now_text/22-04-text/22-04-us4.txt
2026-08-28 16:05:05,756 INFO Wrote 23 matching line(s) to /home/eyamrog/PycharmProjects/cl_st1_melina/cl_st1_ph1_melina/corpus/01_now_dataset/02_now_text/22-04-text/22-04-us5.txt
2026-08-28 16:05:06,066 INFO Wrote 10 matching line(s) to /home/eyamrog/PycharmProjects/cl_st1_melina/cl_st1_ph1_melina/corpus/01_now_dataset/02_now_text/22-04-text/22-04-za.txt
2026-08-28 16:05:07,104 INFO Wrote 7 matching line(s) to /home/eyamrog/PycharmProjects/cl_st1_melina/cl_st1_ph1_melina/corpus/01_now_dataset/02_now_text/22-05-text/16-10-au.txt
2026-08-28 16:05:07,158 INFO Wrote 2 matching line(s) to /home/eyamrog/PycharmProjects/cl_st1_melina/cl_st1_ph1_melina/corpus/01_now_dataset/02_now_text/22-05-text/22-05-bd.txt
2026-08-28 16:05:08,230 INFO Wrote 10 matching line(s) to /home/eyamrog/PycharmProjects/cl_st1_melina/cl_st1_ph1_melina/corpus/01_now_dataset/02_now_text/22-05-text/22-05-ca.txt
2026-08-28 16:05:11,369 INFO Wrote 30 matching line(s) to /home/eyamrog/PycharmProjects/cl_st1_melina/cl_st1_ph1_melina/corpus/01_now_dataset/02_now_text/22-05-text/22-05-gb.txt
2026-08-28 16:05:11,393 INFO No matches found in 22-05-gh.txt; skipping output file
2026-08-28 16:05:11,442 INFO Wrote 1 matching line(s) to /home/eyamrog/PycharmProjects/cl_st1_melina/cl_st1_ph1_melina/corpus/01_now_dataset/02_now_text/22-05-text/22-05-hk.txt
2026-08-28 16:05:11,961 INFO Wrote 3 matching line(s) to /home/eyamrog/PycharmProjects/cl_st1_melina/cl_st1_ph1_melina/corpus/01_now_dataset/02_now_text/22-05-text/22-05-ie.txt
2026-08-28 16:05:14,494 INFO Wrote 18 matching line(s) to /home/eyamrog/PycharmProjects/cl_st1_melina/cl_st1_ph1_melina/corpus/01_now_dataset/02_now_text/22-05-text/22-05-in.txt
2026-08-28 16:05:14,554 INFO Wrote 4 matching line(s) to /home/eyamrog/PycharmProjects/cl_st1_melina/cl_st1_ph1_melina/corpus/01_now_dataset/02_now_text/22-05-text/22-05-jm.txt
2026-08-28 16:05:14,707 INFO Wrote 5 matching line(s) to /home/eyamrog/PycharmProjects/cl_st1_melina/cl_st1_ph1_melina/corpus/01_now_dataset/02_now_text/22-05-text/22-05-ke.txt
2026-08-28 16:05:14,833 INFO Wrote 1 matching line(s) to /home/eyamrog/PycharmProjects/cl_st1_melina/cl_st1_ph1_melina/corpus/01_now_dataset/02_now_text/22-05-text/22-05-lk.txt
2026-08-28 16:05:15,034 INFO Wrote 7 matching line(s) to /home/eyamrog/PycharmProjects/cl_st1_melina/cl_st1_ph1_melina/corpus/01_now_dataset/02_now_text/22-05-text/22-05-my.txt
2026-08-28 16:05:17,112 INFO Wrote 4 matching line(s) to /home/eyamrog/PycharmProjects/cl_st1_melina/cl_st1_ph1_melina/corpus/01_now_dataset/02_now_text/22-05-text/22-05-ng.txt
2026-08-28 16:05:17,743 INFO Wrote 10 matching line(s) to /home/eyamrog/PycharmProjects/cl_st1_melina/cl_st1_ph1_melina/corpus/01_now_dataset/02_now_text/22-05-text/22-05-nz.txt
2026-08-28 16:05:17,926 INFO Wrote 1 matching line(s) to /home/eyamrog/PycharmProjects/cl_st1_melina/cl_st1_ph1_melina/corpus/01_now_dataset/02_now_text/22-05-text/22-05-ph.txt
2026-08-28 16:05:18,134 INFO Wrote 10 matching line(s) to /home/eyamrog/PycharmProjects/cl_st1_melina/cl_st1_ph1_melina/corpus/01_now_dataset/02_now_text/22-05-text/22-05-pk.txt
2026-08-28 16:05:18,333 INFO Wrote 1 matching line(s) to /home/eyamrog/PycharmProjects/cl_st1_melina/cl_st1_ph1_melina/corpus/01_now_dataset/02_now_text/22-05-text/22-05-sg.txt
2026-08-28 16:05:18,360 INFO Wrote 2 matching line(s) to /home/eyamrog/PycharmProjects/cl_st1_melina/cl_st1_ph1_melina/corpus/01_now_dataset/02_now_text/22-05-text/22-05-tz.txt
2026-08-28 16:05:19,859 INFO Wrote 32 matching line(s) to /home/eyamrog/PycharmProjects/cl_st1_melina/cl_st1_ph1_melina/corpus/01_now_dataset/02_now_text/22-05-text/22-05-us1.txt
2026-08-28 16:05:21,317 INFO Wrote 23 matching line(s) to /home/eyamrog/PycharmProjects/cl_st1_melina/cl_st1_ph1_melina/corpus/01_now_dataset/02_now_text/22-05-text/22-05-us2.txt
2026-08-28 16:05:22,474 INFO Wrote 19 matching line(s) to /home/eyamrog/PycharmProjects/cl_st1_melina/cl_st1_ph1_melina/corpus/01_now_dataset/02_now_text/22-05-text/22-05-us3.txt
2026-08-28 16:05:23,520 INFO Wrote 23 matching line(s) to /home/eyamrog/PycharmProjects/cl_st1_melina/cl_st1_ph1_melina/corpus/01_now_dataset/02_now_text/22-05-text/22-05-us4.txt
2026-08-28 16:05:24,489 INFO Wrote 15 matching line(s) to /home/eyamrog/PycharmProjects/cl_st1_melina/cl_st1_ph1_melina/corpus/01_now_dataset/02_now_text/22-05-text/22-05-us5.txt
2026-08-28 16:05:24,852 INFO Wrote 4 matching line(s) to /home/eyamrog/PycharmProjects/cl_st1_melina/cl_st1_ph1_melina/corpus/01_now_dataset/02_now_text/22-05-text/22-05-za.txt
2026-08-28 16:05:25,770 INFO Wrote 7 matching line(s) to /home/eyamrog/PycharmProjects/cl_st1_melina/cl_st1_ph1_melina/corpus/01_now_dataset/02_now_text/22-06-text/16-10-au.txt
2026-08-28 16:05:25,835 INFO Wrote 3 matching line(s) to /home/eyamrog/PycharmProjects/cl_st1_melina/cl_st1_ph1_melina/corpus/01_now_dataset/02_now_text/22-06-text/22-06-bd.txt
2026-08-28 16:05:26,758 INFO Wrote 6 matching line(s) to /home/eyamrog/PycharmProjects/cl_st1_melina/cl_st1_ph1_melina/corpus/01_now_dataset/02_now_text/22-06-text/22-06-ca.txt
2026-08-28 16:05:29,510 INFO Wrote 14 matching line(s) to /home/eyamrog/PycharmProjects/cl_st1_melina/cl_st1_ph1_melina/corpus/01_now_dataset/02_now_text/22-06-text/22-06-gb.txt
2026-08-28 16:05:29,533 INFO No matches found in 22-06-gh.txt; skipping output file
2026-08-28 16:05:29,586 INFO Wrote 1 matching line(s) to /home/eyamrog/PycharmProjects/cl_st1_melina/cl_st1_ph1_melina/corpus/01_now_dataset/02_now_text/22-06-text/22-06-hk.txt
2026-08-28 16:05:30,150 INFO Wrote 4 matching line(s) to /home/eyamrog/PycharmProjects/cl_st1_melina/cl_st1_ph1_melina/corpus/01_now_dataset/02_now_text/22-06-text/22-06-ie.txt
2026-08-28 16:05:33,630 INFO Wrote 15 matching line(s) to /home/eyamrog/PycharmProjects/cl_st1_melina/cl_st1_ph1_melina/corpus/01_now_dataset/02_now_text/22-06-text/22-06-in.txt
2026-08-28 16:05:33,690 INFO No matches found in 22-06-jm.txt; skipping output file
2026-08-28 16:05:33,820 INFO No matches found in 22-06-ke.txt; skipping output file
2026-08-28 16:05:33,926 INFO No matches found in 22-06-lk.txt; skipping output file
2026-08-28 16:05:34,095 INFO Wrote 2 matching line(s) to /home/eyamrog/PycharmProjects/cl_st1_melina/cl_st1_ph1_melina/corpus/01_now_dataset/02_now_text/22-06-text/22-06-my.txt
2026-08-28 16:05:34,839 INFO Wrote 7 matching line(s) to /home/eyamrog/PycharmProjects/cl_st1_melina/cl_st1_ph1_melina/corpus/01_now_dataset/02_now_text/22-06-text/22-06-ng.txt
2026-08-28 16:05:35,251 INFO Wrote 10 matching line(s) to /home/eyamrog/PycharmProjects/cl_st1_melina/cl_st1_ph1_melina/corpus/01_now_dataset/02_now_text/22-06-text/22-06-nz.txt
2026-08-28 16:05:35,407 INFO No matches found in 22-06-ph.txt; skipping output file
2026-08-28 16:05:35,596 INFO Wrote 8 matching line(s) to /home/eyamrog/PycharmProjects/cl_st1_melina/cl_st1_ph1_melina/corpus/01_now_dataset/02_now_text/22-06-text/22-06-pk.txt
2026-08-28 16:05:35,787 INFO Wrote 1 matching line(s) to /home/eyamrog/PycharmProjects/cl_st1_melina/cl_st1_ph1_melina/corpus/01_now_dataset/02_now_text/22-06-text/22-06-sg.txt
2026-08-28 16:05:35,810 INFO Wrote 1 matching line(s) to /home/eyamrog/PycharmProjects/cl_st1_melina/cl_st1_ph1_melina/corpus/01_now_dataset/02_now_text/22-06-text/22-06-tz.txt
2026-08-28 16:05:37,095 INFO Wrote 15 matching line(s) to /home/eyamrog/PycharmProjects/cl_st1_melina/cl_st1_ph1_melina/corpus/01_now_dataset/02_now_text/22-06-text/22-06-us1.txt
2026-08-28 16:05:38,262 INFO Wrote 20 matching line(s) to /home/eyamrog/PycharmProjects/cl_st1_melina/cl_st1_ph1_melina/corpus/01_now_dataset/02_now_text/22-06-text/22-06-us2.txt
2026-08-28 16:05:39,260 INFO Wrote 12 matching line(s) to /home/eyamrog/PycharmProjects/cl_st1_melina/cl_st1_ph1_melina/corpus/01_now_dataset/02_now_text/22-06-text/22-06-us3.txt
2026-08-28 16:05:40,302 INFO Wrote 15 matching line(s) to /home/eyamrog/PycharmProjects/cl_st1_melina/cl_st1_ph1_melina/corpus/01_now_dataset/02_now_text/22-06-text/22-06-us4.txt
2026-08-28 16:05:41,396 INFO Wrote 11 matching line(s) to /home/eyamrog/PycharmProjects/cl_st1_melina/cl_st1_ph1_melina/corpus/01_now_dataset/02_now_text/22-06-text/22-06-us5.txt
2026-08-28 16:05:41,733 INFO No matches found in 22-06-za.txt; skipping output file
2026-08-28 16:05:42,738 INFO Wrote 1 matching line(s) to /home/eyamrog/PycharmProjects/cl_st1_melina/cl_st1_ph1_melina/corpus/01_now_dataset/02_now_text/22-07-text/16-10-au.txt
2026-08-28 16:05:42,803 INFO Wrote 2 matching line(s) to /home/eyamrog/PycharmProjects/cl_st1_melina/cl_st1_ph1_melina/corpus/01_now_dataset/02_now_text/22-07-text/22-07-bd.txt
2026-08-28 16:05:43,703 INFO Wrote 14 matching line(s) to /home/eyamrog/PycharmProjects/cl_st1_melina/cl_st1_ph1_melina/corpus/01_now_dataset/02_now_text/22-07-text/22-07-ca.txt
2026-08-28 16:05:48,459 INFO Wrote 15 matching line(s) to /home/eyamrog/PycharmProjects/cl_st1_melina/cl_st1_ph1_melina/corpus/01_now_dataset/02_now_text/22-07-text/22-07-gb.txt
2026-08-28 16:05:48,481 INFO No matches found in 22-07-gh.txt; skipping output file
2026-08-28 16:05:48,525 INFO Wrote 1 matching line(s) to /home/eyamrog/PycharmProjects/cl_st1_melina/cl_st1_ph1_melina/corpus/01_now_dataset/02_now_text/22-07-text/22-07-hk.txt
2026-08-28 16:05:49,083 INFO Wrote 2 matching line(s) to /home/eyamrog/PycharmProjects/cl_st1_melina/cl_st1_ph1_melina/corpus/01_now_dataset/02_now_text/22-07-text/22-07-ie.txt
2026-08-28 16:05:51,542 INFO Wrote 23 matching line(s) to /home/eyamrog/PycharmProjects/cl_st1_melina/cl_st1_ph1_melina/corpus/01_now_dataset/02_now_text/22-07-text/22-07-in.txt
2026-08-28 16:05:51,604 INFO No matches found in 22-07-jm.txt; skipping output file
2026-08-28 16:05:51,756 INFO No matches found in 22-07-ke.txt; skipping output file
2026-08-28 16:05:51,876 INFO No matches found in 22-07-lk.txt; skipping output file
2026-08-28 16:05:52,054 INFO No matches found in 22-07-my.txt; skipping output file
2026-08-28 16:05:52,935 INFO Wrote 4 matching line(s) to /home/eyamrog/PycharmProjects/cl_st1_melina/cl_st1_ph1_melina/corpus/01_now_dataset/02_now_text/22-07-text/22-07-ng.txt
2026-08-28 16:05:53,402 INFO Wrote 9 matching line(s) to /home/eyamrog/PycharmProjects/cl_st1_melina/cl_st1_ph1_melina/corpus/01_now_dataset/02_now_text/22-07-text/22-07-nz.txt
2026-08-28 16:05:53,579 INFO No matches found in 22-07-ph.txt; skipping output file
2026-08-28 16:05:53,782 INFO Wrote 9 matching line(s) to /home/eyamrog/PycharmProjects/cl_st1_melina/cl_st1_ph1_melina/corpus/01_now_dataset/02_now_text/22-07-text/22-07-pk.txt
2026-08-28 16:05:53,988 INFO Wrote 1 matching line(s) to /home/eyamrog/PycharmProjects/cl_st1_melina/cl_st1_ph1_melina/corpus/01_now_dataset/02_now_text/22-07-text/22-07-sg.txt
2026-08-28 16:05:54,014 INFO No matches found in 22-07-tz.txt; skipping output file
2026-08-28 16:05:56,046 INFO Wrote 27 matching line(s) to /home/eyamrog/PycharmProjects/cl_st1_melina/cl_st1_ph1_melina/corpus/01_now_dataset/02_now_text/22-07-text/22-07-us1.txt
2026-08-28 16:05:57,878 INFO Wrote 24 matching line(s) to /home/eyamrog/PycharmProjects/cl_st1_melina/cl_st1_ph1_melina/corpus/01_now_dataset/02_now_text/22-07-text/22-07-us2.txt
2026-08-28 16:05:59,411 INFO Wrote 26 matching line(s) to /home/eyamrog/PycharmProjects/cl_st1_melina/cl_st1_ph1_melina/corpus/01_now_dataset/02_now_text/22-07-text/22-07-us3.txt
2026-08-28 16:06:02,001 INFO Wrote 24 matching line(s) to /home/eyamrog/PycharmProjects/cl_st1_melina/cl_st1_ph1_melina/corpus/01_now_dataset/02_now_text/22-07-text/22-07-us4.txt
2026-08-28 16:06:03,704 INFO Wrote 17 matching line(s) to /home/eyamrog/PycharmProjects/cl_st1_melina/cl_st1_ph1_melina/corpus/01_now_dataset/02_now_text/22-07-text/22-07-us5.txt
2026-08-28 16:06:04,074 INFO No matches found in 22-07-za.txt; skipping output file
2026-08-28 16:06:05,074 INFO Wrote 11 matching line(s) to /home/eyamrog/PycharmProjects/cl_st1_melina/cl_st1_ph1_melina/corpus/01_now_dataset/02_now_text/22-08-text/16-10-au.txt
2026-08-28 16:06:05,142 INFO Wrote 3 matching line(s) to /home/eyamrog/PycharmProjects/cl_st1_melina/cl_st1_ph1_melina/corpus/01_now_dataset/02_now_text/22-08-text/22-08-bd.txt
2026-08-28 16:06:06,012 INFO Wrote 23 matching line(s) to /home/eyamrog/PycharmProjects/cl_st1_melina/cl_st1_ph1_melina/corpus/01_now_dataset/02_now_text/22-08-text/22-08-ca.txt
2026-08-28 16:06:08,936 INFO Wrote 93 matching line(s) to /home/eyamrog/PycharmProjects/cl_st1_melina/cl_st1_ph1_melina/corpus/01_now_dataset/02_now_text/22-08-text/22-08-gb.txt
2026-08-28 16:06:08,952 INFO No matches found in 22-08-gh.txt; skipping output file
2026-08-28 16:06:08,998 INFO Wrote 1 matching line(s) to /home/eyamrog/PycharmProjects/cl_st1_melina/cl_st1_ph1_melina/corpus/01_now_dataset/02_now_text/22-08-text/22-08-hk.txt
2026-08-28 16:06:09,518 INFO Wrote 8 matching line(s) to /home/eyamrog/PycharmProjects/cl_st1_melina/cl_st1_ph1_melina/corpus/01_now_dataset/02_now_text/22-08-text/22-08-ie.txt
2026-08-28 16:06:11,988 INFO Wrote 76 matching line(s) to /home/eyamrog/PycharmProjects/cl_st1_melina/cl_st1_ph1_melina/corpus/01_now_dataset/02_now_text/22-08-text/22-08-in.txt
2026-08-28 16:06:12,045 INFO Wrote 1 matching line(s) to /home/eyamrog/PycharmProjects/cl_st1_melina/cl_st1_ph1_melina/corpus/01_now_dataset/02_now_text/22-08-text/22-08-jm.txt
2026-08-28 16:06:12,182 INFO Wrote 9 matching line(s) to /home/eyamrog/PycharmProjects/cl_st1_melina/cl_st1_ph1_melina/corpus/01_now_dataset/02_now_text/22-08-text/22-08-ke.txt
2026-08-28 16:06:12,302 INFO Wrote 2 matching line(s) to /home/eyamrog/PycharmProjects/cl_st1_melina/cl_st1_ph1_melina/corpus/01_now_dataset/02_now_text/22-08-text/22-08-lk.txt
2026-08-28 16:06:12,477 INFO Wrote 2 matching line(s) to /home/eyamrog/PycharmProjects/cl_st1_melina/cl_st1_ph1_melina/corpus/01_now_dataset/02_now_text/22-08-text/22-08-my.txt
2026-08-28 16:06:13,364 INFO Wrote 29 matching line(s) to /home/eyamrog/PycharmProjects/cl_st1_melina/cl_st1_ph1_melina/corpus/01_now_dataset/02_now_text/22-08-text/22-08-ng.txt
2026-08-28 16:06:13,815 INFO Wrote 18 matching line(s) to /home/eyamrog/PycharmProjects/cl_st1_melina/cl_st1_ph1_melina/corpus/01_now_dataset/02_now_text/22-08-text/22-08-nz.txt
2026-08-28 16:06:14,003 INFO Wrote 4 matching line(s) to /home/eyamrog/PycharmProjects/cl_st1_melina/cl_st1_ph1_melina/corpus/01_now_dataset/02_now_text/22-08-text/22-08-ph.txt
2026-08-28 16:06:14,240 INFO Wrote 31 matching line(s) to /home/eyamrog/PycharmProjects/cl_st1_melina/cl_st1_ph1_melina/corpus/01_now_dataset/02_now_text/22-08-text/22-08-pk.txt
2026-08-28 16:06:14,434 INFO No matches found in 22-08-sg.txt; skipping output file
2026-08-28 16:06:14,459 INFO Wrote 1 matching line(s) to /home/eyamrog/PycharmProjects/cl_st1_melina/cl_st1_ph1_melina/corpus/01_now_dataset/02_now_text/22-08-text/22-08-tz.txt
2026-08-28 16:06:17,651 INFO Wrote 81 matching line(s) to /home/eyamrog/PycharmProjects/cl_st1_melina/cl_st1_ph1_melina/corpus/01_now_dataset/02_now_text/22-08-text/22-08-us1.txt
2026-08-28 16:06:19,474 INFO Wrote 86 matching line(s) to /home/eyamrog/PycharmProjects/cl_st1_melina/cl_st1_ph1_melina/corpus/01_now_dataset/02_now_text/22-08-text/22-08-us2.txt
2026-08-28 16:06:21,075 INFO Wrote 87 matching line(s) to /home/eyamrog/PycharmProjects/cl_st1_melina/cl_st1_ph1_melina/corpus/01_now_dataset/02_now_text/22-08-text/22-08-us3.txt
2026-08-28 16:06:22,620 INFO Wrote 39 matching line(s) to /home/eyamrog/PycharmProjects/cl_st1_melina/cl_st1_ph1_melina/corpus/01_now_dataset/02_now_text/22-08-text/22-08-us4.txt
2026-08-28 16:06:24,074 INFO Wrote 41 matching line(s) to /home/eyamrog/PycharmProjects/cl_st1_melina/cl_st1_ph1_melina/corpus/01_now_dataset/02_now_text/22-08-text/22-08-us5.txt
2026-08-28 16:06:24,447 INFO Wrote 9 matching line(s) to /home/eyamrog/PycharmProjects/cl_st1_melina/cl_st1_ph1_melina/corpus/01_now_dataset/02_now_text/22-08-text/22-08-za.txt
2026-08-28 16:06:25,437 INFO Wrote 6 matching line(s) to /home/eyamrog/PycharmProjects/cl_st1_melina/cl_st1_ph1_melina/corpus/01_now_dataset/02_now_text/22-09-text/16-10-au.txt
2026-08-28 16:06:25,501 INFO No matches found in 22-09-bd.txt; skipping output file
2026-08-28 16:06:26,431 INFO Wrote 10 matching line(s) to /home/eyamrog/PycharmProjects/cl_st1_melina/cl_st1_ph1_melina/corpus/01_now_dataset/02_now_text/22-09-text/22-09-ca.txt
2026-08-28 16:06:29,407 INFO Wrote 19 matching line(s) to /home/eyamrog/PycharmProjects/cl_st1_melina/cl_st1_ph1_melina/corpus/01_now_dataset/02_now_text/22-09-text/22-09-gb.txt
2026-08-28 16:06:29,420 INFO No matches found in 22-09-gh.txt; skipping output file
2026-08-28 16:06:29,462 INFO Wrote 1 matching line(s) to /home/eyamrog/PycharmProjects/cl_st1_melina/cl_st1_ph1_melina/corpus/01_now_dataset/02_now_text/22-09-text/22-09-hk.txt
2026-08-28 16:06:30,016 INFO Wrote 2 matching line(s) to /home/eyamrog/PycharmProjects/cl_st1_melina/cl_st1_ph1_melina/corpus/01_now_dataset/02_now_text/22-09-text/22-09-ie.txt
2026-08-28 16:06:33,647 INFO Wrote 17 matching line(s) to /home/eyamrog/PycharmProjects/cl_st1_melina/cl_st1_ph1_melina/corpus/01_now_dataset/02_now_text/22-09-text/22-09-in.txt
2026-08-28 16:06:33,705 INFO No matches found in 22-09-jm.txt; skipping output file
2026-08-28 16:06:33,837 INFO Wrote 1 matching line(s) to /home/eyamrog/PycharmProjects/cl_st1_melina/cl_st1_ph1_melina/corpus/01_now_dataset/02_now_text/22-09-text/22-09-ke.txt
2026-08-28 16:06:33,972 INFO Wrote 2 matching line(s) to /home/eyamrog/PycharmProjects/cl_st1_melina/cl_st1_ph1_melina/corpus/01_now_dataset/02_now_text/22-09-text/22-09-lk.txt
2026-08-28 16:06:34,170 INFO No matches found in 22-09-my.txt; skipping output file
2026-08-28 16:06:35,049 INFO Wrote 7 matching line(s) to /home/eyamrog/PycharmProjects/cl_st1_melina/cl_st1_ph1_melina/corpus/01_now_dataset/02_now_text/22-09-text/22-09-ng.txt
2026-08-28 16:06:35,482 INFO Wrote 8 matching line(s) to /home/eyamrog/PycharmProjects/cl_st1_melina/cl_st1_ph1_melina/corpus/01_now_dataset/02_now_text/22-09-text/22-09-nz.txt
2026-08-28 16:06:35,693 INFO No matches found in 22-09-ph.txt; skipping output file
2026-08-28 16:06:35,944 INFO Wrote 9 matching line(s) to /home/eyamrog/PycharmProjects/cl_st1_melina/cl_st1_ph1_melina/corpus/01_now_dataset/02_now_text/22-09-text/22-09-pk.txt
2026-08-28 16:06:36,130 INFO Wrote 2 matching line(s) to /home/eyamrog/PycharmProjects/cl_st1_melina/cl_st1_ph1_melina/corpus/01_now_dataset/02_now_text/22-09-text/22-09-sg.txt
2026-08-28 16:06:36,154 INFO No matches found in 22-09-tz.txt; skipping output file
2026-08-28 16:06:37,908 INFO Wrote 24 matching line(s) to /home/eyamrog/PycharmProjects/cl_st1_melina/cl_st1_ph1_melina/corpus/01_now_dataset/02_now_text/22-09-text/22-09-us1.txt
2026-08-28 16:06:39,529 INFO Wrote 18 matching line(s) to /home/eyamrog/PycharmProjects/cl_st1_melina/cl_st1_ph1_melina/corpus/01_now_dataset/02_now_text/22-09-text/22-09-us2.txt
2026-08-28 16:06:41,061 INFO Wrote 26 matching line(s) to /home/eyamrog/PycharmProjects/cl_st1_melina/cl_st1_ph1_melina/corpus/01_now_dataset/02_now_text/22-09-text/22-09-us3.txt
2026-08-28 16:06:42,535 INFO Wrote 18 matching line(s) to /home/eyamrog/PycharmProjects/cl_st1_melina/cl_st1_ph1_melina/corpus/01_now_dataset/02_now_text/22-09-text/22-09-us4.txt
2026-08-28 16:06:43,942 INFO Wrote 10 matching line(s) to /home/eyamrog/PycharmProjects/cl_st1_melina/cl_st1_ph1_melina/corpus/01_now_dataset/02_now_text/22-09-text/22-09-us5.txt
2026-08-28 16:06:44,298 INFO Wrote 3 matching line(s) to /home/eyamrog/PycharmProjects/cl_st1_melina/cl_st1_ph1_melina/corpus/01_now_dataset/02_now_text/22-09-text/22-09-za.txt
2026-08-28 16:06:45,552 INFO Wrote 5 matching line(s) to /home/eyamrog/PycharmProjects/cl_st1_melina/cl_st1_ph1_melina/corpus/01_now_dataset/02_now_text/22-10-text/16-10-au.txt
2026-08-28 16:06:45,815 INFO Wrote 3 matching line(s) to /home/eyamrog/PycharmProjects/cl_st1_melina/cl_st1_ph1_melina/corpus/01_now_dataset/02_now_text/22-10-text/22-10-bd.txt
2026-08-28 16:06:47,706 INFO Wrote 12 matching line(s) to /home/eyamrog/PycharmProjects/cl_st1_melina/cl_st1_ph1_melina/corpus/01_now_dataset/02_now_text/22-10-text/22-10-ca.txt
2026-08-28 16:06:50,839 INFO Wrote 21 matching line(s) to /home/eyamrog/PycharmProjects/cl_st1_melina/cl_st1_ph1_melina/corpus/01_now_dataset/02_now_text/22-10-text/22-10-gb.txt
2026-08-28 16:06:50,847 INFO No matches found in 22-10-gh.txt; skipping output file
2026-08-28 16:06:50,890 INFO No matches found in 22-10-hk.txt; skipping output file
2026-08-28 16:06:51,440 INFO Wrote 5 matching line(s) to /home/eyamrog/PycharmProjects/cl_st1_melina/cl_st1_ph1_melina/corpus/01_now_dataset/02_now_text/22-10-text/22-10-ie.txt
2026-08-28 16:06:53,621 INFO Wrote 14 matching line(s) to /home/eyamrog/PycharmProjects/cl_st1_melina/cl_st1_ph1_melina/corpus/01_now_dataset/02_now_text/22-10-text/22-10-in.txt
2026-08-28 16:06:53,684 INFO Wrote 2 matching line(s) to /home/eyamrog/PycharmProjects/cl_st1_melina/cl_st1_ph1_melina/corpus/01_now_dataset/02_now_text/22-10-text/22-10-jm.txt
2026-08-28 16:06:53,825 INFO No matches found in 22-10-ke.txt; skipping output file
2026-08-28 16:06:53,945 INFO Wrote 1 matching line(s) to /home/eyamrog/PycharmProjects/cl_st1_melina/cl_st1_ph1_melina/corpus/01_now_dataset/02_now_text/22-10-text/22-10-lk.txt
2026-08-28 16:06:54,149 INFO No matches found in 22-10-my.txt; skipping output file
2026-08-28 16:06:55,023 INFO Wrote 3 matching line(s) to /home/eyamrog/PycharmProjects/cl_st1_melina/cl_st1_ph1_melina/corpus/01_now_dataset/02_now_text/22-10-text/22-10-ng.txt
2026-08-28 16:06:55,449 INFO Wrote 6 matching line(s) to /home/eyamrog/PycharmProjects/cl_st1_melina/cl_st1_ph1_melina/corpus/01_now_dataset/02_now_text/22-10-text/22-10-nz.txt
2026-08-28 16:06:55,672 INFO No matches found in 22-10-ph.txt; skipping output file
2026-08-28 16:06:55,912 INFO Wrote 4 matching line(s) to /home/eyamrog/PycharmProjects/cl_st1_melina/cl_st1_ph1_melina/corpus/01_now_dataset/02_now_text/22-10-text/22-10-pk.txt
2026-08-28 16:06:56,107 INFO Wrote 2 matching line(s) to /home/eyamrog/PycharmProjects/cl_st1_melina/cl_st1_ph1_melina/corpus/01_now_dataset/02_now_text/22-10-text/22-10-sg.txt
2026-08-28 16:06:56,107 INFO No matches found in 22-10-tz.txt; skipping output file
2026-08-28 16:06:57,439 INFO Wrote 11 matching line(s) to /home/eyamrog/PycharmProjects/cl_st1_melina/cl_st1_ph1_melina/corpus/01_now_dataset/02_now_text/22-10-text/22-10-us1.txt
2026-08-28 16:06:58,771 INFO Wrote 13 matching line(s) to /home/eyamrog/PycharmProjects/cl_st1_melina/cl_st1_ph1_melina/corpus/01_now_dataset/02_now_text/22-10-text/22-10-us2.txt
2026-08-28 16:07:00,027 INFO Wrote 8 matching line(s) to /home/eyamrog/PycharmProjects/cl_st1_melina/cl_st1_ph1_melina/corpus/01_now_dataset/02_now_text/22-10-text/22-10-us3.txt
2026-08-28 16:07:03,615 INFO Wrote 8 matching line(s) to /home/eyamrog/PycharmProjects/cl_st1_melina/cl_st1_ph1_melina/corpus/01_now_dataset/02_now_text/22-10-text/22-10-us4.txt
2026-08-28 16:07:05,531 INFO Wrote 11 matching line(s) to /home/eyamrog/PycharmProjects/cl_st1_melina/cl_st1_ph1_melina/corpus/01_now_dataset/02_now_text/22-10-text/22-10-us5.txt
2026-08-28 16:07:06,069 INFO Wrote 5 matching line(s) to /home/eyamrog/PycharmProjects/cl_st1_melina/cl_st1_ph1_melina/corpus/01_now_dataset/02_now_text/22-10-text/22-10-za.txt
2026-08-28 16:07:07,361 INFO Wrote 7 matching line(s) to /home/eyamrog/PycharmProjects/cl_st1_melina/cl_st1_ph1_melina/corpus/01_now_dataset/02_now_text/22-11-text/16-10-au.txt
2026-08-28 16:07:07,454 INFO Wrote 2 matching line(s) to /home/eyamrog/PycharmProjects/cl_st1_melina/cl_st1_ph1_melina/corpus/01_now_dataset/02_now_text/22-11-text/22-11-bd.txt
2026-08-28 16:07:08,580 INFO Wrote 22 matching line(s) to /home/eyamrog/PycharmProjects/cl_st1_melina/cl_st1_ph1_melina/corpus/01_now_dataset/02_now_text/22-11-text/22-11-ca.txt
2026-08-28 16:07:12,620 INFO Wrote 24 matching line(s) to /home/eyamrog/PycharmProjects/cl_st1_melina/cl_st1_ph1_melina/corpus/01_now_dataset/02_now_text/22-11-text/22-11-gb.txt
2026-08-28 16:07:12,625 INFO No matches found in 22-11-gh.txt; skipping output file
2026-08-28 16:07:12,675 INFO Wrote 1 matching line(s) to /home/eyamrog/PycharmProjects/cl_st1_melina/cl_st1_ph1_melina/corpus/01_now_dataset/02_now_text/22-11-text/22-11-hk.txt
2026-08-28 16:07:13,297 INFO Wrote 2 matching line(s) to /home/eyamrog/PycharmProjects/cl_st1_melina/cl_st1_ph1_melina/corpus/01_now_dataset/02_now_text/22-11-text/22-11-ie.txt
2026-08-28 16:07:15,733 INFO Wrote 27 matching line(s) to /home/eyamrog/PycharmProjects/cl_st1_melina/cl_st1_ph1_melina/corpus/01_now_dataset/02_now_text/22-11-text/22-11-in.txt
2026-08-28 16:07:15,790 INFO No matches found in 22-11-jm.txt; skipping output file
2026-08-28 16:07:15,941 INFO Wrote 1 matching line(s) to /home/eyamrog/PycharmProjects/cl_st1_melina/cl_st1_ph1_melina/corpus/01_now_dataset/02_now_text/22-11-text/22-11-ke.txt
2026-08-28 16:07:16,064 INFO Wrote 2 matching line(s) to /home/eyamrog/PycharmProjects/cl_st1_melina/cl_st1_ph1_melina/corpus/01_now_dataset/02_now_text/22-11-text/22-11-lk.txt
2026-08-28 16:07:16,286 INFO Wrote 1 matching line(s) to /home/eyamrog/PycharmProjects/cl_st1_melina/cl_st1_ph1_melina/corpus/01_now_dataset/02_now_text/22-11-text/22-11-my.txt
2026-08-28 16:07:17,202 INFO Wrote 5 matching line(s) to /home/eyamrog/PycharmProjects/cl_st1_melina/cl_st1_ph1_melina/corpus/01_now_dataset/02_now_text/22-11-text/22-11-ng.txt
2026-08-28 16:07:17,681 INFO Wrote 10 matching line(s) to /home/eyamrog/PycharmProjects/cl_st1_melina/cl_st1_ph1_melina/corpus/01_now_dataset/02_now_text/22-11-text/22-11-nz.txt
2026-08-28 16:07:17,906 INFO Wrote 1 matching line(s) to /home/eyamrog/PycharmProjects/cl_st1_melina/cl_st1_ph1_melina/corpus/01_now_dataset/02_now_text/22-11-text/22-11-ph.txt
2026-08-28 16:07:18,156 INFO Wrote 6 matching line(s) to /home/eyamrog/PycharmProjects/cl_st1_melina/cl_st1_ph1_melina/corpus/01_now_dataset/02_now_text/22-11-text/22-11-pk.txt
2026-08-28 16:07:18,372 INFO Wrote 2 matching line(s) to /home/eyamrog/PycharmProjects/cl_st1_melina/cl_st1_ph1_melina/corpus/01_now_dataset/02_now_text/22-11-text/22-11-sg.txt
2026-08-28 16:07:18,373 INFO No matches found in 22-11-tz.txt; skipping output file
2026-08-28 16:07:19,770 INFO Wrote 22 matching line(s) to /home/eyamrog/PycharmProjects/cl_st1_melina/cl_st1_ph1_melina/corpus/01_now_dataset/02_now_text/22-11-text/22-11-us1.txt
2026-08-28 16:07:21,709 INFO Wrote 18 matching line(s) to /home/eyamrog/PycharmProjects/cl_st1_melina/cl_st1_ph1_melina/corpus/01_now_dataset/02_now_text/22-11-text/22-11-us2.txt
2026-08-28 16:07:22,891 INFO Wrote 19 matching line(s) to /home/eyamrog/PycharmProjects/cl_st1_melina/cl_st1_ph1_melina/corpus/01_now_dataset/02_now_text/22-11-text/22-11-us3.txt
2026-08-28 16:07:24,003 INFO Wrote 11 matching line(s) to /home/eyamrog/PycharmProjects/cl_st1_melina/cl_st1_ph1_melina/corpus/01_now_dataset/02_now_text/22-11-text/22-11-us4.txt
2026-08-28 16:07:25,035 INFO Wrote 9 matching line(s) to /home/eyamrog/PycharmProjects/cl_st1_melina/cl_st1_ph1_melina/corpus/01_now_dataset/02_now_text/22-11-text/22-11-us5.txt
2026-08-28 16:07:25,350 INFO Wrote 4 matching line(s) to /home/eyamrog/PycharmProjects/cl_st1_melina/cl_st1_ph1_melina/corpus/01_now_dataset/02_now_text/22-11-text/22-11-za.txt
2026-08-28 16:07:26,229 INFO Wrote 7 matching line(s) to /home/eyamrog/PycharmProjects/cl_st1_melina/cl_st1_ph1_melina/corpus/01_now_dataset/02_now_text/22-12-text/16-10-au.txt
2026-08-28 16:07:26,307 INFO Wrote 5 matching line(s) to /home/eyamrog/PycharmProjects/cl_st1_melina/cl_st1_ph1_melina/corpus/01_now_dataset/02_now_text/22-12-text/22-12-bd.txt
2026-08-28 16:07:27,183 INFO Wrote 25 matching line(s) to /home/eyamrog/PycharmProjects/cl_st1_melina/cl_st1_ph1_melina/corpus/01_now_dataset/02_now_text/22-12-text/22-12-ca.txt
2026-08-28 16:07:30,151 INFO Wrote 16 matching line(s) to /home/eyamrog/PycharmProjects/cl_st1_melina/cl_st1_ph1_melina/corpus/01_now_dataset/02_now_text/22-12-text/22-12-gb.txt
2026-08-28 16:07:30,154 INFO No matches found in 22-12-gh.txt; skipping output file
2026-08-28 16:07:30,196 INFO No matches found in 22-12-hk.txt; skipping output file
2026-08-28 16:07:30,760 INFO Wrote 2 matching line(s) to /home/eyamrog/PycharmProjects/cl_st1_melina/cl_st1_ph1_melina/corpus/01_now_dataset/02_now_text/22-12-text/22-12-ie.txt
2026-08-28 16:07:33,105 INFO Wrote 20 matching line(s) to /home/eyamrog/PycharmProjects/cl_st1_melina/cl_st1_ph1_melina/corpus/01_now_dataset/02_now_text/22-12-text/22-12-in.txt
2026-08-28 16:07:33,157 INFO No matches found in 22-12-jm.txt; skipping output file
2026-08-28 16:07:33,272 INFO Wrote 2 matching line(s) to /home/eyamrog/PycharmProjects/cl_st1_melina/cl_st1_ph1_melina/corpus/01_now_dataset/02_now_text/22-12-text/22-12-ke.txt
2026-08-28 16:07:33,378 INFO Wrote 2 matching line(s) to /home/eyamrog/PycharmProjects/cl_st1_melina/cl_st1_ph1_melina/corpus/01_now_dataset/02_now_text/22-12-text/22-12-lk.txt
2026-08-28 16:07:33,603 INFO Wrote 2 matching line(s) to /home/eyamrog/PycharmProjects/cl_st1_melina/cl_st1_ph1_melina/corpus/01_now_dataset/02_now_text/22-12-text/22-12-my.txt
2026-08-28 16:07:34,439 INFO Wrote 4 matching line(s) to /home/eyamrog/PycharmProjects/cl_st1_melina/cl_st1_ph1_melina/corpus/01_now_dataset/02_now_text/22-12-text/22-12-ng.txt
2026-08-28 16:07:34,956 INFO Wrote 5 matching line(s) to /home/eyamrog/PycharmProjects/cl_st1_melina/cl_st1_ph1_melina/corpus/01_now_dataset/02_now_text/22-12-text/22-12-nz.txt
2026-08-28 16:07:35,260 INFO Wrote 3 matching line(s) to /home/eyamrog/PycharmProjects/cl_st1_melina/cl_st1_ph1_melina/corpus/01_now_dataset/02_now_text/22-12-text/22-12-ph.txt
2026-08-28 16:07:35,581 INFO Wrote 6 matching line(s) to /home/eyamrog/PycharmProjects/cl_st1_melina/cl_st1_ph1_melina/corpus/01_now_dataset/02_now_text/22-12-text/22-12-pk.txt
2026-08-28 16:07:35,796 INFO Wrote 1 matching line(s) to /home/eyamrog/PycharmProjects/cl_st1_melina/cl_st1_ph1_melina/corpus/01_now_dataset/02_now_text/22-12-text/22-12-sg.txt
2026-08-28 16:07:35,796 INFO No matches found in 22-12-tz.txt; skipping output file
2026-08-28 16:07:36,952 INFO Wrote 16 matching line(s) to /home/eyamrog/PycharmProjects/cl_st1_melina/cl_st1_ph1_melina/corpus/01_now_dataset/02_now_text/22-12-text/22-12-us1.txt
2026-08-28 16:07:38,051 INFO Wrote 12 matching line(s) to /home/eyamrog/PycharmProjects/cl_st1_melina/cl_st1_ph1_melina/corpus/01_now_dataset/02_now_text/22-12-text/22-12-us2.txt
2026-08-28 16:07:39,102 INFO Wrote 9 matching line(s) to /home/eyamrog/PycharmProjects/cl_st1_melina/cl_st1_ph1_melina/corpus/01_now_dataset/02_now_text/22-12-text/22-12-us3.txt
2026-08-28 16:07:40,063 INFO Wrote 10 matching line(s) to /home/eyamrog/PycharmProjects/cl_st1_melina/cl_st1_ph1_melina/corpus/01_now_dataset/02_now_text/22-12-text/22-12-us4.txt
2026-08-28 16:07:41,037 INFO Wrote 7 matching line(s) to /home/eyamrog/PycharmProjects/cl_st1_melina/cl_st1_ph1_melina/corpus/01_now_dataset/02_now_text/22-12-text/22-12-us5.txt
2026-08-28 16:07:41,297 INFO Wrote 2 matching line(s) to /home/eyamrog/PycharmProjects/cl_st1_melina/cl_st1_ph1_melina/corpus/01_now_dataset/02_now_text/22-12-text/22-12-za.txt
2026-08-28 16:07:42,199 INFO Wrote 4 matching line(s) to /home/eyamrog/PycharmProjects/cl_st1_melina/cl_st1_ph1_melina/corpus/01_now_dataset/02_now_text/23-01-text/16-10-au.txt
2026-08-28 16:07:42,272 INFO Wrote 4 matching line(s) to /home/eyamrog/PycharmProjects/cl_st1_melina/cl_st1_ph1_melina/corpus/01_now_dataset/02_now_text/23-01-text/23-01-bd.txt
2026-08-28 16:07:43,191 INFO Wrote 14 matching line(s) to /home/eyamrog/PycharmProjects/cl_st1_melina/cl_st1_ph1_melina/corpus/01_now_dataset/02_now_text/23-01-text/23-01-ca.txt
2026-08-28 16:07:46,284 INFO Wrote 40 matching line(s) to /home/eyamrog/PycharmProjects/cl_st1_melina/cl_st1_ph1_melina/corpus/01_now_dataset/02_now_text/23-01-text/23-01-gb.txt
2026-08-28 16:07:46,287 INFO No matches found in 23-01-gh.txt; skipping output file
2026-08-28 16:07:46,334 INFO Wrote 1 matching line(s) to /home/eyamrog/PycharmProjects/cl_st1_melina/cl_st1_ph1_melina/corpus/01_now_dataset/02_now_text/23-01-text/23-01-hk.txt
2026-08-28 16:07:46,877 INFO Wrote 11 matching line(s) to /home/eyamrog/PycharmProjects/cl_st1_melina/cl_st1_ph1_melina/corpus/01_now_dataset/02_now_text/23-01-text/23-01-ie.txt
2026-08-28 16:07:49,060 INFO Wrote 26 matching line(s) to /home/eyamrog/PycharmProjects/cl_st1_melina/cl_st1_ph1_melina/corpus/01_now_dataset/02_now_text/23-01-text/23-01-in.txt
2026-08-28 16:07:49,118 INFO No matches found in 23-01-jm.txt; skipping output file
2026-08-28 16:07:49,253 INFO Wrote 7 matching line(s) to /home/eyamrog/PycharmProjects/cl_st1_melina/cl_st1_ph1_melina/corpus/01_now_dataset/02_now_text/23-01-text/23-01-ke.txt
2026-08-28 16:07:49,347 INFO No matches found in 23-01-lk.txt; skipping output file
2026-08-28 16:07:49,662 INFO Wrote 2 matching line(s) to /home/eyamrog/PycharmProjects/cl_st1_melina/cl_st1_ph1_melina/corpus/01_now_dataset/02_now_text/23-01-text/23-01-my.txt
2026-08-28 16:07:51,116 INFO Wrote 5 matching line(s) to /home/eyamrog/PycharmProjects/cl_st1_melina/cl_st1_ph1_melina/corpus/01_now_dataset/02_now_text/23-01-text/23-01-ng.txt
2026-08-28 16:07:51,611 INFO Wrote 11 matching line(s) to /home/eyamrog/PycharmProjects/cl_st1_melina/cl_st1_ph1_melina/corpus/01_now_dataset/02_now_text/23-01-text/23-01-nz.txt
2026-08-28 16:07:51,833 INFO Wrote 2 matching line(s) to /home/eyamrog/PycharmProjects/cl_st1_melina/cl_st1_ph1_melina/corpus/01_now_dataset/02_now_text/23-01-text/23-01-ph.txt
2026-08-28 16:07:52,129 INFO Wrote 7 matching line(s) to /home/eyamrog/PycharmProjects/cl_st1_melina/cl_st1_ph1_melina/corpus/01_now_dataset/02_now_text/23-01-text/23-01-pk.txt
2026-08-28 16:07:52,309 INFO Wrote 3 matching line(s) to /home/eyamrog/PycharmProjects/cl_st1_melina/cl_st1_ph1_melina/corpus/01_now_dataset/02_now_text/23-01-text/23-01-sg.txt
2026-08-28 16:07:52,309 INFO No matches found in 23-01-tz.txt; skipping output file
2026-08-28 16:07:53,550 INFO Wrote 28 matching line(s) to /home/eyamrog/PycharmProjects/cl_st1_melina/cl_st1_ph1_melina/corpus/01_now_dataset/02_now_text/23-01-text/23-01-us1.txt
2026-08-28 16:07:54,664 INFO Wrote 26 matching line(s) to /home/eyamrog/PycharmProjects/cl_st1_melina/cl_st1_ph1_melina/corpus/01_now_dataset/02_now_text/23-01-text/23-01-us2.txt
2026-08-28 16:07:55,775 INFO Wrote 14 matching line(s) to /home/eyamrog/PycharmProjects/cl_st1_melina/cl_st1_ph1_melina/corpus/01_now_dataset/02_now_text/23-01-text/23-01-us3.txt
2026-08-28 16:07:56,805 INFO Wrote 23 matching line(s) to /home/eyamrog/PycharmProjects/cl_st1_melina/cl_st1_ph1_melina/corpus/01_now_dataset/02_now_text/23-01-text/23-01-us4.txt
2026-08-28 16:07:57,800 INFO Wrote 18 matching line(s) to /home/eyamrog/PycharmProjects/cl_st1_melina/cl_st1_ph1_melina/corpus/01_now_dataset/02_now_text/23-01-text/23-01-us5.txt
2026-08-28 16:07:58,074 INFO Wrote 5 matching line(s) to /home/eyamrog/PycharmProjects/cl_st1_melina/cl_st1_ph1_melina/corpus/01_now_dataset/02_now_text/23-01-text/23-01-za.txt
2026-08-28 16:07:58,979 INFO Wrote 10 matching line(s) to /home/eyamrog/PycharmProjects/cl_st1_melina/cl_st1_ph1_melina/corpus/01_now_dataset/02_now_text/23-02-text/16-10-au.txt
2026-08-28 16:07:59,060 INFO Wrote 3 matching line(s) to /home/eyamrog/PycharmProjects/cl_st1_melina/cl_st1_ph1_melina/corpus/01_now_dataset/02_now_text/23-02-text/23-02-bd.txt
2026-08-28 16:07:59,968 INFO Wrote 16 matching line(s) to /home/eyamrog/PycharmProjects/cl_st1_melina/cl_st1_ph1_melina/corpus/01_now_dataset/02_now_text/23-02-text/23-02-ca.txt
2026-08-28 16:08:02,708 INFO Wrote 22 matching line(s) to /home/eyamrog/PycharmProjects/cl_st1_melina/cl_st1_ph1_melina/corpus/01_now_dataset/02_now_text/23-02-text/23-02-gb.txt
2026-08-28 16:08:02,713 INFO No matches found in 23-02-gh.txt; skipping output file
2026-08-28 16:08:02,756 INFO No matches found in 23-02-hk.txt; skipping output file
2026-08-28 16:08:03,264 INFO Wrote 1 matching line(s) to /home/eyamrog/PycharmProjects/cl_st1_melina/cl_st1_ph1_melina/corpus/01_now_dataset/02_now_text/23-02-text/23-02-ie.txt
2026-08-28 16:08:05,524 INFO Wrote 18 matching line(s) to /home/eyamrog/PycharmProjects/cl_st1_melina/cl_st1_ph1_melina/corpus/01_now_dataset/02_now_text/23-02-text/23-02-in.txt
2026-08-28 16:08:05,601 INFO No matches found in 23-02-jm.txt; skipping output file
2026-08-28 16:08:05,753 INFO Wrote 3 matching line(s) to /home/eyamrog/PycharmProjects/cl_st1_melina/cl_st1_ph1_melina/corpus/01_now_dataset/02_now_text/23-02-text/23-02-ke.txt
2026-08-28 16:08:05,848 INFO Wrote 1 matching line(s) to /home/eyamrog/PycharmProjects/cl_st1_melina/cl_st1_ph1_melina/corpus/01_now_dataset/02_now_text/23-02-text/23-02-lk.txt
2026-08-28 16:08:06,005 INFO Wrote 3 matching line(s) to /home/eyamrog/PycharmProjects/cl_st1_melina/cl_st1_ph1_melina/corpus/01_now_dataset/02_now_text/23-02-text/23-02-my.txt
2026-08-28 16:08:06,858 INFO Wrote 5 matching line(s) to /home/eyamrog/PycharmProjects/cl_st1_melina/cl_st1_ph1_melina/corpus/01_now_dataset/02_now_text/23-02-text/23-02-ng.txt
2026-08-28 16:08:07,294 INFO Wrote 10 matching line(s) to /home/eyamrog/PycharmProjects/cl_st1_melina/cl_st1_ph1_melina/corpus/01_now_dataset/02_now_text/23-02-text/23-02-nz.txt
2026-08-28 16:08:07,503 INFO No matches found in 23-02-ph.txt; skipping output file
2026-08-28 16:08:07,750 INFO Wrote 8 matching line(s) to /home/eyamrog/PycharmProjects/cl_st1_melina/cl_st1_ph1_melina/corpus/01_now_dataset/02_now_text/23-02-text/23-02-pk.txt
2026-08-28 16:08:07,925 INFO No matches found in 23-02-sg.txt; skipping output file
2026-08-28 16:08:07,925 INFO No matches found in 23-02-tz.txt; skipping output file
2026-08-28 16:08:09,043 INFO Wrote 27 matching line(s) to /home/eyamrog/PycharmProjects/cl_st1_melina/cl_st1_ph1_melina/corpus/01_now_dataset/02_now_text/23-02-text/23-02-us1.txt
2026-08-28 16:08:10,074 INFO Wrote 13 matching line(s) to /home/eyamrog/PycharmProjects/cl_st1_melina/cl_st1_ph1_melina/corpus/01_now_dataset/02_now_text/23-02-text/23-02-us2.txt
2026-08-28 16:08:11,064 INFO Wrote 17 matching line(s) to /home/eyamrog/PycharmProjects/cl_st1_melina/cl_st1_ph1_melina/corpus/01_now_dataset/02_now_text/23-02-text/23-02-us3.txt
2026-08-28 16:08:12,004 INFO Wrote 13 matching line(s) to /home/eyamrog/PycharmProjects/cl_st1_melina/cl_st1_ph1_melina/corpus/01_now_dataset/02_now_text/23-02-text/23-02-us4.txt
2026-08-28 16:08:12,932 INFO Wrote 13 matching line(s) to /home/eyamrog/PycharmProjects/cl_st1_melina/cl_st1_ph1_melina/corpus/01_now_dataset/02_now_text/23-02-text/23-02-us5.txt
2026-08-28 16:08:13,222 INFO Wrote 2 matching line(s) to /home/eyamrog/PycharmProjects/cl_st1_melina/cl_st1_ph1_melina/corpus/01_now_dataset/02_now_text/23-02-text/23-02-za.txt
2026-08-28 16:08:14,271 INFO Wrote 7 matching line(s) to /home/eyamrog/PycharmProjects/cl_st1_melina/cl_st1_ph1_melina/corpus/01_now_dataset/02_now_text/23-03-text/16-10-au.txt
2026-08-28 16:08:14,351 INFO Wrote 1 matching line(s) to /home/eyamrog/PycharmProjects/cl_st1_melina/cl_st1_ph1_melina/corpus/01_now_dataset/02_now_text/23-03-text/23-03-bd.txt
2026-08-28 16:08:15,446 INFO Wrote 8 matching line(s) to /home/eyamrog/PycharmProjects/cl_st1_melina/cl_st1_ph1_melina/corpus/01_now_dataset/02_now_text/23-03-text/23-03-ca.txt
2026-08-28 16:08:18,424 INFO Wrote 20 matching line(s) to /home/eyamrog/PycharmProjects/cl_st1_melina/cl_st1_ph1_melina/corpus/01_now_dataset/02_now_text/23-03-text/23-03-gb.txt
2026-08-28 16:08:18,427 INFO No matches found in 23-03-gh.txt; skipping output file
2026-08-28 16:08:18,471 INFO No matches found in 23-03-hk.txt; skipping output file
2026-08-28 16:08:19,115 INFO Wrote 6 matching line(s) to /home/eyamrog/PycharmProjects/cl_st1_melina/cl_st1_ph1_melina/corpus/01_now_dataset/02_now_text/23-03-text/23-03-ie.txt
2026-08-28 16:08:22,200 INFO Wrote 10 matching line(s) to /home/eyamrog/PycharmProjects/cl_st1_melina/cl_st1_ph1_melina/corpus/01_now_dataset/02_now_text/23-03-text/23-03-in.txt
2026-08-28 16:08:22,259 INFO Wrote 1 matching line(s) to /home/eyamrog/PycharmProjects/cl_st1_melina/cl_st1_ph1_melina/corpus/01_now_dataset/02_now_text/23-03-text/23-03-jm.txt
2026-08-28 16:08:22,393 INFO No matches found in 23-03-ke.txt; skipping output file
2026-08-28 16:08:22,476 INFO Wrote 1 matching line(s) to /home/eyamrog/PycharmProjects/cl_st1_melina/cl_st1_ph1_melina/corpus/01_now_dataset/02_now_text/23-03-text/23-03-lk.txt
2026-08-28 16:08:22,642 INFO Wrote 1 matching line(s) to /home/eyamrog/PycharmProjects/cl_st1_melina/cl_st1_ph1_melina/corpus/01_now_dataset/02_now_text/23-03-text/23-03-my.txt
2026-08-28 16:08:23,458 INFO Wrote 6 matching line(s) to /home/eyamrog/PycharmProjects/cl_st1_melina/cl_st1_ph1_melina/corpus/01_now_dataset/02_now_text/23-03-text/23-03-ng.txt
2026-08-28 16:08:23,939 INFO Wrote 8 matching line(s) to /home/eyamrog/PycharmProjects/cl_st1_melina/cl_st1_ph1_melina/corpus/01_now_dataset/02_now_text/23-03-text/23-03-nz.txt
2026-08-28 16:08:24,173 INFO No matches found in 23-03-ph.txt; skipping output file
2026-08-28 16:08:24,440 INFO Wrote 5 matching line(s) to /home/eyamrog/PycharmProjects/cl_st1_melina/cl_st1_ph1_melina/corpus/01_now_dataset/02_now_text/23-03-text/23-03-pk.txt
2026-08-28 16:08:24,651 INFO Wrote 2 matching line(s) to /home/eyamrog/PycharmProjects/cl_st1_melina/cl_st1_ph1_melina/corpus/01_now_dataset/02_now_text/23-03-text/23-03-sg.txt
2026-08-28 16:08:24,651 INFO No matches found in 23-03-tz.txt; skipping output file
2026-08-28 16:08:25,772 INFO Wrote 14 matching line(s) to /home/eyamrog/PycharmProjects/cl_st1_melina/cl_st1_ph1_melina/corpus/01_now_dataset/02_now_text/23-03-text/23-03-us1.txt
2026-08-28 16:08:26,841 INFO Wrote 12 matching line(s) to /home/eyamrog/PycharmProjects/cl_st1_melina/cl_st1_ph1_melina/corpus/01_now_dataset/02_now_text/23-03-text/23-03-us2.txt
2026-08-28 16:08:27,842 INFO Wrote 11 matching line(s) to /home/eyamrog/PycharmProjects/cl_st1_melina/cl_st1_ph1_melina/corpus/01_now_dataset/02_now_text/23-03-text/23-03-us3.txt
2026-08-28 16:08:28,874 INFO Wrote 12 matching line(s) to /home/eyamrog/PycharmProjects/cl_st1_melina/cl_st1_ph1_melina/corpus/01_now_dataset/02_now_text/23-03-text/23-03-us4.txt
2026-08-28 16:08:29,894 INFO Wrote 7 matching line(s) to /home/eyamrog/PycharmProjects/cl_st1_melina/cl_st1_ph1_melina/corpus/01_now_dataset/02_now_text/23-03-text/23-03-us5.txt
2026-08-28 16:08:30,218 INFO No matches found in 23-03-za.txt; skipping output file
2026-08-28 16:08:31,149 INFO Wrote 10 matching line(s) to /home/eyamrog/PycharmProjects/cl_st1_melina/cl_st1_ph1_melina/corpus/01_now_dataset/02_now_text/23-04-text/16-10-au.txt
2026-08-28 16:08:31,240 INFO Wrote 2 matching line(s) to /home/eyamrog/PycharmProjects/cl_st1_melina/cl_st1_ph1_melina/corpus/01_now_dataset/02_now_text/23-04-text/23-04-bd.txt
2026-08-28 16:08:32,208 INFO Wrote 36 matching line(s) to /home/eyamrog/PycharmProjects/cl_st1_melina/cl_st1_ph1_melina/corpus/01_now_dataset/02_now_text/23-04-text/23-04-ca.txt
2026-08-28 16:08:35,257 INFO Wrote 46 matching line(s) to /home/eyamrog/PycharmProjects/cl_st1_melina/cl_st1_ph1_melina/corpus/01_now_dataset/02_now_text/23-04-text/23-04-gb.txt
2026-08-28 16:08:35,259 INFO No matches found in 23-04-gh.txt; skipping output file
2026-08-28 16:08:35,320 INFO Wrote 4 matching line(s) to /home/eyamrog/PycharmProjects/cl_st1_melina/cl_st1_ph1_melina/corpus/01_now_dataset/02_now_text/23-04-text/23-04-hk.txt
2026-08-28 16:08:36,053 INFO Wrote 11 matching line(s) to /home/eyamrog/PycharmProjects/cl_st1_melina/cl_st1_ph1_melina/corpus/01_now_dataset/02_now_text/23-04-text/23-04-ie.txt
2026-08-28 16:08:38,277 INFO Wrote 31 matching line(s) to /home/eyamrog/PycharmProjects/cl_st1_melina/cl_st1_ph1_melina/corpus/01_now_dataset/02_now_text/23-04-text/23-04-in.txt
2026-08-28 16:08:38,332 INFO No matches found in 23-04-jm.txt; skipping output file
2026-08-28 16:08:38,465 INFO Wrote 2 matching line(s) to /home/eyamrog/PycharmProjects/cl_st1_melina/cl_st1_ph1_melina/corpus/01_now_dataset/02_now_text/23-04-text/23-04-ke.txt
2026-08-28 16:08:38,532 INFO Wrote 1 matching line(s) to /home/eyamrog/PycharmProjects/cl_st1_melina/cl_st1_ph1_melina/corpus/01_now_dataset/02_now_text/23-04-text/23-04-lk.txt
2026-08-28 16:08:38,676 INFO Wrote 2 matching line(s) to /home/eyamrog/PycharmProjects/cl_st1_melina/cl_st1_ph1_melina/corpus/01_now_dataset/02_now_text/23-04-text/23-04-my.txt
2026-08-28 16:08:39,446 INFO Wrote 11 matching line(s) to /home/eyamrog/PycharmProjects/cl_st1_melina/cl_st1_ph1_melina/corpus/01_now_dataset/02_now_text/23-04-text/23-04-ng.txt
2026-08-28 16:08:39,852 INFO Wrote 16 matching line(s) to /home/eyamrog/PycharmProjects/cl_st1_melina/cl_st1_ph1_melina/corpus/01_now_dataset/02_now_text/23-04-text/23-04-nz.txt
2026-08-28 16:08:40,032 INFO Wrote 1 matching line(s) to /home/eyamrog/PycharmProjects/cl_st1_melina/cl_st1_ph1_melina/corpus/01_now_dataset/02_now_text/23-04-text/23-04-ph.txt
2026-08-28 16:08:40,257 INFO Wrote 23 matching line(s) to /home/eyamrog/PycharmProjects/cl_st1_melina/cl_st1_ph1_melina/corpus/01_now_dataset/02_now_text/23-04-text/23-04-pk.txt
2026-08-28 16:08:40,440 INFO Wrote 3 matching line(s) to /home/eyamrog/PycharmProjects/cl_st1_melina/cl_st1_ph1_melina/corpus/01_now_dataset/02_now_text/23-04-text/23-04-sg.txt
2026-08-28 16:08:40,440 INFO No matches found in 23-04-tz.txt; skipping output file
2026-08-28 16:08:41,543 INFO Wrote 26 matching line(s) to /home/eyamrog/PycharmProjects/cl_st1_melina/cl_st1_ph1_melina/corpus/01_now_dataset/02_now_text/23-04-text/23-04-us1.txt
2026-08-28 16:08:42,701 INFO Wrote 24 matching line(s) to /home/eyamrog/PycharmProjects/cl_st1_melina/cl_st1_ph1_melina/corpus/01_now_dataset/02_now_text/23-04-text/23-04-us2.txt
2026-08-28 16:08:43,754 INFO Wrote 19 matching line(s) to /home/eyamrog/PycharmProjects/cl_st1_melina/cl_st1_ph1_melina/corpus/01_now_dataset/02_now_text/23-04-text/23-04-us3.txt
2026-08-28 16:08:44,781 INFO Wrote 31 matching line(s) to /home/eyamrog/PycharmProjects/cl_st1_melina/cl_st1_ph1_melina/corpus/01_now_dataset/02_now_text/23-04-text/23-04-us4.txt
2026-08-28 16:08:45,739 INFO Wrote 21 matching line(s) to /home/eyamrog/PycharmProjects/cl_st1_melina/cl_st1_ph1_melina/corpus/01_now_dataset/02_now_text/23-04-text/23-04-us5.txt
2026-08-28 16:08:46,005 INFO Wrote 8 matching line(s) to /home/eyamrog/PycharmProjects/cl_st1_melina/cl_st1_ph1_melina/corpus/01_now_dataset/02_now_text/23-04-text/23-04-za.txt
2026-08-28 16:08:47,014 INFO Wrote 7 matching line(s) to /home/eyamrog/PycharmProjects/cl_st1_melina/cl_st1_ph1_melina/corpus/01_now_dataset/02_now_text/23-05-text/16-10-au.txt
2026-08-28 16:08:47,094 INFO Wrote 4 matching line(s) to /home/eyamrog/PycharmProjects/cl_st1_melina/cl_st1_ph1_melina/corpus/01_now_dataset/02_now_text/23-05-text/23-05-bd.txt
2026-08-28 16:08:48,056 INFO Wrote 31 matching line(s) to /home/eyamrog/PycharmProjects/cl_st1_melina/cl_st1_ph1_melina/corpus/01_now_dataset/02_now_text/23-05-text/23-05-ca.txt
2026-08-28 16:08:51,647 INFO Wrote 39 matching line(s) to /home/eyamrog/PycharmProjects/cl_st1_melina/cl_st1_ph1_melina/corpus/01_now_dataset/02_now_text/23-05-text/23-05-gb.txt
2026-08-28 16:08:51,652 INFO No matches found in 23-05-gh.txt; skipping output file
2026-08-28 16:08:51,704 INFO No matches found in 23-05-hk.txt; skipping output file
2026-08-28 16:08:52,384 INFO Wrote 20 matching line(s) to /home/eyamrog/PycharmProjects/cl_st1_melina/cl_st1_ph1_melina/corpus/01_now_dataset/02_now_text/23-05-text/23-05-ie.txt
2026-08-28 16:08:54,625 INFO Wrote 41 matching line(s) to /home/eyamrog/PycharmProjects/cl_st1_melina/cl_st1_ph1_melina/corpus/01_now_dataset/02_now_text/23-05-text/23-05-in.txt
2026-08-28 16:08:54,680 INFO Wrote 2 matching line(s) to /home/eyamrog/PycharmProjects/cl_st1_melina/cl_st1_ph1_melina/corpus/01_now_dataset/02_now_text/23-05-text/23-05-jm.txt
2026-08-28 16:08:54,812 INFO Wrote 4 matching line(s) to /home/eyamrog/PycharmProjects/cl_st1_melina/cl_st1_ph1_melina/corpus/01_now_dataset/02_now_text/23-05-text/23-05-ke.txt
2026-08-28 16:08:54,879 INFO Wrote 3 matching line(s) to /home/eyamrog/PycharmProjects/cl_st1_melina/cl_st1_ph1_melina/corpus/01_now_dataset/02_now_text/23-05-text/23-05-lk.txt
2026-08-28 16:08:55,015 INFO Wrote 1 matching line(s) to /home/eyamrog/PycharmProjects/cl_st1_melina/cl_st1_ph1_melina/corpus/01_now_dataset/02_now_text/23-05-text/23-05-my.txt
2026-08-28 16:08:55,803 INFO Wrote 15 matching line(s) to /home/eyamrog/PycharmProjects/cl_st1_melina/cl_st1_ph1_melina/corpus/01_now_dataset/02_now_text/23-05-text/23-05-ng.txt
2026-08-28 16:08:56,270 INFO Wrote 16 matching line(s) to /home/eyamrog/PycharmProjects/cl_st1_melina/cl_st1_ph1_melina/corpus/01_now_dataset/02_now_text/23-05-text/23-05-nz.txt
2026-08-28 16:08:56,458 INFO No matches found in 23-05-ph.txt; skipping output file
2026-08-28 16:08:56,722 INFO Wrote 27 matching line(s) to /home/eyamrog/PycharmProjects/cl_st1_melina/cl_st1_ph1_melina/corpus/01_now_dataset/02_now_text/23-05-text/23-05-pk.txt
2026-08-28 16:08:56,916 INFO Wrote 9 matching line(s) to /home/eyamrog/PycharmProjects/cl_st1_melina/cl_st1_ph1_melina/corpus/01_now_dataset/02_now_text/23-05-text/23-05-sg.txt
2026-08-28 16:08:56,916 INFO No matches found in 23-05-tz.txt; skipping output file
2026-08-28 16:08:58,008 INFO Wrote 33 matching line(s) to /home/eyamrog/PycharmProjects/cl_st1_melina/cl_st1_ph1_melina/corpus/01_now_dataset/02_now_text/23-05-text/23-05-us1.txt
2026-08-28 16:08:59,077 INFO Wrote 27 matching line(s) to /home/eyamrog/PycharmProjects/cl_st1_melina/cl_st1_ph1_melina/corpus/01_now_dataset/02_now_text/23-05-text/23-05-us2.txt
2026-08-28 16:09:00,146 INFO Wrote 32 matching line(s) to /home/eyamrog/PycharmProjects/cl_st1_melina/cl_st1_ph1_melina/corpus/01_now_dataset/02_now_text/23-05-text/23-05-us3.txt
2026-08-28 16:09:01,183 INFO Wrote 30 matching line(s) to /home/eyamrog/PycharmProjects/cl_st1_melina/cl_st1_ph1_melina/corpus/01_now_dataset/02_now_text/23-05-text/23-05-us4.txt
2026-08-28 16:09:02,172 INFO Wrote 26 matching line(s) to /home/eyamrog/PycharmProjects/cl_st1_melina/cl_st1_ph1_melina/corpus/01_now_dataset/02_now_text/23-05-text/23-05-us5.txt
2026-08-28 16:09:02,468 INFO Wrote 4 matching line(s) to /home/eyamrog/PycharmProjects/cl_st1_melina/cl_st1_ph1_melina/corpus/01_now_dataset/02_now_text/23-05-text/23-05-za.txt
2026-08-28 16:09:03,516 INFO Wrote 4 matching line(s) to /home/eyamrog/PycharmProjects/cl_st1_melina/cl_st1_ph1_melina/corpus/01_now_dataset/02_now_text/23-06-text/16-10-au.txt
2026-08-28 16:09:03,600 INFO No matches found in 23-06-bd.txt; skipping output file
2026-08-28 16:09:06,047 INFO Wrote 9 matching line(s) to /home/eyamrog/PycharmProjects/cl_st1_melina/cl_st1_ph1_melina/corpus/01_now_dataset/02_now_text/23-06-text/23-06-ca.txt
2026-08-28 16:09:08,948 INFO Wrote 15 matching line(s) to /home/eyamrog/PycharmProjects/cl_st1_melina/cl_st1_ph1_melina/corpus/01_now_dataset/02_now_text/23-06-text/23-06-gb.txt
2026-08-28 16:09:08,949 INFO No matches found in 23-06-gh.txt; skipping output file
2026-08-28 16:09:08,991 INFO Wrote 2 matching line(s) to /home/eyamrog/PycharmProjects/cl_st1_melina/cl_st1_ph1_melina/corpus/01_now_dataset/02_now_text/23-06-text/23-06-hk.txt
2026-08-28 16:09:09,700 INFO Wrote 8 matching line(s) to /home/eyamrog/PycharmProjects/cl_st1_melina/cl_st1_ph1_melina/corpus/01_now_dataset/02_now_text/23-06-text/23-06-ie.txt
2026-08-28 16:09:11,935 INFO Wrote 10 matching line(s) to /home/eyamrog/PycharmProjects/cl_st1_melina/cl_st1_ph1_melina/corpus/01_now_dataset/02_now_text/23-06-text/23-06-in.txt
2026-08-28 16:09:12,000 INFO Wrote 2 matching line(s) to /home/eyamrog/PycharmProjects/cl_st1_melina/cl_st1_ph1_melina/corpus/01_now_dataset/02_now_text/23-06-text/23-06-jm.txt
2026-08-28 16:09:12,139 INFO Wrote 4 matching line(s) to /home/eyamrog/PycharmProjects/cl_st1_melina/cl_st1_ph1_melina/corpus/01_now_dataset/02_now_text/23-06-text/23-06-ke.txt
2026-08-28 16:09:12,209 INFO No matches found in 23-06-lk.txt; skipping output file
2026-08-28 16:09:12,336 INFO No matches found in 23-06-my.txt; skipping output file
2026-08-28 16:09:13,089 INFO Wrote 2 matching line(s) to /home/eyamrog/PycharmProjects/cl_st1_melina/cl_st1_ph1_melina/corpus/01_now_dataset/02_now_text/23-06-text/23-06-ng.txt
2026-08-28 16:09:13,583 INFO Wrote 25 matching line(s) to /home/eyamrog/PycharmProjects/cl_st1_melina/cl_st1_ph1_melina/corpus/01_now_dataset/02_now_text/23-06-text/23-06-nz.txt
2026-08-28 16:09:13,764 INFO No matches found in 23-06-ph.txt; skipping output file
2026-08-28 16:09:14,053 INFO Wrote 10 matching line(s) to /home/eyamrog/PycharmProjects/cl_st1_melina/cl_st1_ph1_melina/corpus/01_now_dataset/02_now_text/23-06-text/23-06-pk.txt
2026-08-28 16:09:14,228 INFO Wrote 5 matching line(s) to /home/eyamrog/PycharmProjects/cl_st1_melina/cl_st1_ph1_melina/corpus/01_now_dataset/02_now_text/23-06-text/23-06-sg.txt
2026-08-28 16:09:14,228 INFO No matches found in 23-06-tz.txt; skipping output file
2026-08-28 16:09:15,387 INFO Wrote 15 matching line(s) to /home/eyamrog/PycharmProjects/cl_st1_melina/cl_st1_ph1_melina/corpus/01_now_dataset/02_now_text/23-06-text/23-06-us1.txt
2026-08-28 16:09:16,464 INFO Wrote 15 matching line(s) to /home/eyamrog/PycharmProjects/cl_st1_melina/cl_st1_ph1_melina/corpus/01_now_dataset/02_now_text/23-06-text/23-06-us2.txt
2026-08-28 16:09:17,514 INFO Wrote 17 matching line(s) to /home/eyamrog/PycharmProjects/cl_st1_melina/cl_st1_ph1_melina/corpus/01_now_dataset/02_now_text/23-06-text/23-06-us3.txt
2026-08-28 16:09:18,525 INFO Wrote 4 matching line(s) to /home/eyamrog/PycharmProjects/cl_st1_melina/cl_st1_ph1_melina/corpus/01_now_dataset/02_now_text/23-06-text/23-06-us4.txt
2026-08-28 16:09:20,937 INFO Wrote 14 matching line(s) to /home/eyamrog/PycharmProjects/cl_st1_melina/cl_st1_ph1_melina/corpus/01_now_dataset/02_now_text/23-06-text/23-06-us5.txt
2026-08-28 16:09:21,252 INFO Wrote 1 matching line(s) to /home/eyamrog/PycharmProjects/cl_st1_melina/cl_st1_ph1_melina/corpus/01_now_dataset/02_now_text/23-06-text/23-06-za.txt
2026-08-28 16:09:22,009 INFO Wrote 9 matching line(s) to /home/eyamrog/PycharmProjects/cl_st1_melina/cl_st1_ph1_melina/corpus/01_now_dataset/02_now_text/23-07-text/16-10-au.txt
2026-08-28 16:09:22,057 INFO Wrote 2 matching line(s) to /home/eyamrog/PycharmProjects/cl_st1_melina/cl_st1_ph1_melina/corpus/01_now_dataset/02_now_text/23-07-text/23-07-bd.txt
2026-08-28 16:09:22,713 INFO Wrote 4 matching line(s) to /home/eyamrog/PycharmProjects/cl_st1_melina/cl_st1_ph1_melina/corpus/01_now_dataset/02_now_text/23-07-text/23-07-ca.txt
2026-08-28 16:09:24,864 INFO Wrote 17 matching line(s) to /home/eyamrog/PycharmProjects/cl_st1_melina/cl_st1_ph1_melina/corpus/01_now_dataset/02_now_text/23-07-text/23-07-gb.txt
2026-08-28 16:09:24,866 INFO No matches found in 23-07-gh.txt; skipping output file
2026-08-28 16:09:24,903 INFO No matches found in 23-07-hk.txt; skipping output file
2026-08-28 16:09:25,431 INFO Wrote 7 matching line(s) to /home/eyamrog/PycharmProjects/cl_st1_melina/cl_st1_ph1_melina/corpus/01_now_dataset/02_now_text/23-07-text/23-07-ie.txt
2026-08-28 16:09:27,320 INFO Wrote 18 matching line(s) to /home/eyamrog/PycharmProjects/cl_st1_melina/cl_st1_ph1_melina/corpus/01_now_dataset/02_now_text/23-07-text/23-07-in.txt
2026-08-28 16:09:27,355 INFO No matches found in 23-07-jm.txt; skipping output file
2026-08-28 16:09:27,467 INFO No matches found in 23-07-ke.txt; skipping output file
2026-08-28 16:09:27,535 INFO No matches found in 23-07-lk.txt; skipping output file
2026-08-28 16:09:27,736 INFO Wrote 2 matching line(s) to /home/eyamrog/PycharmProjects/cl_st1_melina/cl_st1_ph1_melina/corpus/01_now_dataset/02_now_text/23-07-text/23-07-my.txt
2026-08-28 16:09:28,468 INFO Wrote 8 matching line(s) to /home/eyamrog/PycharmProjects/cl_st1_melina/cl_st1_ph1_melina/corpus/01_now_dataset/02_now_text/23-07-text/23-07-ng.txt
2026-08-28 16:09:28,884 INFO Wrote 9 matching line(s) to /home/eyamrog/PycharmProjects/cl_st1_melina/cl_st1_ph1_melina/corpus/01_now_dataset/02_now_text/23-07-text/23-07-nz.txt
2026-08-28 16:09:29,055 INFO Wrote 1 matching line(s) to /home/eyamrog/PycharmProjects/cl_st1_melina/cl_st1_ph1_melina/corpus/01_now_dataset/02_now_text/23-07-text/23-07-ph.txt
2026-08-28 16:09:29,363 INFO Wrote 11 matching line(s) to /home/eyamrog/PycharmProjects/cl_st1_melina/cl_st1_ph1_melina/corpus/01_now_dataset/02_now_text/23-07-text/23-07-pk.txt
2026-08-28 16:09:29,507 INFO Wrote 1 matching line(s) to /home/eyamrog/PycharmProjects/cl_st1_melina/cl_st1_ph1_melina/corpus/01_now_dataset/02_now_text/23-07-text/23-07-sg.txt
2026-08-28 16:09:29,507 INFO No matches found in 23-07-tz.txt; skipping output file
2026-08-28 16:09:30,462 INFO Wrote 19 matching line(s) to /home/eyamrog/PycharmProjects/cl_st1_melina/cl_st1_ph1_melina/corpus/01_now_dataset/02_now_text/23-07-text/23-07-us1.txt
2026-08-28 16:09:31,372 INFO Wrote 11 matching line(s) to /home/eyamrog/PycharmProjects/cl_st1_melina/cl_st1_ph1_melina/corpus/01_now_dataset/02_now_text/23-07-text/23-07-us2.txt
2026-08-28 16:09:32,200 INFO Wrote 7 matching line(s) to /home/eyamrog/PycharmProjects/cl_st1_melina/cl_st1_ph1_melina/corpus/01_now_dataset/02_now_text/23-07-text/23-07-us3.txt
2026-08-28 16:09:33,042 INFO Wrote 16 matching line(s) to /home/eyamrog/PycharmProjects/cl_st1_melina/cl_st1_ph1_melina/corpus/01_now_dataset/02_now_text/23-07-text/23-07-us4.txt
2026-08-28 16:09:33,954 INFO Wrote 13 matching line(s) to /home/eyamrog/PycharmProjects/cl_st1_melina/cl_st1_ph1_melina/corpus/01_now_dataset/02_now_text/23-07-text/23-07-us5.txt
2026-08-28 16:09:34,529 INFO Wrote 2 matching line(s) to /home/eyamrog/PycharmProjects/cl_st1_melina/cl_st1_ph1_melina/corpus/01_now_dataset/02_now_text/23-07-text/23-07-za.txt
2026-08-28 16:09:35,412 INFO Wrote 3 matching line(s) to /home/eyamrog/PycharmProjects/cl_st1_melina/cl_st1_ph1_melina/corpus/01_now_dataset/02_now_text/23-08-text/16-10-au.txt
2026-08-28 16:09:35,435 INFO No matches found in 23-08-bd.txt; skipping output file
2026-08-28 16:09:36,005 INFO Wrote 5 matching line(s) to /home/eyamrog/PycharmProjects/cl_st1_melina/cl_st1_ph1_melina/corpus/01_now_dataset/02_now_text/23-08-text/23-08-ca.txt
2026-08-28 16:09:37,846 INFO Wrote 8 matching line(s) to /home/eyamrog/PycharmProjects/cl_st1_melina/cl_st1_ph1_melina/corpus/01_now_dataset/02_now_text/23-08-text/23-08-gb.txt
2026-08-28 16:09:37,846 INFO No matches found in 23-08-gh.txt; skipping output file
2026-08-28 16:09:37,890 INFO Wrote 2 matching line(s) to /home/eyamrog/PycharmProjects/cl_st1_melina/cl_st1_ph1_melina/corpus/01_now_dataset/02_now_text/23-08-text/23-08-hk.txt
2026-08-28 16:09:38,286 INFO Wrote 3 matching line(s) to /home/eyamrog/PycharmProjects/cl_st1_melina/cl_st1_ph1_melina/corpus/01_now_dataset/02_now_text/23-08-text/23-08-ie.txt
2026-08-28 16:09:39,779 INFO Wrote 7 matching line(s) to /home/eyamrog/PycharmProjects/cl_st1_melina/cl_st1_ph1_melina/corpus/01_now_dataset/02_now_text/23-08-text/23-08-in.txt
2026-08-28 16:09:39,785 INFO No matches found in 23-08-jm.txt; skipping output file
2026-08-28 16:09:39,870 INFO No matches found in 23-08-ke.txt; skipping output file
2026-08-28 16:09:39,932 INFO Wrote 1 matching line(s) to /home/eyamrog/PycharmProjects/cl_st1_melina/cl_st1_ph1_melina/corpus/01_now_dataset/02_now_text/23-08-text/23-08-lk.txt
2026-08-28 16:09:40,116 INFO No matches found in 23-08-my.txt; skipping output file
2026-08-28 16:09:40,907 INFO Wrote 7 matching line(s) to /home/eyamrog/PycharmProjects/cl_st1_melina/cl_st1_ph1_melina/corpus/01_now_dataset/02_now_text/23-08-text/23-08-ng.txt
2026-08-28 16:09:41,182 INFO Wrote 3 matching line(s) to /home/eyamrog/PycharmProjects/cl_st1_melina/cl_st1_ph1_melina/corpus/01_now_dataset/02_now_text/23-08-text/23-08-nz.txt
2026-08-28 16:09:41,360 INFO Wrote 1 matching line(s) to /home/eyamrog/PycharmProjects/cl_st1_melina/cl_st1_ph1_melina/corpus/01_now_dataset/02_now_text/23-08-text/23-08-ph.txt
2026-08-28 16:09:41,654 INFO Wrote 2 matching line(s) to /home/eyamrog/PycharmProjects/cl_st1_melina/cl_st1_ph1_melina/corpus/01_now_dataset/02_now_text/23-08-text/23-08-pk.txt
2026-08-28 16:09:41,743 INFO No matches found in 23-08-sg.txt; skipping output file
2026-08-28 16:09:41,744 INFO No matches found in 23-08-tz.txt; skipping output file
2026-08-28 16:09:42,740 INFO Wrote 14 matching line(s) to /home/eyamrog/PycharmProjects/cl_st1_melina/cl_st1_ph1_melina/corpus/01_now_dataset/02_now_text/23-08-text/23-08-us1.txt
2026-08-28 16:09:43,710 INFO Wrote 18 matching line(s) to /home/eyamrog/PycharmProjects/cl_st1_melina/cl_st1_ph1_melina/corpus/01_now_dataset/02_now_text/23-08-text/23-08-us2.txt
2026-08-28 16:09:44,585 INFO Wrote 3 matching line(s) to /home/eyamrog/PycharmProjects/cl_st1_melina/cl_st1_ph1_melina/corpus/01_now_dataset/02_now_text/23-08-text/23-08-us3.txt
2026-08-28 16:09:45,662 INFO Wrote 5 matching line(s) to /home/eyamrog/PycharmProjects/cl_st1_melina/cl_st1_ph1_melina/corpus/01_now_dataset/02_now_text/23-08-text/23-08-us4.txt
2026-08-28 16:09:46,517 INFO Wrote 8 matching line(s) to /home/eyamrog/PycharmProjects/cl_st1_melina/cl_st1_ph1_melina/corpus/01_now_dataset/02_now_text/23-08-text/23-08-us5.txt
2026-08-28 16:09:46,703 INFO No matches found in 23-08-za.txt; skipping output file
2026-08-28 16:09:47,143 INFO Wrote 1 matching line(s) to /home/eyamrog/PycharmProjects/cl_st1_melina/cl_st1_ph1_melina/corpus/01_now_dataset/02_now_text/23-09-text/16-10-au.txt
2026-08-28 16:09:47,161 INFO No matches found in 23-09-bd.txt; skipping output file
2026-08-28 16:09:47,629 INFO Wrote 11 matching line(s) to /home/eyamrog/PycharmProjects/cl_st1_melina/cl_st1_ph1_melina/corpus/01_now_dataset/02_now_text/23-09-text/23-09-ca.txt
2026-08-28 16:09:50,434 INFO Wrote 7 matching line(s) to /home/eyamrog/PycharmProjects/cl_st1_melina/cl_st1_ph1_melina/corpus/01_now_dataset/02_now_text/23-09-text/23-09-gb.txt
2026-08-28 16:09:50,434 INFO No matches found in 23-09-gh.txt; skipping output file
2026-08-28 16:09:50,482 INFO No matches found in 23-09-hk.txt; skipping output file
2026-08-28 16:09:50,948 INFO Wrote 1 matching line(s) to /home/eyamrog/PycharmProjects/cl_st1_melina/cl_st1_ph1_melina/corpus/01_now_dataset/02_now_text/23-09-text/23-09-ie.txt
2026-08-28 16:09:52,286 INFO Wrote 8 matching line(s) to /home/eyamrog/PycharmProjects/cl_st1_melina/cl_st1_ph1_melina/corpus/01_now_dataset/02_now_text/23-09-text/23-09-in.txt
2026-08-28 16:09:52,290 INFO No matches found in 23-09-jm.txt; skipping output file
2026-08-28 16:09:52,372 INFO No matches found in 23-09-ke.txt; skipping output file
2026-08-28 16:09:52,456 INFO Wrote 1 matching line(s) to /home/eyamrog/PycharmProjects/cl_st1_melina/cl_st1_ph1_melina/corpus/01_now_dataset/02_now_text/23-09-text/23-09-lk.txt
2026-08-28 16:09:52,645 INFO No matches found in 23-09-my.txt; skipping output file
2026-08-28 16:09:53,384 INFO Wrote 7 matching line(s) to /home/eyamrog/PycharmProjects/cl_st1_melina/cl_st1_ph1_melina/corpus/01_now_dataset/02_now_text/23-09-text/23-09-ng.txt
2026-08-28 16:09:53,575 INFO Wrote 5 matching line(s) to /home/eyamrog/PycharmProjects/cl_st1_melina/cl_st1_ph1_melina/corpus/01_now_dataset/02_now_text/23-09-text/23-09-nz.txt
2026-08-28 16:09:53,747 INFO Wrote 2 matching line(s) to /home/eyamrog/PycharmProjects/cl_st1_melina/cl_st1_ph1_melina/corpus/01_now_dataset/02_now_text/23-09-text/23-09-ph.txt
2026-08-28 16:09:54,034 INFO Wrote 9 matching line(s) to /home/eyamrog/PycharmProjects/cl_st1_melina/cl_st1_ph1_melina/corpus/01_now_dataset/02_now_text/23-09-text/23-09-pk.txt
2026-08-28 16:09:54,103 INFO No matches found in 23-09-sg.txt; skipping output file
2026-08-28 16:09:54,103 INFO No matches found in 23-09-tz.txt; skipping output file
2026-08-28 16:09:55,090 INFO Wrote 13 matching line(s) to /home/eyamrog/PycharmProjects/cl_st1_melina/cl_st1_ph1_melina/corpus/01_now_dataset/02_now_text/23-09-text/23-09-us1.txt
2026-08-28 16:09:55,951 INFO Wrote 7 matching line(s) to /home/eyamrog/PycharmProjects/cl_st1_melina/cl_st1_ph1_melina/corpus/01_now_dataset/02_now_text/23-09-text/23-09-us2.txt
2026-08-28 16:09:56,837 INFO Wrote 10 matching line(s) to /home/eyamrog/PycharmProjects/cl_st1_melina/cl_st1_ph1_melina/corpus/01_now_dataset/02_now_text/23-09-text/23-09-us3.txt
2026-08-28 16:09:57,653 INFO Wrote 11 matching line(s) to /home/eyamrog/PycharmProjects/cl_st1_melina/cl_st1_ph1_melina/corpus/01_now_dataset/02_now_text/23-09-text/23-09-us4.txt
2026-08-28 16:09:58,401 INFO Wrote 10 matching line(s) to /home/eyamrog/PycharmProjects/cl_st1_melina/cl_st1_ph1_melina/corpus/01_now_dataset/02_now_text/23-09-text/23-09-us5.txt
2026-08-28 16:09:58,587 INFO No matches found in 23-09-za.txt; skipping output file
2026-08-28 16:09:59,003 INFO Wrote 365 matching line(s) to /home/eyamrog/PycharmProjects/cl_st1_melina/cl_st1_ph1_melina/corpus/01_now_dataset/02_now_text/23-10-text/16-10-au.txt
2026-08-28 16:09:59,028 INFO Wrote 14 matching line(s) to /home/eyamrog/PycharmProjects/cl_st1_melina/cl_st1_ph1_melina/corpus/01_now_dataset/02_now_text/23-10-text/23-10-bd.txt
2026-08-28 16:09:59,480 INFO Wrote 1101 matching line(s) to /home/eyamrog/PycharmProjects/cl_st1_melina/cl_st1_ph1_melina/corpus/01_now_dataset/02_now_text/23-10-text/23-10-ca.txt
2026-08-28 16:10:01,418 INFO Wrote 1795 matching line(s) to /home/eyamrog/PycharmProjects/cl_st1_melina/cl_st1_ph1_melina/corpus/01_now_dataset/02_now_text/23-10-text/23-10-gb.txt
2026-08-28 16:10:01,419 INFO No matches found in 23-10-gh.txt; skipping output file
2026-08-28 16:10:01,461 INFO Wrote 51 matching line(s) to /home/eyamrog/PycharmProjects/cl_st1_melina/cl_st1_ph1_melina/corpus/01_now_dataset/02_now_text/23-10-text/23-10-hk.txt
2026-08-28 16:10:01,852 INFO Wrote 240 matching line(s) to /home/eyamrog/PycharmProjects/cl_st1_melina/cl_st1_ph1_melina/corpus/01_now_dataset/02_now_text/23-10-text/23-10-ie.txt
2026-08-28 16:10:03,350 INFO Wrote 1902 matching line(s) to /home/eyamrog/PycharmProjects/cl_st1_melina/cl_st1_ph1_melina/corpus/01_now_dataset/02_now_text/23-10-text/23-10-in.txt
2026-08-28 16:10:03,355 INFO No matches found in 23-10-jm.txt; skipping output file
2026-08-28 16:10:03,428 INFO Wrote 52 matching line(s) to /home/eyamrog/PycharmProjects/cl_st1_melina/cl_st1_ph1_melina/corpus/01_now_dataset/02_now_text/23-10-text/23-10-ke.txt
2026-08-28 16:10:03,500 INFO Wrote 67 matching line(s) to /home/eyamrog/PycharmProjects/cl_st1_melina/cl_st1_ph1_melina/corpus/01_now_dataset/02_now_text/23-10-text/23-10-lk.txt
2026-08-28 16:10:03,997 INFO Wrote 45 matching line(s) to /home/eyamrog/PycharmProjects/cl_st1_melina/cl_st1_ph1_melina/corpus/01_now_dataset/02_now_text/23-10-text/23-10-my.txt
2026-08-28 16:10:05,799 INFO Wrote 445 matching line(s) to /home/eyamrog/PycharmProjects/cl_st1_melina/cl_st1_ph1_melina/corpus/01_now_dataset/02_now_text/23-10-text/23-10-ng.txt
2026-08-28 16:10:06,036 INFO Wrote 178 matching line(s) to /home/eyamrog/PycharmProjects/cl_st1_melina/cl_st1_ph1_melina/corpus/01_now_dataset/02_now_text/23-10-text/23-10-nz.txt
2026-08-28 16:10:06,252 INFO Wrote 201 matching line(s) to /home/eyamrog/PycharmProjects/cl_st1_melina/cl_st1_ph1_melina/corpus/01_now_dataset/02_now_text/23-10-text/23-10-ph.txt
2026-08-28 16:10:06,523 INFO Wrote 693 matching line(s) to /home/eyamrog/PycharmProjects/cl_st1_melina/cl_st1_ph1_melina/corpus/01_now_dataset/02_now_text/23-10-text/23-10-pk.txt
2026-08-28 16:10:06,585 INFO Wrote 26 matching line(s) to /home/eyamrog/PycharmProjects/cl_st1_melina/cl_st1_ph1_melina/corpus/01_now_dataset/02_now_text/23-10-text/23-10-sg.txt
2026-08-28 16:10:06,586 INFO No matches found in 23-10-tz.txt; skipping output file
2026-08-28 16:10:07,618 INFO Wrote 985 matching line(s) to /home/eyamrog/PycharmProjects/cl_st1_melina/cl_st1_ph1_melina/corpus/01_now_dataset/02_now_text/23-10-text/23-10-us1.txt
2026-08-28 16:10:08,526 INFO Wrote 950 matching line(s) to /home/eyamrog/PycharmProjects/cl_st1_melina/cl_st1_ph1_melina/corpus/01_now_dataset/02_now_text/23-10-text/23-10-us2.txt
2026-08-28 16:10:09,402 INFO Wrote 880 matching line(s) to /home/eyamrog/PycharmProjects/cl_st1_melina/cl_st1_ph1_melina/corpus/01_now_dataset/02_now_text/23-10-text/23-10-us3.txt
2026-08-28 16:10:10,231 INFO Wrote 816 matching line(s) to /home/eyamrog/PycharmProjects/cl_st1_melina/cl_st1_ph1_melina/corpus/01_now_dataset/02_now_text/23-10-text/23-10-us4.txt
2026-08-28 16:10:11,078 INFO Wrote 810 matching line(s) to /home/eyamrog/PycharmProjects/cl_st1_melina/cl_st1_ph1_melina/corpus/01_now_dataset/02_now_text/23-10-text/23-10-us5.txt
2026-08-28 16:10:11,267 INFO Wrote 122 matching line(s) to /home/eyamrog/PycharmProjects/cl_st1_melina/cl_st1_ph1_melina/corpus/01_now_dataset/02_now_text/23-10-text/23-10-za.txt
2026-08-28 16:10:11,709 INFO Wrote 308 matching line(s) to /home/eyamrog/PycharmProjects/cl_st1_melina/cl_st1_ph1_melina/corpus/01_now_dataset/02_now_text/23-11-text/16-10-au.txt
2026-08-28 16:10:11,728 INFO Wrote 14 matching line(s) to /home/eyamrog/PycharmProjects/cl_st1_melina/cl_st1_ph1_melina/corpus/01_now_dataset/02_now_text/23-11-text/23-11-bd.txt
2026-08-28 16:10:12,140 INFO Wrote 705 matching line(s) to /home/eyamrog/PycharmProjects/cl_st1_melina/cl_st1_ph1_melina/corpus/01_now_dataset/02_now_text/23-11-text/23-11-ca.txt
2026-08-28 16:10:13,946 INFO Wrote 1667 matching line(s) to /home/eyamrog/PycharmProjects/cl_st1_melina/cl_st1_ph1_melina/corpus/01_now_dataset/02_now_text/23-11-text/23-11-gb.txt
2026-08-28 16:10:13,946 INFO No matches found in 23-11-gh.txt; skipping output file
2026-08-28 16:10:13,987 INFO Wrote 40 matching line(s) to /home/eyamrog/PycharmProjects/cl_st1_melina/cl_st1_ph1_melina/corpus/01_now_dataset/02_now_text/23-11-text/23-11-hk.txt
2026-08-28 16:10:14,374 INFO Wrote 298 matching line(s) to /home/eyamrog/PycharmProjects/cl_st1_melina/cl_st1_ph1_melina/corpus/01_now_dataset/02_now_text/23-11-text/23-11-ie.txt
2026-08-28 16:10:15,841 INFO Wrote 1399 matching line(s) to /home/eyamrog/PycharmProjects/cl_st1_melina/cl_st1_ph1_melina/corpus/01_now_dataset/02_now_text/23-11-text/23-11-in.txt
2026-08-28 16:10:15,850 INFO Wrote 3 matching line(s) to /home/eyamrog/PycharmProjects/cl_st1_melina/cl_st1_ph1_melina/corpus/01_now_dataset/02_now_text/23-11-text/23-11-jm.txt
2026-08-28 16:10:15,930 INFO Wrote 29 matching line(s) to /home/eyamrog/PycharmProjects/cl_st1_melina/cl_st1_ph1_melina/corpus/01_now_dataset/02_now_text/23-11-text/23-11-ke.txt
2026-08-28 16:10:16,002 INFO Wrote 61 matching line(s) to /home/eyamrog/PycharmProjects/cl_st1_melina/cl_st1_ph1_melina/corpus/01_now_dataset/02_now_text/23-11-text/23-11-lk.txt
2026-08-28 16:10:16,158 INFO Wrote 37 matching line(s) to /home/eyamrog/PycharmProjects/cl_st1_melina/cl_st1_ph1_melina/corpus/01_now_dataset/02_now_text/23-11-text/23-11-my.txt
2026-08-28 16:10:16,804 INFO Wrote 233 matching line(s) to /home/eyamrog/PycharmProjects/cl_st1_melina/cl_st1_ph1_melina/corpus/01_now_dataset/02_now_text/23-11-text/23-11-ng.txt
2026-08-28 16:10:16,959 INFO Wrote 248 matching line(s) to /home/eyamrog/PycharmProjects/cl_st1_melina/cl_st1_ph1_melina/corpus/01_now_dataset/02_now_text/23-11-text/23-11-nz.txt
2026-08-28 16:10:17,131 INFO Wrote 116 matching line(s) to /home/eyamrog/PycharmProjects/cl_st1_melina/cl_st1_ph1_melina/corpus/01_now_dataset/02_now_text/23-11-text/23-11-ph.txt
2026-08-28 16:10:17,363 INFO Wrote 805 matching line(s) to /home/eyamrog/PycharmProjects/cl_st1_melina/cl_st1_ph1_melina/corpus/01_now_dataset/02_now_text/23-11-text/23-11-pk.txt
2026-08-28 16:10:17,437 INFO Wrote 48 matching line(s) to /home/eyamrog/PycharmProjects/cl_st1_melina/cl_st1_ph1_melina/corpus/01_now_dataset/02_now_text/23-11-text/23-11-sg.txt
2026-08-28 16:10:17,437 INFO No matches found in 23-11-tz.txt; skipping output file
2026-08-28 16:10:18,229 INFO Wrote 711 matching line(s) to /home/eyamrog/PycharmProjects/cl_st1_melina/cl_st1_ph1_melina/corpus/01_now_dataset/02_now_text/23-11-text/23-11-us1.txt
2026-08-28 16:10:19,464 INFO Wrote 632 matching line(s) to /home/eyamrog/PycharmProjects/cl_st1_melina/cl_st1_ph1_melina/corpus/01_now_dataset/02_now_text/23-11-text/23-11-us2.txt
2026-08-28 16:10:21,113 INFO Wrote 640 matching line(s) to /home/eyamrog/PycharmProjects/cl_st1_melina/cl_st1_ph1_melina/corpus/01_now_dataset/02_now_text/23-11-text/23-11-us3.txt
2026-08-28 16:10:21,876 INFO Wrote 610 matching line(s) to /home/eyamrog/PycharmProjects/cl_st1_melina/cl_st1_ph1_melina/corpus/01_now_dataset/02_now_text/23-11-text/23-11-us4.txt
2026-08-28 16:10:22,579 INFO Wrote 504 matching line(s) to /home/eyamrog/PycharmProjects/cl_st1_melina/cl_st1_ph1_melina/corpus/01_now_dataset/02_now_text/23-11-text/23-11-us5.txt
2026-08-28 16:10:22,767 INFO Wrote 118 matching line(s) to /home/eyamrog/PycharmProjects/cl_st1_melina/cl_st1_ph1_melina/corpus/01_now_dataset/02_now_text/23-11-text/23-11-za.txt
2026-08-28 16:10:23,162 INFO Wrote 174 matching line(s) to /home/eyamrog/PycharmProjects/cl_st1_melina/cl_st1_ph1_melina/corpus/01_now_dataset/02_now_text/23-12-text/16-10-au.txt
2026-08-28 16:10:23,177 INFO Wrote 12 matching line(s) to /home/eyamrog/PycharmProjects/cl_st1_melina/cl_st1_ph1_melina/corpus/01_now_dataset/02_now_text/23-12-text/23-12-bd.txt
2026-08-28 16:10:23,561 INFO Wrote 489 matching line(s) to /home/eyamrog/PycharmProjects/cl_st1_melina/cl_st1_ph1_melina/corpus/01_now_dataset/02_now_text/23-12-text/23-12-ca.txt
2026-08-28 16:10:25,297 INFO Wrote 787 matching line(s) to /home/eyamrog/PycharmProjects/cl_st1_melina/cl_st1_ph1_melina/corpus/01_now_dataset/02_now_text/23-12-text/23-12-gb.txt
2026-08-28 16:10:25,297 INFO No matches found in 23-12-gh.txt; skipping output file
2026-08-28 16:10:25,338 INFO Wrote 24 matching line(s) to /home/eyamrog/PycharmProjects/cl_st1_melina/cl_st1_ph1_melina/corpus/01_now_dataset/02_now_text/23-12-text/23-12-hk.txt
2026-08-28 16:10:25,677 INFO Wrote 127 matching line(s) to /home/eyamrog/PycharmProjects/cl_st1_melina/cl_st1_ph1_melina/corpus/01_now_dataset/02_now_text/23-12-text/23-12-ie.txt
2026-08-28 16:10:27,352 INFO Wrote 697 matching line(s) to /home/eyamrog/PycharmProjects/cl_st1_melina/cl_st1_ph1_melina/corpus/01_now_dataset/02_now_text/23-12-text/23-12-in.txt
2026-08-28 16:10:27,359 INFO No matches found in 23-12-jm.txt; skipping output file
2026-08-28 16:10:27,444 INFO Wrote 29 matching line(s) to /home/eyamrog/PycharmProjects/cl_st1_melina/cl_st1_ph1_melina/corpus/01_now_dataset/02_now_text/23-12-text/23-12-ke.txt
2026-08-28 16:10:27,512 INFO Wrote 39 matching line(s) to /home/eyamrog/PycharmProjects/cl_st1_melina/cl_st1_ph1_melina/corpus/01_now_dataset/02_now_text/23-12-text/23-12-lk.txt
2026-08-28 16:10:27,591 INFO Wrote 11 matching line(s) to /home/eyamrog/PycharmProjects/cl_st1_melina/cl_st1_ph1_melina/corpus/01_now_dataset/02_now_text/23-12-text/23-12-my.txt
2026-08-28 16:10:28,233 INFO Wrote 179 matching line(s) to /home/eyamrog/PycharmProjects/cl_st1_melina/cl_st1_ph1_melina/corpus/01_now_dataset/02_now_text/23-12-text/23-12-ng.txt
2026-08-28 16:10:28,344 INFO Wrote 198 matching line(s) to /home/eyamrog/PycharmProjects/cl_st1_melina/cl_st1_ph1_melina/corpus/01_now_dataset/02_now_text/23-12-text/23-12-nz.txt
2026-08-28 16:10:28,501 INFO Wrote 169 matching line(s) to /home/eyamrog/PycharmProjects/cl_st1_melina/cl_st1_ph1_melina/corpus/01_now_dataset/02_now_text/23-12-text/23-12-ph.txt
2026-08-28 16:10:28,720 INFO Wrote 401 matching line(s) to /home/eyamrog/PycharmProjects/cl_st1_melina/cl_st1_ph1_melina/corpus/01_now_dataset/02_now_text/23-12-text/23-12-pk.txt
2026-08-28 16:10:28,774 INFO Wrote 26 matching line(s) to /home/eyamrog/PycharmProjects/cl_st1_melina/cl_st1_ph1_melina/corpus/01_now_dataset/02_now_text/23-12-text/23-12-sg.txt
2026-08-28 16:10:28,774 INFO No matches found in 23-12-tz.txt; skipping output file
2026-08-28 16:10:29,695 INFO Wrote 552 matching line(s) to /home/eyamrog/PycharmProjects/cl_st1_melina/cl_st1_ph1_melina/corpus/01_now_dataset/02_now_text/23-12-text/23-12-us1.txt
2026-08-28 16:10:30,563 INFO Wrote 459 matching line(s) to /home/eyamrog/PycharmProjects/cl_st1_melina/cl_st1_ph1_melina/corpus/01_now_dataset/02_now_text/23-12-text/23-12-us2.txt
2026-08-28 16:10:31,376 INFO Wrote 451 matching line(s) to /home/eyamrog/PycharmProjects/cl_st1_melina/cl_st1_ph1_melina/corpus/01_now_dataset/02_now_text/23-12-text/23-12-us3.txt
2026-08-28 16:10:32,233 INFO Wrote 448 matching line(s) to /home/eyamrog/PycharmProjects/cl_st1_melina/cl_st1_ph1_melina/corpus/01_now_dataset/02_now_text/23-12-text/23-12-us4.txt
2026-08-28 16:10:33,005 INFO Wrote 339 matching line(s) to /home/eyamrog/PycharmProjects/cl_st1_melina/cl_st1_ph1_melina/corpus/01_now_dataset/02_now_text/23-12-text/23-12-us5.txt
2026-08-28 16:10:33,161 INFO Wrote 71 matching line(s) to /home/eyamrog/PycharmProjects/cl_st1_melina/cl_st1_ph1_melina/corpus/01_now_dataset/02_now_text/23-12-text/23-12-za.txt
2026-08-28 16:10:33,557 INFO Wrote 145 matching line(s) to /home/eyamrog/PycharmProjects/cl_st1_melina/cl_st1_ph1_melina/corpus/01_now_dataset/02_now_text/24-01-text/16-10-au.txt
2026-08-28 16:10:33,577 INFO Wrote 10 matching line(s) to /home/eyamrog/PycharmProjects/cl_st1_melina/cl_st1_ph1_melina/corpus/01_now_dataset/02_now_text/24-01-text/24-01-bd.txt
2026-08-28 16:10:34,431 INFO Wrote 390 matching line(s) to /home/eyamrog/PycharmProjects/cl_st1_melina/cl_st1_ph1_melina/corpus/01_now_dataset/02_now_text/24-01-text/24-01-ca.txt
2026-08-28 16:10:37,184 INFO Wrote 637 matching line(s) to /home/eyamrog/PycharmProjects/cl_st1_melina/cl_st1_ph1_melina/corpus/01_now_dataset/02_now_text/24-01-text/24-01-gb.txt
2026-08-28 16:10:37,185 INFO No matches found in 24-01-gh.txt; skipping output file
2026-08-28 16:10:37,227 INFO Wrote 32 matching line(s) to /home/eyamrog/PycharmProjects/cl_st1_melina/cl_st1_ph1_melina/corpus/01_now_dataset/02_now_text/24-01-text/24-01-hk.txt
2026-08-28 16:10:37,599 INFO Wrote 138 matching line(s) to /home/eyamrog/PycharmProjects/cl_st1_melina/cl_st1_ph1_melina/corpus/01_now_dataset/02_now_text/24-01-text/24-01-ie.txt
2026-08-28 16:10:39,354 INFO Wrote 607 matching line(s) to /home/eyamrog/PycharmProjects/cl_st1_melina/cl_st1_ph1_melina/corpus/01_now_dataset/02_now_text/24-01-text/24-01-in.txt
2026-08-28 16:10:39,364 INFO Wrote 1 matching line(s) to /home/eyamrog/PycharmProjects/cl_st1_melina/cl_st1_ph1_melina/corpus/01_now_dataset/02_now_text/24-01-text/24-01-jm.txt
2026-08-28 16:10:39,443 INFO Wrote 27 matching line(s) to /home/eyamrog/PycharmProjects/cl_st1_melina/cl_st1_ph1_melina/corpus/01_now_dataset/02_now_text/24-01-text/24-01-ke.txt
2026-08-28 16:10:39,518 INFO Wrote 66 matching line(s) to /home/eyamrog/PycharmProjects/cl_st1_melina/cl_st1_ph1_melina/corpus/01_now_dataset/02_now_text/24-01-text/24-01-lk.txt
2026-08-28 16:10:39,615 INFO Wrote 14 matching line(s) to /home/eyamrog/PycharmProjects/cl_st1_melina/cl_st1_ph1_melina/corpus/01_now_dataset/02_now_text/24-01-text/24-01-my.txt
2026-08-28 16:10:40,243 INFO Wrote 146 matching line(s) to /home/eyamrog/PycharmProjects/cl_st1_melina/cl_st1_ph1_melina/corpus/01_now_dataset/02_now_text/24-01-text/24-01-ng.txt
2026-08-28 16:10:40,335 INFO Wrote 185 matching line(s) to /home/eyamrog/PycharmProjects/cl_st1_melina/cl_st1_ph1_melina/corpus/01_now_dataset/02_now_text/24-01-text/24-01-nz.txt
2026-08-28 16:10:40,493 INFO Wrote 64 matching line(s) to /home/eyamrog/PycharmProjects/cl_st1_melina/cl_st1_ph1_melina/corpus/01_now_dataset/02_now_text/24-01-text/24-01-ph.txt
2026-08-28 16:10:40,714 INFO Wrote 340 matching line(s) to /home/eyamrog/PycharmProjects/cl_st1_melina/cl_st1_ph1_melina/corpus/01_now_dataset/02_now_text/24-01-text/24-01-pk.txt
2026-08-28 16:10:40,781 INFO Wrote 20 matching line(s) to /home/eyamrog/PycharmProjects/cl_st1_melina/cl_st1_ph1_melina/corpus/01_now_dataset/02_now_text/24-01-text/24-01-sg.txt
2026-08-28 16:10:40,782 INFO No matches found in 24-01-tz.txt; skipping output file
2026-08-28 16:10:41,723 INFO Wrote 428 matching line(s) to /home/eyamrog/PycharmProjects/cl_st1_melina/cl_st1_ph1_melina/corpus/01_now_dataset/02_now_text/24-01-text/24-01-us1.txt
2026-08-28 16:10:42,566 INFO Wrote 406 matching line(s) to /home/eyamrog/PycharmProjects/cl_st1_melina/cl_st1_ph1_melina/corpus/01_now_dataset/02_now_text/24-01-text/24-01-us2.txt
2026-08-28 16:10:43,384 INFO Wrote 382 matching line(s) to /home/eyamrog/PycharmProjects/cl_st1_melina/cl_st1_ph1_melina/corpus/01_now_dataset/02_now_text/24-01-text/24-01-us3.txt
2026-08-28 16:10:44,186 INFO Wrote 371 matching line(s) to /home/eyamrog/PycharmProjects/cl_st1_melina/cl_st1_ph1_melina/corpus/01_now_dataset/02_now_text/24-01-text/24-01-us4.txt
2026-08-28 16:10:45,121 INFO Wrote 316 matching line(s) to /home/eyamrog/PycharmProjects/cl_st1_melina/cl_st1_ph1_melina/corpus/01_now_dataset/02_now_text/24-01-text/24-01-us5.txt
2026-08-28 16:10:45,354 INFO Wrote 159 matching line(s) to /home/eyamrog/PycharmProjects/cl_st1_melina/cl_st1_ph1_melina/corpus/01_now_dataset/02_now_text/24-01-text/24-01-za.txt
2026-08-28 16:10:45,847 INFO Wrote 142 matching line(s) to /home/eyamrog/PycharmProjects/cl_st1_melina/cl_st1_ph1_melina/corpus/01_now_dataset/02_now_text/24-02-text/16-10-au.txt
2026-08-28 16:10:45,865 INFO Wrote 7 matching line(s) to /home/eyamrog/PycharmProjects/cl_st1_melina/cl_st1_ph1_melina/corpus/01_now_dataset/02_now_text/24-02-text/24-02-bd.txt
2026-08-28 16:10:46,272 INFO Wrote 263 matching line(s) to /home/eyamrog/PycharmProjects/cl_st1_melina/cl_st1_ph1_melina/corpus/01_now_dataset/02_now_text/24-02-text/24-02-ca.txt
2026-08-28 16:10:47,835 INFO Wrote 633 matching line(s) to /home/eyamrog/PycharmProjects/cl_st1_melina/cl_st1_ph1_melina/corpus/01_now_dataset/02_now_text/24-02-text/24-02-gb.txt
2026-08-28 16:10:47,836 INFO No matches found in 24-02-gh.txt; skipping output file
2026-08-28 16:10:47,872 INFO Wrote 15 matching line(s) to /home/eyamrog/PycharmProjects/cl_st1_melina/cl_st1_ph1_melina/corpus/01_now_dataset/02_now_text/24-02-text/24-02-hk.txt
2026-08-28 16:10:48,200 INFO Wrote 93 matching line(s) to /home/eyamrog/PycharmProjects/cl_st1_melina/cl_st1_ph1_melina/corpus/01_now_dataset/02_now_text/24-02-text/24-02-ie.txt
2026-08-28 16:10:51,512 INFO Wrote 357 matching line(s) to /home/eyamrog/PycharmProjects/cl_st1_melina/cl_st1_ph1_melina/corpus/01_now_dataset/02_now_text/24-02-text/24-02-in.txt
2026-08-28 16:10:51,519 INFO No matches found in 24-02-jm.txt; skipping output file
2026-08-28 16:10:51,602 INFO Wrote 17 matching line(s) to /home/eyamrog/PycharmProjects/cl_st1_melina/cl_st1_ph1_melina/corpus/01_now_dataset/02_now_text/24-02-text/24-02-ke.txt
2026-08-28 16:10:51,675 INFO Wrote 26 matching line(s) to /home/eyamrog/PycharmProjects/cl_st1_melina/cl_st1_ph1_melina/corpus/01_now_dataset/02_now_text/24-02-text/24-02-lk.txt
2026-08-28 16:10:51,763 INFO Wrote 9 matching line(s) to /home/eyamrog/PycharmProjects/cl_st1_melina/cl_st1_ph1_melina/corpus/01_now_dataset/02_now_text/24-02-text/24-02-my.txt
2026-08-28 16:10:52,314 INFO Wrote 94 matching line(s) to /home/eyamrog/PycharmProjects/cl_st1_melina/cl_st1_ph1_melina/corpus/01_now_dataset/02_now_text/24-02-text/24-02-ng.txt
2026-08-28 16:10:52,426 INFO Wrote 203 matching line(s) to /home/eyamrog/PycharmProjects/cl_st1_melina/cl_st1_ph1_melina/corpus/01_now_dataset/02_now_text/24-02-text/24-02-nz.txt
2026-08-28 16:10:52,591 INFO Wrote 44 matching line(s) to /home/eyamrog/PycharmProjects/cl_st1_melina/cl_st1_ph1_melina/corpus/01_now_dataset/02_now_text/24-02-text/24-02-ph.txt
2026-08-28 16:10:52,795 INFO Wrote 208 matching line(s) to /home/eyamrog/PycharmProjects/cl_st1_melina/cl_st1_ph1_melina/corpus/01_now_dataset/02_now_text/24-02-text/24-02-pk.txt
2026-08-28 16:10:52,860 INFO Wrote 15 matching line(s) to /home/eyamrog/PycharmProjects/cl_st1_melina/cl_st1_ph1_melina/corpus/01_now_dataset/02_now_text/24-02-text/24-02-sg.txt
2026-08-28 16:10:52,861 INFO No matches found in 24-02-tz.txt; skipping output file
2026-08-28 16:10:53,803 INFO Wrote 436 matching line(s) to /home/eyamrog/PycharmProjects/cl_st1_melina/cl_st1_ph1_melina/corpus/01_now_dataset/02_now_text/24-02-text/24-02-us1.txt
2026-08-28 16:10:54,718 INFO Wrote 399 matching line(s) to /home/eyamrog/PycharmProjects/cl_st1_melina/cl_st1_ph1_melina/corpus/01_now_dataset/02_now_text/24-02-text/24-02-us2.txt
2026-08-28 16:10:55,598 INFO Wrote 377 matching line(s) to /home/eyamrog/PycharmProjects/cl_st1_melina/cl_st1_ph1_melina/corpus/01_now_dataset/02_now_text/24-02-text/24-02-us3.txt
2026-08-28 16:10:56,433 INFO Wrote 322 matching line(s) to /home/eyamrog/PycharmProjects/cl_st1_melina/cl_st1_ph1_melina/corpus/01_now_dataset/02_now_text/24-02-text/24-02-us4.txt
2026-08-28 16:10:57,248 INFO Wrote 298 matching line(s) to /home/eyamrog/PycharmProjects/cl_st1_melina/cl_st1_ph1_melina/corpus/01_now_dataset/02_now_text/24-02-text/24-02-us5.txt
2026-08-28 16:10:57,408 INFO Wrote 48 matching line(s) to /home/eyamrog/PycharmProjects/cl_st1_melina/cl_st1_ph1_melina/corpus/01_now_dataset/02_now_text/24-02-text/24-02-za.txt
2026-08-28 16:10:57,810 INFO Wrote 77 matching line(s) to /home/eyamrog/PycharmProjects/cl_st1_melina/cl_st1_ph1_melina/corpus/01_now_dataset/02_now_text/24-03-text/16-10-au.txt
2026-08-28 16:10:57,825 INFO Wrote 10 matching line(s) to /home/eyamrog/PycharmProjects/cl_st1_melina/cl_st1_ph1_melina/corpus/01_now_dataset/02_now_text/24-03-text/24-03-bd.txt
2026-08-28 16:10:58,266 INFO Wrote 382 matching line(s) to /home/eyamrog/PycharmProjects/cl_st1_melina/cl_st1_ph1_melina/corpus/01_now_dataset/02_now_text/24-03-text/24-03-ca.txt
2026-08-28 16:10:59,985 INFO Wrote 608 matching line(s) to /home/eyamrog/PycharmProjects/cl_st1_melina/cl_st1_ph1_melina/corpus/01_now_dataset/02_now_text/24-03-text/24-03-gb.txt
2026-08-28 16:10:59,985 INFO No matches found in 24-03-gh.txt; skipping output file
2026-08-28 16:11:00,026 INFO Wrote 17 matching line(s) to /home/eyamrog/PycharmProjects/cl_st1_melina/cl_st1_ph1_melina/corpus/01_now_dataset/02_now_text/24-03-text/24-03-hk.txt
2026-08-28 16:11:00,383 INFO Wrote 111 matching line(s) to /home/eyamrog/PycharmProjects/cl_st1_melina/cl_st1_ph1_melina/corpus/01_now_dataset/02_now_text/24-03-text/24-03-ie.txt
2026-08-28 16:11:02,300 INFO Wrote 427 matching line(s) to /home/eyamrog/PycharmProjects/cl_st1_melina/cl_st1_ph1_melina/corpus/01_now_dataset/02_now_text/24-03-text/24-03-in.txt
2026-08-28 16:11:02,311 INFO No matches found in 24-03-jm.txt; skipping output file
2026-08-28 16:11:02,390 INFO Wrote 9 matching line(s) to /home/eyamrog/PycharmProjects/cl_st1_melina/cl_st1_ph1_melina/corpus/01_now_dataset/02_now_text/24-03-text/24-03-ke.txt
2026-08-28 16:11:02,452 INFO Wrote 35 matching line(s) to /home/eyamrog/PycharmProjects/cl_st1_melina/cl_st1_ph1_melina/corpus/01_now_dataset/02_now_text/24-03-text/24-03-lk.txt
2026-08-28 16:11:02,538 INFO Wrote 22 matching line(s) to /home/eyamrog/PycharmProjects/cl_st1_melina/cl_st1_ph1_melina/corpus/01_now_dataset/02_now_text/24-03-text/24-03-my.txt
2026-08-28 16:11:03,103 INFO Wrote 80 matching line(s) to /home/eyamrog/PycharmProjects/cl_st1_melina/cl_st1_ph1_melina/corpus/01_now_dataset/02_now_text/24-03-text/24-03-ng.txt
2026-08-28 16:11:03,218 INFO Wrote 288 matching line(s) to /home/eyamrog/PycharmProjects/cl_st1_melina/cl_st1_ph1_melina/corpus/01_now_dataset/02_now_text/24-03-text/24-03-nz.txt
2026-08-28 16:11:03,365 INFO Wrote 43 matching line(s) to /home/eyamrog/PycharmProjects/cl_st1_melina/cl_st1_ph1_melina/corpus/01_now_dataset/02_now_text/24-03-text/24-03-ph.txt
2026-08-28 16:11:03,588 INFO Wrote 318 matching line(s) to /home/eyamrog/PycharmProjects/cl_st1_melina/cl_st1_ph1_melina/corpus/01_now_dataset/02_now_text/24-03-text/24-03-pk.txt
2026-08-28 16:11:03,699 INFO Wrote 27 matching line(s) to /home/eyamrog/PycharmProjects/cl_st1_melina/cl_st1_ph1_melina/corpus/01_now_dataset/02_now_text/24-03-text/24-03-sg.txt
2026-08-28 16:11:03,701 INFO No matches found in 24-03-tz.txt; skipping output file
2026-08-28 16:11:06,119 INFO Wrote 482 matching line(s) to /home/eyamrog/PycharmProjects/cl_st1_melina/cl_st1_ph1_melina/corpus/01_now_dataset/02_now_text/24-03-text/24-03-us1.txt
2026-08-28 16:11:07,210 INFO Wrote 424 matching line(s) to /home/eyamrog/PycharmProjects/cl_st1_melina/cl_st1_ph1_melina/corpus/01_now_dataset/02_now_text/24-03-text/24-03-us2.txt
2026-08-28 16:11:08,158 INFO Wrote 373 matching line(s) to /home/eyamrog/PycharmProjects/cl_st1_melina/cl_st1_ph1_melina/corpus/01_now_dataset/02_now_text/24-03-text/24-03-us3.txt
2026-08-28 16:11:09,078 INFO Wrote 369 matching line(s) to /home/eyamrog/PycharmProjects/cl_st1_melina/cl_st1_ph1_melina/corpus/01_now_dataset/02_now_text/24-03-text/24-03-us4.txt
2026-08-28 16:11:09,978 INFO Wrote 345 matching line(s) to /home/eyamrog/PycharmProjects/cl_st1_melina/cl_st1_ph1_melina/corpus/01_now_dataset/02_now_text/24-03-text/24-03-us5.txt
2026-08-28 16:11:10,126 INFO Wrote 25 matching line(s) to /home/eyamrog/PycharmProjects/cl_st1_melina/cl_st1_ph1_melina/corpus/01_now_dataset/02_now_text/24-03-text/24-03-za.txt
2026-08-28 16:11:10,517 INFO Wrote 103 matching line(s) to /home/eyamrog/PycharmProjects/cl_st1_melina/cl_st1_ph1_melina/corpus/01_now_dataset/02_now_text/24-04-text/16-10-au.txt
2026-08-28 16:11:10,527 INFO Wrote 16 matching line(s) to /home/eyamrog/PycharmProjects/cl_st1_melina/cl_st1_ph1_melina/corpus/01_now_dataset/02_now_text/24-04-text/24-04-bd.txt
2026-08-28 16:11:10,871 INFO Wrote 232 matching line(s) to /home/eyamrog/PycharmProjects/cl_st1_melina/cl_st1_ph1_melina/corpus/01_now_dataset/02_now_text/24-04-text/24-04-ca.txt
2026-08-28 16:11:12,302 INFO Wrote 542 matching line(s) to /home/eyamrog/PycharmProjects/cl_st1_melina/cl_st1_ph1_melina/corpus/01_now_dataset/02_now_text/24-04-text/24-04-gb.txt
2026-08-28 16:11:12,303 INFO No matches found in 24-04-gh.txt; skipping output file
2026-08-28 16:11:12,338 INFO Wrote 23 matching line(s) to /home/eyamrog/PycharmProjects/cl_st1_melina/cl_st1_ph1_melina/corpus/01_now_dataset/02_now_text/24-04-text/24-04-hk.txt
2026-08-28 16:11:12,681 INFO Wrote 102 matching line(s) to /home/eyamrog/PycharmProjects/cl_st1_melina/cl_st1_ph1_melina/corpus/01_now_dataset/02_now_text/24-04-text/24-04-ie.txt
2026-08-28 16:11:14,491 INFO Wrote 594 matching line(s) to /home/eyamrog/PycharmProjects/cl_st1_melina/cl_st1_ph1_melina/corpus/01_now_dataset/02_now_text/24-04-text/24-04-in.txt
2026-08-28 16:11:14,497 INFO No matches found in 24-04-jm.txt; skipping output file
2026-08-28 16:11:14,552 INFO Wrote 11 matching line(s) to /home/eyamrog/PycharmProjects/cl_st1_melina/cl_st1_ph1_melina/corpus/01_now_dataset/02_now_text/24-04-text/24-04-ke.txt
2026-08-28 16:11:14,600 INFO Wrote 21 matching line(s) to /home/eyamrog/PycharmProjects/cl_st1_melina/cl_st1_ph1_melina/corpus/01_now_dataset/02_now_text/24-04-text/24-04-lk.txt
2026-08-28 16:11:14,674 INFO Wrote 25 matching line(s) to /home/eyamrog/PycharmProjects/cl_st1_melina/cl_st1_ph1_melina/corpus/01_now_dataset/02_now_text/24-04-text/24-04-my.txt
2026-08-28 16:11:15,207 INFO Wrote 126 matching line(s) to /home/eyamrog/PycharmProjects/cl_st1_melina/cl_st1_ph1_melina/corpus/01_now_dataset/02_now_text/24-04-text/24-04-ng.txt
2026-08-28 16:11:15,322 INFO Wrote 117 matching line(s) to /home/eyamrog/PycharmProjects/cl_st1_melina/cl_st1_ph1_melina/corpus/01_now_dataset/02_now_text/24-04-text/24-04-nz.txt
2026-08-28 16:11:15,466 INFO Wrote 47 matching line(s) to /home/eyamrog/PycharmProjects/cl_st1_melina/cl_st1_ph1_melina/corpus/01_now_dataset/02_now_text/24-04-text/24-04-ph.txt
2026-08-28 16:11:15,660 INFO Wrote 389 matching line(s) to /home/eyamrog/PycharmProjects/cl_st1_melina/cl_st1_ph1_melina/corpus/01_now_dataset/02_now_text/24-04-text/24-04-pk.txt
2026-08-28 16:11:15,710 INFO Wrote 38 matching line(s) to /home/eyamrog/PycharmProjects/cl_st1_melina/cl_st1_ph1_melina/corpus/01_now_dataset/02_now_text/24-04-text/24-04-sg.txt
2026-08-28 16:11:15,711 INFO No matches found in 24-04-tz.txt; skipping output file
2026-08-28 16:11:16,584 INFO Wrote 503 matching line(s) to /home/eyamrog/PycharmProjects/cl_st1_melina/cl_st1_ph1_melina/corpus/01_now_dataset/02_now_text/24-04-text/24-04-us1.txt
2026-08-28 16:11:17,446 INFO Wrote 493 matching line(s) to /home/eyamrog/PycharmProjects/cl_st1_melina/cl_st1_ph1_melina/corpus/01_now_dataset/02_now_text/24-04-text/24-04-us2.txt
2026-08-28 16:11:18,292 INFO Wrote 403 matching line(s) to /home/eyamrog/PycharmProjects/cl_st1_melina/cl_st1_ph1_melina/corpus/01_now_dataset/02_now_text/24-04-text/24-04-us3.txt
2026-08-28 16:11:19,635 INFO Wrote 372 matching line(s) to /home/eyamrog/PycharmProjects/cl_st1_melina/cl_st1_ph1_melina/corpus/01_now_dataset/02_now_text/24-04-text/24-04-us4.txt
2026-08-28 16:11:21,194 INFO Wrote 342 matching line(s) to /home/eyamrog/PycharmProjects/cl_st1_melina/cl_st1_ph1_melina/corpus/01_now_dataset/02_now_text/24-04-text/24-04-us5.txt
2026-08-28 16:11:21,367 INFO Wrote 48 matching line(s) to /home/eyamrog/PycharmProjects/cl_st1_melina/cl_st1_ph1_melina/corpus/01_now_dataset/02_now_text/24-04-text/24-04-za.txt
2026-08-28 16:11:21,864 INFO Wrote 135 matching line(s) to /home/eyamrog/PycharmProjects/cl_st1_melina/cl_st1_ph1_melina/corpus/01_now_dataset/02_now_text/24-05-text/16-10-au.txt
2026-08-28 16:11:21,883 INFO Wrote 27 matching line(s) to /home/eyamrog/PycharmProjects/cl_st1_melina/cl_st1_ph1_melina/corpus/01_now_dataset/02_now_text/24-05-text/24-05-bd.txt
2026-08-28 16:11:22,289 INFO Wrote 414 matching line(s) to /home/eyamrog/PycharmProjects/cl_st1_melina/cl_st1_ph1_melina/corpus/01_now_dataset/02_now_text/24-05-text/24-05-ca.txt
2026-08-28 16:11:23,987 INFO Wrote 638 matching line(s) to /home/eyamrog/PycharmProjects/cl_st1_melina/cl_st1_ph1_melina/corpus/01_now_dataset/02_now_text/24-05-text/24-05-gb.txt
2026-08-28 16:11:23,987 INFO No matches found in 24-05-gh.txt; skipping output file
2026-08-28 16:11:24,028 INFO Wrote 28 matching line(s) to /home/eyamrog/PycharmProjects/cl_st1_melina/cl_st1_ph1_melina/corpus/01_now_dataset/02_now_text/24-05-text/24-05-hk.txt
2026-08-28 16:11:24,393 INFO Wrote 142 matching line(s) to /home/eyamrog/PycharmProjects/cl_st1_melina/cl_st1_ph1_melina/corpus/01_now_dataset/02_now_text/24-05-text/24-05-ie.txt
2026-08-28 16:11:26,077 INFO Wrote 606 matching line(s) to /home/eyamrog/PycharmProjects/cl_st1_melina/cl_st1_ph1_melina/corpus/01_now_dataset/02_now_text/24-05-text/24-05-in.txt
2026-08-28 16:11:26,084 INFO No matches found in 24-05-jm.txt; skipping output file
2026-08-28 16:11:26,158 INFO Wrote 24 matching line(s) to /home/eyamrog/PycharmProjects/cl_st1_melina/cl_st1_ph1_melina/corpus/01_now_dataset/02_now_text/24-05-text/24-05-ke.txt
2026-08-28 16:11:26,232 INFO Wrote 30 matching line(s) to /home/eyamrog/PycharmProjects/cl_st1_melina/cl_st1_ph1_melina/corpus/01_now_dataset/02_now_text/24-05-text/24-05-lk.txt
2026-08-28 16:11:26,313 INFO Wrote 28 matching line(s) to /home/eyamrog/PycharmProjects/cl_st1_melina/cl_st1_ph1_melina/corpus/01_now_dataset/02_now_text/24-05-text/24-05-my.txt
2026-08-28 16:11:26,890 INFO Wrote 77 matching line(s) to /home/eyamrog/PycharmProjects/cl_st1_melina/cl_st1_ph1_melina/corpus/01_now_dataset/02_now_text/24-05-text/24-05-ng.txt
2026-08-28 16:11:27,044 INFO Wrote 135 matching line(s) to /home/eyamrog/PycharmProjects/cl_st1_melina/cl_st1_ph1_melina/corpus/01_now_dataset/02_now_text/24-05-text/24-05-nz.txt
2026-08-28 16:11:27,198 INFO Wrote 52 matching line(s) to /home/eyamrog/PycharmProjects/cl_st1_melina/cl_st1_ph1_melina/corpus/01_now_dataset/02_now_text/24-05-text/24-05-ph.txt
2026-08-28 16:11:27,440 INFO Wrote 421 matching line(s) to /home/eyamrog/PycharmProjects/cl_st1_melina/cl_st1_ph1_melina/corpus/01_now_dataset/02_now_text/24-05-text/24-05-pk.txt
2026-08-28 16:11:27,498 INFO Wrote 15 matching line(s) to /home/eyamrog/PycharmProjects/cl_st1_melina/cl_st1_ph1_melina/corpus/01_now_dataset/02_now_text/24-05-text/24-05-sg.txt
2026-08-28 16:11:27,499 INFO No matches found in 24-05-tz.txt; skipping output file
2026-08-28 16:11:28,220 INFO Wrote 466 matching line(s) to /home/eyamrog/PycharmProjects/cl_st1_melina/cl_st1_ph1_melina/corpus/01_now_dataset/02_now_text/24-05-text/24-05-us1.txt
2026-08-28 16:11:28,925 INFO Wrote 399 matching line(s) to /home/eyamrog/PycharmProjects/cl_st1_melina/cl_st1_ph1_melina/corpus/01_now_dataset/02_now_text/24-05-text/24-05-us2.txt
2026-08-28 16:11:29,617 INFO Wrote 452 matching line(s) to /home/eyamrog/PycharmProjects/cl_st1_melina/cl_st1_ph1_melina/corpus/01_now_dataset/02_now_text/24-05-text/24-05-us3.txt
2026-08-28 16:11:30,268 INFO Wrote 388 matching line(s) to /home/eyamrog/PycharmProjects/cl_st1_melina/cl_st1_ph1_melina/corpus/01_now_dataset/02_now_text/24-05-text/24-05-us4.txt
2026-08-28 16:11:30,895 INFO Wrote 382 matching line(s) to /home/eyamrog/PycharmProjects/cl_st1_melina/cl_st1_ph1_melina/corpus/01_now_dataset/02_now_text/24-05-text/24-05-us5.txt
2026-08-28 16:11:31,093 INFO Wrote 53 matching line(s) to /home/eyamrog/PycharmProjects/cl_st1_melina/cl_st1_ph1_melina/corpus/01_now_dataset/02_now_text/24-05-text/24-05-za.txt
2026-08-28 16:11:31,609 INFO Wrote 91 matching line(s) to /home/eyamrog/PycharmProjects/cl_st1_melina/cl_st1_ph1_melina/corpus/01_now_dataset/02_now_text/24-06-text/16-10-au.txt
2026-08-28 16:11:31,632 INFO Wrote 20 matching line(s) to /home/eyamrog/PycharmProjects/cl_st1_melina/cl_st1_ph1_melina/corpus/01_now_dataset/02_now_text/24-06-text/24-06-bd.txt
2026-08-28 16:11:32,191 INFO Wrote 297 matching line(s) to /home/eyamrog/PycharmProjects/cl_st1_melina/cl_st1_ph1_melina/corpus/01_now_dataset/02_now_text/24-06-text/24-06-ca.txt
2026-08-28 16:11:36,054 INFO Wrote 508 matching line(s) to /home/eyamrog/PycharmProjects/cl_st1_melina/cl_st1_ph1_melina/corpus/01_now_dataset/02_now_text/24-06-text/24-06-gb.txt
2026-08-28 16:11:36,054 INFO No matches found in 24-06-gh.txt; skipping output file
2026-08-28 16:11:36,103 INFO Wrote 8 matching line(s) to /home/eyamrog/PycharmProjects/cl_st1_melina/cl_st1_ph1_melina/corpus/01_now_dataset/02_now_text/24-06-text/24-06-hk.txt
2026-08-28 16:11:36,618 INFO Wrote 96 matching line(s) to /home/eyamrog/PycharmProjects/cl_st1_melina/cl_st1_ph1_melina/corpus/01_now_dataset/02_now_text/24-06-text/24-06-ie.txt
2026-08-28 16:11:38,826 INFO Wrote 471 matching line(s) to /home/eyamrog/PycharmProjects/cl_st1_melina/cl_st1_ph1_melina/corpus/01_now_dataset/02_now_text/24-06-text/24-06-in.txt
2026-08-28 16:11:38,833 INFO No matches found in 24-06-jm.txt; skipping output file
2026-08-28 16:11:38,954 INFO Wrote 14 matching line(s) to /home/eyamrog/PycharmProjects/cl_st1_melina/cl_st1_ph1_melina/corpus/01_now_dataset/02_now_text/24-06-text/24-06-ke.txt
2026-08-28 16:11:39,049 INFO Wrote 22 matching line(s) to /home/eyamrog/PycharmProjects/cl_st1_melina/cl_st1_ph1_melina/corpus/01_now_dataset/02_now_text/24-06-text/24-06-lk.txt
2026-08-28 16:11:39,138 INFO Wrote 12 matching line(s) to /home/eyamrog/PycharmProjects/cl_st1_melina/cl_st1_ph1_melina/corpus/01_now_dataset/02_now_text/24-06-text/24-06-my.txt
2026-08-28 16:11:39,806 INFO Wrote 73 matching line(s) to /home/eyamrog/PycharmProjects/cl_st1_melina/cl_st1_ph1_melina/corpus/01_now_dataset/02_now_text/24-06-text/24-06-ng.txt
2026-08-28 16:11:40,044 INFO Wrote 141 matching line(s) to /home/eyamrog/PycharmProjects/cl_st1_melina/cl_st1_ph1_melina/corpus/01_now_dataset/02_now_text/24-06-text/24-06-nz.txt
2026-08-28 16:11:40,221 INFO Wrote 53 matching line(s) to /home/eyamrog/PycharmProjects/cl_st1_melina/cl_st1_ph1_melina/corpus/01_now_dataset/02_now_text/24-06-text/24-06-ph.txt
2026-08-28 16:11:40,547 INFO Wrote 393 matching line(s) to /home/eyamrog/PycharmProjects/cl_st1_melina/cl_st1_ph1_melina/corpus/01_now_dataset/02_now_text/24-06-text/24-06-pk.txt
2026-08-28 16:11:40,622 INFO Wrote 21 matching line(s) to /home/eyamrog/PycharmProjects/cl_st1_melina/cl_st1_ph1_melina/corpus/01_now_dataset/02_now_text/24-06-text/24-06-sg.txt
2026-08-28 16:11:40,622 INFO No matches found in 24-06-tz.txt; skipping output file
2026-08-28 16:11:41,531 INFO Wrote 299 matching line(s) to /home/eyamrog/PycharmProjects/cl_st1_melina/cl_st1_ph1_melina/corpus/01_now_dataset/02_now_text/24-06-text/24-06-us1.txt
2026-08-28 16:11:42,381 INFO Wrote 311 matching line(s) to /home/eyamrog/PycharmProjects/cl_st1_melina/cl_st1_ph1_melina/corpus/01_now_dataset/02_now_text/24-06-text/24-06-us2.txt
2026-08-28 16:11:43,220 INFO Wrote 272 matching line(s) to /home/eyamrog/PycharmProjects/cl_st1_melina/cl_st1_ph1_melina/corpus/01_now_dataset/02_now_text/24-06-text/24-06-us3.txt
2026-08-28 16:11:44,021 INFO Wrote 262 matching line(s) to /home/eyamrog/PycharmProjects/cl_st1_melina/cl_st1_ph1_melina/corpus/01_now_dataset/02_now_text/24-06-text/24-06-us4.txt
2026-08-28 16:11:44,815 INFO Wrote 253 matching line(s) to /home/eyamrog/PycharmProjects/cl_st1_melina/cl_st1_ph1_melina/corpus/01_now_dataset/02_now_text/24-06-text/24-06-us5.txt
2026-08-28 16:11:45,137 INFO Wrote 38 matching line(s) to /home/eyamrog/PycharmProjects/cl_st1_melina/cl_st1_ph1_melina/corpus/01_now_dataset/02_now_text/24-06-text/24-06-za.txt
2026-08-28 16:11:45,976 INFO Wrote 142 matching line(s) to /home/eyamrog/PycharmProjects/cl_st1_melina/cl_st1_ph1_melina/corpus/01_now_dataset/02_now_text/24-07-text/16-10-au.txt
2026-08-28 16:11:45,994 INFO Wrote 13 matching line(s) to /home/eyamrog/PycharmProjects/cl_st1_melina/cl_st1_ph1_melina/corpus/01_now_dataset/02_now_text/24-07-text/24-07-bd.txt
2026-08-28 16:11:46,783 INFO Wrote 168 matching line(s) to /home/eyamrog/PycharmProjects/cl_st1_melina/cl_st1_ph1_melina/corpus/01_now_dataset/02_now_text/24-07-text/24-07-ca.txt
2026-08-28 16:11:51,139 INFO Wrote 389 matching line(s) to /home/eyamrog/PycharmProjects/cl_st1_melina/cl_st1_ph1_melina/corpus/01_now_dataset/02_now_text/24-07-text/24-07-gb.txt
2026-08-28 16:11:51,324 INFO Wrote 18 matching line(s) to /home/eyamrog/PycharmProjects/cl_st1_melina/cl_st1_ph1_melina/corpus/01_now_dataset/02_now_text/24-07-text/24-07-gh.txt
2026-08-28 16:11:51,396 INFO Wrote 15 matching line(s) to /home/eyamrog/PycharmProjects/cl_st1_melina/cl_st1_ph1_melina/corpus/01_now_dataset/02_now_text/24-07-text/24-07-hk.txt
2026-08-28 16:11:52,088 INFO Wrote 91 matching line(s) to /home/eyamrog/PycharmProjects/cl_st1_melina/cl_st1_ph1_melina/corpus/01_now_dataset/02_now_text/24-07-text/24-07-ie.txt
2026-08-28 16:11:54,987 INFO Wrote 642 matching line(s) to /home/eyamrog/PycharmProjects/cl_st1_melina/cl_st1_ph1_melina/corpus/01_now_dataset/02_now_text/24-07-text/24-07-in.txt
2026-08-28 16:11:55,027 INFO Wrote 7 matching line(s) to /home/eyamrog/PycharmProjects/cl_st1_melina/cl_st1_ph1_melina/corpus/01_now_dataset/02_now_text/24-07-text/24-07-jm.txt
2026-08-28 16:11:55,187 INFO Wrote 23 matching line(s) to /home/eyamrog/PycharmProjects/cl_st1_melina/cl_st1_ph1_melina/corpus/01_now_dataset/02_now_text/24-07-text/24-07-ke.txt
2026-08-28 16:11:55,335 INFO Wrote 27 matching line(s) to /home/eyamrog/PycharmProjects/cl_st1_melina/cl_st1_ph1_melina/corpus/01_now_dataset/02_now_text/24-07-text/24-07-lk.txt
2026-08-28 16:11:55,516 INFO Wrote 80 matching line(s) to /home/eyamrog/PycharmProjects/cl_st1_melina/cl_st1_ph1_melina/corpus/01_now_dataset/02_now_text/24-07-text/24-07-my.txt
2026-08-28 16:11:56,306 INFO Wrote 98 matching line(s) to /home/eyamrog/PycharmProjects/cl_st1_melina/cl_st1_ph1_melina/corpus/01_now_dataset/02_now_text/24-07-text/24-07-ng.txt
2026-08-28 16:11:56,593 INFO Wrote 133 matching line(s) to /home/eyamrog/PycharmProjects/cl_st1_melina/cl_st1_ph1_melina/corpus/01_now_dataset/02_now_text/24-07-text/24-07-nz.txt
2026-08-28 16:11:56,973 INFO Wrote 67 matching line(s) to /home/eyamrog/PycharmProjects/cl_st1_melina/cl_st1_ph1_melina/corpus/01_now_dataset/02_now_text/24-07-text/24-07-ph.txt
2026-08-28 16:11:57,355 INFO Wrote 419 matching line(s) to /home/eyamrog/PycharmProjects/cl_st1_melina/cl_st1_ph1_melina/corpus/01_now_dataset/02_now_text/24-07-text/24-07-pk.txt
2026-08-28 16:11:57,486 INFO Wrote 50 matching line(s) to /home/eyamrog/PycharmProjects/cl_st1_melina/cl_st1_ph1_melina/corpus/01_now_dataset/02_now_text/24-07-text/24-07-sg.txt
2026-08-28 16:11:57,520 INFO Wrote 1 matching line(s) to /home/eyamrog/PycharmProjects/cl_st1_melina/cl_st1_ph1_melina/corpus/01_now_dataset/02_now_text/24-07-text/24-07-tz.txt
2026-08-28 16:11:58,564 INFO Wrote 306 matching line(s) to /home/eyamrog/PycharmProjects/cl_st1_melina/cl_st1_ph1_melina/corpus/01_now_dataset/02_now_text/24-07-text/24-07-us1.txt
2026-08-28 16:11:59,604 INFO Wrote 339 matching line(s) to /home/eyamrog/PycharmProjects/cl_st1_melina/cl_st1_ph1_melina/corpus/01_now_dataset/02_now_text/24-07-text/24-07-us2.txt
2026-08-28 16:12:00,590 INFO Wrote 327 matching line(s) to /home/eyamrog/PycharmProjects/cl_st1_melina/cl_st1_ph1_melina/corpus/01_now_dataset/02_now_text/24-07-text/24-07-us3.txt
2026-08-28 16:12:01,577 INFO Wrote 289 matching line(s) to /home/eyamrog/PycharmProjects/cl_st1_melina/cl_st1_ph1_melina/corpus/01_now_dataset/02_now_text/24-07-text/24-07-us4.txt
2026-08-28 16:12:02,521 INFO Wrote 292 matching line(s) to /home/eyamrog/PycharmProjects/cl_st1_melina/cl_st1_ph1_melina/corpus/01_now_dataset/02_now_text/24-07-text/24-07-us5.txt
2026-08-28 16:12:03,052 INFO Wrote 108 matching line(s) to /home/eyamrog/PycharmProjects/cl_st1_melina/cl_st1_ph1_melina/corpus/01_now_dataset/02_now_text/24-07-text/24-07-za.txt
2026-08-28 16:12:04,036 INFO Wrote 145 matching line(s) to /home/eyamrog/PycharmProjects/cl_st1_melina/cl_st1_ph1_melina/corpus/01_now_dataset/02_now_text/24-08-text/16-10-au.txt
2026-08-28 16:12:04,083 INFO Wrote 6 matching line(s) to /home/eyamrog/PycharmProjects/cl_st1_melina/cl_st1_ph1_melina/corpus/01_now_dataset/02_now_text/24-08-text/24-08-bd.txt
2026-08-28 16:12:05,613 INFO Wrote 208 matching line(s) to /home/eyamrog/PycharmProjects/cl_st1_melina/cl_st1_ph1_melina/corpus/01_now_dataset/02_now_text/24-08-text/24-08-ca.txt
2026-08-28 16:12:08,545 INFO Wrote 350 matching line(s) to /home/eyamrog/PycharmProjects/cl_st1_melina/cl_st1_ph1_melina/corpus/01_now_dataset/02_now_text/24-08-text/24-08-gb.txt
2026-08-28 16:12:08,666 INFO Wrote 14 matching line(s) to /home/eyamrog/PycharmProjects/cl_st1_melina/cl_st1_ph1_melina/corpus/01_now_dataset/02_now_text/24-08-text/24-08-gh.txt
2026-08-28 16:12:08,714 INFO Wrote 12 matching line(s) to /home/eyamrog/PycharmProjects/cl_st1_melina/cl_st1_ph1_melina/corpus/01_now_dataset/02_now_text/24-08-text/24-08-hk.txt
2026-08-28 16:12:09,278 INFO Wrote 94 matching line(s) to /home/eyamrog/PycharmProjects/cl_st1_melina/cl_st1_ph1_melina/corpus/01_now_dataset/02_now_text/24-08-text/24-08-ie.txt
2026-08-28 16:12:12,170 INFO Wrote 667 matching line(s) to /home/eyamrog/PycharmProjects/cl_st1_melina/cl_st1_ph1_melina/corpus/01_now_dataset/02_now_text/24-08-text/24-08-in.txt
2026-08-28 16:12:12,207 INFO Wrote 5 matching line(s) to /home/eyamrog/PycharmProjects/cl_st1_melina/cl_st1_ph1_melina/corpus/01_now_dataset/02_now_text/24-08-text/24-08-jm.txt
2026-08-28 16:12:12,366 INFO Wrote 19 matching line(s) to /home/eyamrog/PycharmProjects/cl_st1_melina/cl_st1_ph1_melina/corpus/01_now_dataset/02_now_text/24-08-text/24-08-ke.txt
2026-08-28 16:12:12,500 INFO Wrote 28 matching line(s) to /home/eyamrog/PycharmProjects/cl_st1_melina/cl_st1_ph1_melina/corpus/01_now_dataset/02_now_text/24-08-text/24-08-lk.txt
2026-08-28 16:12:12,670 INFO Wrote 70 matching line(s) to /home/eyamrog/PycharmProjects/cl_st1_melina/cl_st1_ph1_melina/corpus/01_now_dataset/02_now_text/24-08-text/24-08-my.txt
2026-08-28 16:12:13,450 INFO Wrote 87 matching line(s) to /home/eyamrog/PycharmProjects/cl_st1_melina/cl_st1_ph1_melina/corpus/01_now_dataset/02_now_text/24-08-text/24-08-ng.txt
2026-08-28 16:12:13,730 INFO Wrote 131 matching line(s) to /home/eyamrog/PycharmProjects/cl_st1_melina/cl_st1_ph1_melina/corpus/01_now_dataset/02_now_text/24-08-text/24-08-nz.txt
2026-08-28 16:12:14,073 INFO Wrote 66 matching line(s) to /home/eyamrog/PycharmProjects/cl_st1_melina/cl_st1_ph1_melina/corpus/01_now_dataset/02_now_text/24-08-text/24-08-ph.txt
2026-08-28 16:12:14,433 INFO Wrote 454 matching line(s) to /home/eyamrog/PycharmProjects/cl_st1_melina/cl_st1_ph1_melina/corpus/01_now_dataset/02_now_text/24-08-text/24-08-pk.txt
2026-08-28 16:12:14,544 INFO Wrote 28 matching line(s) to /home/eyamrog/PycharmProjects/cl_st1_melina/cl_st1_ph1_melina/corpus/01_now_dataset/02_now_text/24-08-text/24-08-sg.txt
2026-08-28 16:12:14,583 INFO Wrote 4 matching line(s) to /home/eyamrog/PycharmProjects/cl_st1_melina/cl_st1_ph1_melina/corpus/01_now_dataset/02_now_text/24-08-text/24-08-tz.txt
2026-08-28 16:12:15,481 INFO Wrote 351 matching line(s) to /home/eyamrog/PycharmProjects/cl_st1_melina/cl_st1_ph1_melina/corpus/01_now_dataset/02_now_text/24-08-text/24-08-us1.txt
2026-08-28 16:12:16,400 INFO Wrote 356 matching line(s) to /home/eyamrog/PycharmProjects/cl_st1_melina/cl_st1_ph1_melina/corpus/01_now_dataset/02_now_text/24-08-text/24-08-us2.txt
2026-08-28 16:12:17,265 INFO Wrote 307 matching line(s) to /home/eyamrog/PycharmProjects/cl_st1_melina/cl_st1_ph1_melina/corpus/01_now_dataset/02_now_text/24-08-text/24-08-us3.txt
2026-08-28 16:12:18,146 INFO Wrote 331 matching line(s) to /home/eyamrog/PycharmProjects/cl_st1_melina/cl_st1_ph1_melina/corpus/01_now_dataset/02_now_text/24-08-text/24-08-us4.txt
2026-08-28 16:12:19,401 INFO Wrote 309 matching line(s) to /home/eyamrog/PycharmProjects/cl_st1_melina/cl_st1_ph1_melina/corpus/01_now_dataset/02_now_text/24-08-text/24-08-us5.txt
2026-08-28 16:12:20,719 INFO Wrote 80 matching line(s) to /home/eyamrog/PycharmProjects/cl_st1_melina/cl_st1_ph1_melina/corpus/01_now_dataset/02_now_text/24-08-text/24-08-za.txt
2026-08-28 16:12:21,668 INFO Wrote 147 matching line(s) to /home/eyamrog/PycharmProjects/cl_st1_melina/cl_st1_ph1_melina/corpus/01_now_dataset/02_now_text/24-09-text/16-10-au.txt
2026-08-28 16:12:21,692 INFO Wrote 9 matching line(s) to /home/eyamrog/PycharmProjects/cl_st1_melina/cl_st1_ph1_melina/corpus/01_now_dataset/02_now_text/24-09-text/24-09-bd.txt
2026-08-28 16:12:22,344 INFO Wrote 170 matching line(s) to /home/eyamrog/PycharmProjects/cl_st1_melina/cl_st1_ph1_melina/corpus/01_now_dataset/02_now_text/24-09-text/24-09-ca.txt
2026-08-28 16:12:24,762 INFO Wrote 296 matching line(s) to /home/eyamrog/PycharmProjects/cl_st1_melina/cl_st1_ph1_melina/corpus/01_now_dataset/02_now_text/24-09-text/24-09-gb.txt
2026-08-28 16:12:24,872 INFO Wrote 11 matching line(s) to /home/eyamrog/PycharmProjects/cl_st1_melina/cl_st1_ph1_melina/corpus/01_now_dataset/02_now_text/24-09-text/24-09-gh.txt
2026-08-28 16:12:24,905 INFO Wrote 10 matching line(s) to /home/eyamrog/PycharmProjects/cl_st1_melina/cl_st1_ph1_melina/corpus/01_now_dataset/02_now_text/24-09-text/24-09-hk.txt
2026-08-28 16:12:25,405 INFO Wrote 101 matching line(s) to /home/eyamrog/PycharmProjects/cl_st1_melina/cl_st1_ph1_melina/corpus/01_now_dataset/02_now_text/24-09-text/24-09-ie.txt
2026-08-28 16:12:27,810 INFO Wrote 657 matching line(s) to /home/eyamrog/PycharmProjects/cl_st1_melina/cl_st1_ph1_melina/corpus/01_now_dataset/02_now_text/24-09-text/24-09-in.txt
2026-08-28 16:12:27,854 INFO Wrote 8 matching line(s) to /home/eyamrog/PycharmProjects/cl_st1_melina/cl_st1_ph1_melina/corpus/01_now_dataset/02_now_text/24-09-text/24-09-jm.txt
2026-08-28 16:12:27,980 INFO Wrote 22 matching line(s) to /home/eyamrog/PycharmProjects/cl_st1_melina/cl_st1_ph1_melina/corpus/01_now_dataset/02_now_text/24-09-text/24-09-ke.txt
2026-08-28 16:12:28,090 INFO Wrote 17 matching line(s) to /home/eyamrog/PycharmProjects/cl_st1_melina/cl_st1_ph1_melina/corpus/01_now_dataset/02_now_text/24-09-text/24-09-lk.txt
2026-08-28 16:12:28,243 INFO Wrote 36 matching line(s) to /home/eyamrog/PycharmProjects/cl_st1_melina/cl_st1_ph1_melina/corpus/01_now_dataset/02_now_text/24-09-text/24-09-my.txt
2026-08-28 16:12:28,930 INFO Wrote 67 matching line(s) to /home/eyamrog/PycharmProjects/cl_st1_melina/cl_st1_ph1_melina/corpus/01_now_dataset/02_now_text/24-09-text/24-09-ng.txt
2026-08-28 16:12:29,143 INFO Wrote 114 matching line(s) to /home/eyamrog/PycharmProjects/cl_st1_melina/cl_st1_ph1_melina/corpus/01_now_dataset/02_now_text/24-09-text/24-09-nz.txt
2026-08-28 16:12:29,473 INFO Wrote 60 matching line(s) to /home/eyamrog/PycharmProjects/cl_st1_melina/cl_st1_ph1_melina/corpus/01_now_dataset/02_now_text/24-09-text/24-09-ph.txt
2026-08-28 16:12:29,787 INFO Wrote 313 matching line(s) to /home/eyamrog/PycharmProjects/cl_st1_melina/cl_st1_ph1_melina/corpus/01_now_dataset/02_now_text/24-09-text/24-09-pk.txt
2026-08-28 16:12:29,901 INFO Wrote 25 matching line(s) to /home/eyamrog/PycharmProjects/cl_st1_melina/cl_st1_ph1_melina/corpus/01_now_dataset/02_now_text/24-09-text/24-09-sg.txt
2026-08-28 16:12:29,934 INFO Wrote 3 matching line(s) to /home/eyamrog/PycharmProjects/cl_st1_melina/cl_st1_ph1_melina/corpus/01_now_dataset/02_now_text/24-09-text/24-09-tz.txt
2026-08-28 16:12:30,786 INFO Wrote 249 matching line(s) to /home/eyamrog/PycharmProjects/cl_st1_melina/cl_st1_ph1_melina/corpus/01_now_dataset/02_now_text/24-09-text/24-09-us1.txt
2026-08-28 16:12:31,624 INFO Wrote 267 matching line(s) to /home/eyamrog/PycharmProjects/cl_st1_melina/cl_st1_ph1_melina/corpus/01_now_dataset/02_now_text/24-09-text/24-09-us2.txt
2026-08-28 16:12:32,397 INFO Wrote 265 matching line(s) to /home/eyamrog/PycharmProjects/cl_st1_melina/cl_st1_ph1_melina/corpus/01_now_dataset/02_now_text/24-09-text/24-09-us3.txt
2026-08-28 16:12:33,165 INFO Wrote 245 matching line(s) to /home/eyamrog/PycharmProjects/cl_st1_melina/cl_st1_ph1_melina/corpus/01_now_dataset/02_now_text/24-09-text/24-09-us4.txt
2026-08-28 16:12:34,201 INFO Wrote 265 matching line(s) to /home/eyamrog/PycharmProjects/cl_st1_melina/cl_st1_ph1_melina/corpus/01_now_dataset/02_now_text/24-09-text/24-09-us5.txt
2026-08-28 16:12:35,206 INFO Wrote 44 matching line(s) to /home/eyamrog/PycharmProjects/cl_st1_melina/cl_st1_ph1_melina/corpus/01_now_dataset/02_now_text/24-09-text/24-09-za.txt
2026-08-28 16:12:36,604 INFO Wrote 218 matching line(s) to /home/eyamrog/PycharmProjects/cl_st1_melina/cl_st1_ph1_melina/corpus/01_now_dataset/02_now_text/24-10-text/11-10-au.txt
2026-08-28 16:12:36,633 INFO Wrote 19 matching line(s) to /home/eyamrog/PycharmProjects/cl_st1_melina/cl_st1_ph1_melina/corpus/01_now_dataset/02_now_text/24-10-text/24-10-bd.txt
2026-08-28 16:12:37,413 INFO Wrote 464 matching line(s) to /home/eyamrog/PycharmProjects/cl_st1_melina/cl_st1_ph1_melina/corpus/01_now_dataset/02_now_text/24-10-text/24-10-ca.txt
2026-08-28 16:12:40,249 INFO Wrote 451 matching line(s) to /home/eyamrog/PycharmProjects/cl_st1_melina/cl_st1_ph1_melina/corpus/01_now_dataset/02_now_text/24-10-text/24-10-gb.txt
2026-08-28 16:12:40,379 INFO Wrote 20 matching line(s) to /home/eyamrog/PycharmProjects/cl_st1_melina/cl_st1_ph1_melina/corpus/01_now_dataset/02_now_text/24-10-text/24-10-gh.txt
2026-08-28 16:12:40,428 INFO Wrote 22 matching line(s) to /home/eyamrog/PycharmProjects/cl_st1_melina/cl_st1_ph1_melina/corpus/01_now_dataset/02_now_text/24-10-text/24-10-hk.txt
2026-08-28 16:12:41,010 INFO Wrote 132 matching line(s) to /home/eyamrog/PycharmProjects/cl_st1_melina/cl_st1_ph1_melina/corpus/01_now_dataset/02_now_text/24-10-text/24-10-ie.txt
2026-08-28 16:12:43,721 INFO Wrote 1133 matching line(s) to /home/eyamrog/PycharmProjects/cl_st1_melina/cl_st1_ph1_melina/corpus/01_now_dataset/02_now_text/24-10-text/24-10-in.txt
2026-08-28 16:12:43,764 INFO Wrote 6 matching line(s) to /home/eyamrog/PycharmProjects/cl_st1_melina/cl_st1_ph1_melina/corpus/01_now_dataset/02_now_text/24-10-text/24-10-jm.txt
2026-08-28 16:12:43,899 INFO Wrote 51 matching line(s) to /home/eyamrog/PycharmProjects/cl_st1_melina/cl_st1_ph1_melina/corpus/01_now_dataset/02_now_text/24-10-text/24-10-ke.txt
2026-08-28 16:12:44,016 INFO Wrote 42 matching line(s) to /home/eyamrog/PycharmProjects/cl_st1_melina/cl_st1_ph1_melina/corpus/01_now_dataset/02_now_text/24-10-text/24-10-lk.txt
2026-08-28 16:12:44,192 INFO Wrote 96 matching line(s) to /home/eyamrog/PycharmProjects/cl_st1_melina/cl_st1_ph1_melina/corpus/01_now_dataset/02_now_text/24-10-text/24-10-my.txt
2026-08-28 16:12:44,994 INFO Wrote 115 matching line(s) to /home/eyamrog/PycharmProjects/cl_st1_melina/cl_st1_ph1_melina/corpus/01_now_dataset/02_now_text/24-10-text/24-10-ng.txt
2026-08-28 16:12:45,231 INFO Wrote 158 matching line(s) to /home/eyamrog/PycharmProjects/cl_st1_melina/cl_st1_ph1_melina/corpus/01_now_dataset/02_now_text/24-10-text/24-10-nz.txt
2026-08-28 16:12:45,616 INFO Wrote 109 matching line(s) to /home/eyamrog/PycharmProjects/cl_st1_melina/cl_st1_ph1_melina/corpus/01_now_dataset/02_now_text/24-10-text/24-10-ph.txt
2026-08-28 16:12:45,972 INFO Wrote 479 matching line(s) to /home/eyamrog/PycharmProjects/cl_st1_melina/cl_st1_ph1_melina/corpus/01_now_dataset/02_now_text/24-10-text/24-10-pk.txt
2026-08-28 16:12:46,105 INFO Wrote 48 matching line(s) to /home/eyamrog/PycharmProjects/cl_st1_melina/cl_st1_ph1_melina/corpus/01_now_dataset/02_now_text/24-10-text/24-10-sg.txt
2026-08-28 16:12:46,144 INFO Wrote 9 matching line(s) to /home/eyamrog/PycharmProjects/cl_st1_melina/cl_st1_ph1_melina/corpus/01_now_dataset/02_now_text/24-10-text/24-10-tz.txt
2026-08-28 16:12:47,035 INFO Wrote 361 matching line(s) to /home/eyamrog/PycharmProjects/cl_st1_melina/cl_st1_ph1_melina/corpus/01_now_dataset/02_now_text/24-10-text/24-10-us1.txt
2026-08-28 16:12:47,930 INFO Wrote 363 matching line(s) to /home/eyamrog/PycharmProjects/cl_st1_melina/cl_st1_ph1_melina/corpus/01_now_dataset/02_now_text/24-10-text/24-10-us2.txt
2026-08-28 16:12:49,021 INFO Wrote 345 matching line(s) to /home/eyamrog/PycharmProjects/cl_st1_melina/cl_st1_ph1_melina/corpus/01_now_dataset/02_now_text/24-10-text/24-10-us3.txt
2026-08-28 16:12:50,827 INFO Wrote 404 matching line(s) to /home/eyamrog/PycharmProjects/cl_st1_melina/cl_st1_ph1_melina/corpus/01_now_dataset/02_now_text/24-10-text/24-10-us4.txt
2026-08-28 16:12:51,777 INFO Wrote 334 matching line(s) to /home/eyamrog/PycharmProjects/cl_st1_melina/cl_st1_ph1_melina/corpus/01_now_dataset/02_now_text/24-10-text/24-10-us5.txt
2026-08-28 16:12:52,281 INFO Wrote 106 matching line(s) to /home/eyamrog/PycharmProjects/cl_st1_melina/cl_st1_ph1_melina/corpus/01_now_dataset/02_now_text/24-10-text/24-10-za.txt
2026-08-28 16:12:53,535 INFO Wrote 228 matching line(s) to /home/eyamrog/PycharmProjects/cl_st1_melina/cl_st1_ph1_melina/corpus/01_now_dataset/02_now_text/24-11-text/16-10-au.txt
2026-08-28 16:12:54,798 INFO Wrote 228 matching line(s) to /home/eyamrog/PycharmProjects/cl_st1_melina/cl_st1_ph1_melina/corpus/01_now_dataset/02_now_text/24-11-text/24-11-au.txt
2026-08-28 16:12:54,883 INFO Wrote 37 matching line(s) to /home/eyamrog/PycharmProjects/cl_st1_melina/cl_st1_ph1_melina/corpus/01_now_dataset/02_now_text/24-11-text/24-11-bd.txt
2026-08-28 16:12:56,509 INFO Wrote 378 matching line(s) to /home/eyamrog/PycharmProjects/cl_st1_melina/cl_st1_ph1_melina/corpus/01_now_dataset/02_now_text/24-11-text/24-11-ca.txt
2026-08-28 16:13:01,480 INFO Wrote 1186 matching line(s) to /home/eyamrog/PycharmProjects/cl_st1_melina/cl_st1_ph1_melina/corpus/01_now_dataset/02_now_text/24-11-text/24-11-gb.txt
2026-08-28 16:13:01,638 INFO Wrote 17 matching line(s) to /home/eyamrog/PycharmProjects/cl_st1_melina/cl_st1_ph1_melina/corpus/01_now_dataset/02_now_text/24-11-text/24-11-gh.txt
2026-08-28 16:13:01,735 INFO Wrote 38 matching line(s) to /home/eyamrog/PycharmProjects/cl_st1_melina/cl_st1_ph1_melina/corpus/01_now_dataset/02_now_text/24-11-text/24-11-hk.txt
2026-08-28 16:13:03,098 INFO Wrote 535 matching line(s) to /home/eyamrog/PycharmProjects/cl_st1_melina/cl_st1_ph1_melina/corpus/01_now_dataset/02_now_text/24-11-text/24-11-ie.txt
2026-08-28 16:13:08,023 INFO Wrote 841 matching line(s) to /home/eyamrog/PycharmProjects/cl_st1_melina/cl_st1_ph1_melina/corpus/01_now_dataset/02_now_text/24-11-text/24-11-in.txt
2026-08-28 16:13:08,054 INFO Wrote 5 matching line(s) to /home/eyamrog/PycharmProjects/cl_st1_melina/cl_st1_ph1_melina/corpus/01_now_dataset/02_now_text/24-11-text/24-11-jm.txt
2026-08-28 16:13:08,310 INFO Wrote 56 matching line(s) to /home/eyamrog/PycharmProjects/cl_st1_melina/cl_st1_ph1_melina/corpus/01_now_dataset/02_now_text/24-11-text/24-11-ke.txt
2026-08-28 16:13:08,434 INFO Wrote 25 matching line(s) to /home/eyamrog/PycharmProjects/cl_st1_melina/cl_st1_ph1_melina/corpus/01_now_dataset/02_now_text/24-11-text/24-11-lk.txt
2026-08-28 16:13:08,706 INFO Wrote 85 matching line(s) to /home/eyamrog/PycharmProjects/cl_st1_melina/cl_st1_ph1_melina/corpus/01_now_dataset/02_now_text/24-11-text/24-11-my.txt
2026-08-28 16:13:09,705 INFO Wrote 189 matching line(s) to /home/eyamrog/PycharmProjects/cl_st1_melina/cl_st1_ph1_melina/corpus/01_now_dataset/02_now_text/24-11-text/24-11-ng.txt
2026-08-28 16:13:10,217 INFO Wrote 144 matching line(s) to /home/eyamrog/PycharmProjects/cl_st1_melina/cl_st1_ph1_melina/corpus/01_now_dataset/02_now_text/24-11-text/24-11-nz.txt
2026-08-28 16:13:10,664 INFO Wrote 113 matching line(s) to /home/eyamrog/PycharmProjects/cl_st1_melina/cl_st1_ph1_melina/corpus/01_now_dataset/02_now_text/24-11-text/24-11-ph.txt
2026-08-28 16:13:11,064 INFO Wrote 440 matching line(s) to /home/eyamrog/PycharmProjects/cl_st1_melina/cl_st1_ph1_melina/corpus/01_now_dataset/02_now_text/24-11-text/24-11-pk.txt
2026-08-28 16:13:11,538 INFO Wrote 139 matching line(s) to /home/eyamrog/PycharmProjects/cl_st1_melina/cl_st1_ph1_melina/corpus/01_now_dataset/02_now_text/24-11-text/24-11-sg.txt
2026-08-28 16:13:11,599 INFO Wrote 8 matching line(s) to /home/eyamrog/PycharmProjects/cl_st1_melina/cl_st1_ph1_melina/corpus/01_now_dataset/02_now_text/24-11-text/24-11-tz.txt
2026-08-28 16:13:12,983 INFO Wrote 328 matching line(s) to /home/eyamrog/PycharmProjects/cl_st1_melina/cl_st1_ph1_melina/corpus/01_now_dataset/02_now_text/24-11-text/24-11-us1.txt
2026-08-28 16:13:14,321 INFO Wrote 288 matching line(s) to /home/eyamrog/PycharmProjects/cl_st1_melina/cl_st1_ph1_melina/corpus/01_now_dataset/02_now_text/24-11-text/24-11-us2.txt
2026-08-28 16:13:15,607 INFO Wrote 369 matching line(s) to /home/eyamrog/PycharmProjects/cl_st1_melina/cl_st1_ph1_melina/corpus/01_now_dataset/02_now_text/24-11-text/24-11-us3.txt
2026-08-28 16:13:16,912 INFO Wrote 370 matching line(s) to /home/eyamrog/PycharmProjects/cl_st1_melina/cl_st1_ph1_melina/corpus/01_now_dataset/02_now_text/24-11-text/24-11-us4.txt
2026-08-28 16:13:18,101 INFO Wrote 259 matching line(s) to /home/eyamrog/PycharmProjects/cl_st1_melina/cl_st1_ph1_melina/corpus/01_now_dataset/02_now_text/24-11-text/24-11-us5.txt
2026-08-28 16:13:18,837 INFO Wrote 133 matching line(s) to /home/eyamrog/PycharmProjects/cl_st1_melina/cl_st1_ph1_melina/corpus/01_now_dataset/02_now_text/24-11-text/24-11-za.txt
2026-08-28 16:13:21,081 INFO Wrote 224 matching line(s) to /home/eyamrog/PycharmProjects/cl_st1_melina/cl_st1_ph1_melina/corpus/01_now_dataset/02_now_text/24-12-text/24-12-au.txt
2026-08-28 16:13:21,254 INFO Wrote 24 matching line(s) to /home/eyamrog/PycharmProjects/cl_st1_melina/cl_st1_ph1_melina/corpus/01_now_dataset/02_now_text/24-12-text/24-12-bd.txt
2026-08-28 16:13:22,769 INFO Wrote 324 matching line(s) to /home/eyamrog/PycharmProjects/cl_st1_melina/cl_st1_ph1_melina/corpus/01_now_dataset/02_now_text/24-12-text/24-12-ca.txt
2026-08-28 16:13:27,580 INFO Wrote 859 matching line(s) to /home/eyamrog/PycharmProjects/cl_st1_melina/cl_st1_ph1_melina/corpus/01_now_dataset/02_now_text/24-12-text/24-12-gb.txt
2026-08-28 16:13:27,736 INFO Wrote 2 matching line(s) to /home/eyamrog/PycharmProjects/cl_st1_melina/cl_st1_ph1_melina/corpus/01_now_dataset/02_now_text/24-12-text/24-12-gh.txt
2026-08-28 16:13:27,807 INFO Wrote 9 matching line(s) to /home/eyamrog/PycharmProjects/cl_st1_melina/cl_st1_ph1_melina/corpus/01_now_dataset/02_now_text/24-12-text/24-12-hk.txt
2026-08-28 16:13:28,912 INFO Wrote 449 matching line(s) to /home/eyamrog/PycharmProjects/cl_st1_melina/cl_st1_ph1_melina/corpus/01_now_dataset/02_now_text/24-12-text/24-12-ie.txt
2026-08-28 16:13:32,476 INFO Wrote 645 matching line(s) to /home/eyamrog/PycharmProjects/cl_st1_melina/cl_st1_ph1_melina/corpus/01_now_dataset/02_now_text/24-12-text/24-12-in.txt
2026-08-28 16:13:32,506 INFO Wrote 4 matching line(s) to /home/eyamrog/PycharmProjects/cl_st1_melina/cl_st1_ph1_melina/corpus/01_now_dataset/02_now_text/24-12-text/24-12-jm.txt
2026-08-28 16:13:32,718 INFO Wrote 51 matching line(s) to /home/eyamrog/PycharmProjects/cl_st1_melina/cl_st1_ph1_melina/corpus/01_now_dataset/02_now_text/24-12-text/24-12-ke.txt
2026-08-28 16:13:32,852 INFO Wrote 26 matching line(s) to /home/eyamrog/PycharmProjects/cl_st1_melina/cl_st1_ph1_melina/corpus/01_now_dataset/02_now_text/24-12-text/24-12-lk.txt
2026-08-28 16:13:33,101 INFO Wrote 44 matching line(s) to /home/eyamrog/PycharmProjects/cl_st1_melina/cl_st1_ph1_melina/corpus/01_now_dataset/02_now_text/24-12-text/24-12-my.txt
2026-08-28 16:13:34,377 INFO Wrote 74 matching line(s) to /home/eyamrog/PycharmProjects/cl_st1_melina/cl_st1_ph1_melina/corpus/01_now_dataset/02_now_text/24-12-text/24-12-ng.txt
2026-08-28 16:13:35,532 INFO Wrote 113 matching line(s) to /home/eyamrog/PycharmProjects/cl_st1_melina/cl_st1_ph1_melina/corpus/01_now_dataset/02_now_text/24-12-text/24-12-nz.txt
2026-08-28 16:13:36,099 INFO Wrote 76 matching line(s) to /home/eyamrog/PycharmProjects/cl_st1_melina/cl_st1_ph1_melina/corpus/01_now_dataset/02_now_text/24-12-text/24-12-ph.txt
2026-08-28 16:13:36,547 INFO Wrote 305 matching line(s) to /home/eyamrog/PycharmProjects/cl_st1_melina/cl_st1_ph1_melina/corpus/01_now_dataset/02_now_text/24-12-text/24-12-pk.txt
2026-08-28 16:13:36,930 INFO Wrote 77 matching line(s) to /home/eyamrog/PycharmProjects/cl_st1_melina/cl_st1_ph1_melina/corpus/01_now_dataset/02_now_text/24-12-text/24-12-sg.txt
2026-08-28 16:13:36,995 INFO Wrote 2 matching line(s) to /home/eyamrog/PycharmProjects/cl_st1_melina/cl_st1_ph1_melina/corpus/01_now_dataset/02_now_text/24-12-text/24-12-tz.txt
2026-08-28 16:13:38,322 INFO Wrote 239 matching line(s) to /home/eyamrog/PycharmProjects/cl_st1_melina/cl_st1_ph1_melina/corpus/01_now_dataset/02_now_text/24-12-text/24-12-us1.txt
2026-08-28 16:13:39,616 INFO Wrote 229 matching line(s) to /home/eyamrog/PycharmProjects/cl_st1_melina/cl_st1_ph1_melina/corpus/01_now_dataset/02_now_text/24-12-text/24-12-us2.txt
2026-08-28 16:13:40,842 INFO Wrote 227 matching line(s) to /home/eyamrog/PycharmProjects/cl_st1_melina/cl_st1_ph1_melina/corpus/01_now_dataset/02_now_text/24-12-text/24-12-us3.txt
2026-08-28 16:13:42,102 INFO Wrote 221 matching line(s) to /home/eyamrog/PycharmProjects/cl_st1_melina/cl_st1_ph1_melina/corpus/01_now_dataset/02_now_text/24-12-text/24-12-us4.txt
2026-08-28 16:13:43,377 INFO Wrote 226 matching line(s) to /home/eyamrog/PycharmProjects/cl_st1_melina/cl_st1_ph1_melina/corpus/01_now_dataset/02_now_text/24-12-text/24-12-us5.txt
2026-08-28 16:13:43,872 INFO Wrote 71 matching line(s) to /home/eyamrog/PycharmProjects/cl_st1_melina/cl_st1_ph1_melina/corpus/01_now_dataset/02_now_text/24-12-text/24-12-za.txt
2026-08-28 16:13:44,892 INFO Wrote 13 matching line(s) to /home/eyamrog/PycharmProjects/cl_st1_melina/cl_st1_ph1_melina/corpus/01_now_dataset/02_now_text/text-16-11/text_16-11-AU.txt
2026-08-28 16:13:44,955 INFO Wrote 4 matching line(s) to /home/eyamrog/PycharmProjects/cl_st1_melina/cl_st1_ph1_melina/corpus/01_now_dataset/02_now_text/text-16-11/text_16-11-BD.txt
2026-08-28 16:13:46,147 INFO Wrote 4 matching line(s) to /home/eyamrog/PycharmProjects/cl_st1_melina/cl_st1_ph1_melina/corpus/01_now_dataset/02_now_text/text-16-11/text_16-11-CA.txt
2026-08-28 16:13:47,264 INFO Wrote 26 matching line(s) to /home/eyamrog/PycharmProjects/cl_st1_melina/cl_st1_ph1_melina/corpus/01_now_dataset/02_now_text/text-16-11/text_16-11-GB.txt
2026-08-28 16:13:47,537 INFO Wrote 5 matching line(s) to /home/eyamrog/PycharmProjects/cl_st1_melina/cl_st1_ph1_melina/corpus/01_now_dataset/02_now_text/text-16-11/text_16-11-GH.txt
2026-08-28 16:13:47,598 INFO No matches found in text_16-11-HK.txt; skipping output file
2026-08-28 16:13:48,544 INFO Wrote 9 matching line(s) to /home/eyamrog/PycharmProjects/cl_st1_melina/cl_st1_ph1_melina/corpus/01_now_dataset/02_now_text/text-16-11/text_16-11-IE.txt
2026-08-28 16:13:51,393 INFO Wrote 5 matching line(s) to /home/eyamrog/PycharmProjects/cl_st1_melina/cl_st1_ph1_melina/corpus/01_now_dataset/02_now_text/text-16-11/text_16-11-IN.txt
2026-08-28 16:13:51,437 INFO Wrote 2 matching line(s) to /home/eyamrog/PycharmProjects/cl_st1_melina/cl_st1_ph1_melina/corpus/01_now_dataset/02_now_text/text-16-11/text_16-11-JM.txt
2026-08-28 16:13:51,666 INFO Wrote 3 matching line(s) to /home/eyamrog/PycharmProjects/cl_st1_melina/cl_st1_ph1_melina/corpus/01_now_dataset/02_now_text/text-16-11/text_16-11-KE.txt
2026-08-28 16:13:51,773 INFO No matches found in text_16-11-LK.txt; skipping output file
2026-08-28 16:13:52,089 INFO Wrote 10 matching line(s) to /home/eyamrog/PycharmProjects/cl_st1_melina/cl_st1_ph1_melina/corpus/01_now_dataset/02_now_text/text-16-11/text_16-11-MY.txt
2026-08-28 16:13:53,008 INFO Wrote 10 matching line(s) to /home/eyamrog/PycharmProjects/cl_st1_melina/cl_st1_ph1_melina/corpus/01_now_dataset/02_now_text/text-16-11/text_16-11-NG.txt
2026-08-28 16:13:53,647 INFO Wrote 16 matching line(s) to /home/eyamrog/PycharmProjects/cl_st1_melina/cl_st1_ph1_melina/corpus/01_now_dataset/02_now_text/text-16-11/text_16-11-NZ.txt
2026-08-28 16:13:54,135 INFO Wrote 5 matching line(s) to /home/eyamrog/PycharmProjects/cl_st1_melina/cl_st1_ph1_melina/corpus/01_now_dataset/02_now_text/text-16-11/text_16-11-PH.txt
2026-08-28 16:13:54,589 INFO Wrote 17 matching line(s) to /home/eyamrog/PycharmProjects/cl_st1_melina/cl_st1_ph1_melina/corpus/01_now_dataset/02_now_text/text-16-11/text_16-11-PK.txt
2026-08-28 16:13:55,094 INFO Wrote 12 matching line(s) to /home/eyamrog/PycharmProjects/cl_st1_melina/cl_st1_ph1_melina/corpus/01_now_dataset/02_now_text/text-16-11/text_16-11-SG.txt
2026-08-28 16:13:55,099 INFO No matches found in text_16-11-TZ.txt; skipping output file
2026-08-28 16:13:56,307 INFO Wrote 25 matching line(s) to /home/eyamrog/PycharmProjects/cl_st1_melina/cl_st1_ph1_melina/corpus/01_now_dataset/02_now_text/text-16-11/text_16-11-US.txt
2026-08-28 16:13:56,910 INFO Wrote 10 matching line(s) to /home/eyamrog/PycharmProjects/cl_st1_melina/cl_st1_ph1_melina/corpus/01_now_dataset/02_now_text/text-16-11/text_16-11-ZA.txt
2026-08-28 16:13:57,856 INFO Wrote 13 matching line(s) to /home/eyamrog/PycharmProjects/cl_st1_melina/cl_st1_ph1_melina/corpus/01_now_dataset/02_now_text/text-16-12/text_16-12-AU.txt
2026-08-28 16:13:57,908 INFO Wrote 1 matching line(s) to /home/eyamrog/PycharmProjects/cl_st1_melina/cl_st1_ph1_melina/corpus/01_now_dataset/02_now_text/text-16-12/text_16-12-BD.txt
2026-08-28 16:13:59,041 INFO Wrote 14 matching line(s) to /home/eyamrog/PycharmProjects/cl_st1_melina/cl_st1_ph1_melina/corpus/01_now_dataset/02_now_text/text-16-12/text_16-12-CA.txt
2026-08-28 16:14:00,145 INFO Wrote 39 matching line(s) to /home/eyamrog/PycharmProjects/cl_st1_melina/cl_st1_ph1_melina/corpus/01_now_dataset/02_now_text/text-16-12/text_16-12-GB.txt
2026-08-28 16:14:00,363 INFO Wrote 5 matching line(s) to /home/eyamrog/PycharmProjects/cl_st1_melina/cl_st1_ph1_melina/corpus/01_now_dataset/02_now_text/text-16-12/text_16-12-GH.txt
2026-08-28 16:14:00,424 INFO No matches found in text_16-12-HK.txt; skipping output file
2026-08-28 16:14:01,377 INFO Wrote 6 matching line(s) to /home/eyamrog/PycharmProjects/cl_st1_melina/cl_st1_ph1_melina/corpus/01_now_dataset/02_now_text/text-16-12/text_16-12-IE.txt
2026-08-28 16:14:02,696 INFO Wrote 6 matching line(s) to /home/eyamrog/PycharmProjects/cl_st1_melina/cl_st1_ph1_melina/corpus/01_now_dataset/02_now_text/text-16-12/text_16-12-IN.txt
2026-08-28 16:14:02,738 INFO Wrote 2 matching line(s) to /home/eyamrog/PycharmProjects/cl_st1_melina/cl_st1_ph1_melina/corpus/01_now_dataset/02_now_text/text-16-12/text_16-12-JM.txt
2026-08-28 16:14:02,958 INFO Wrote 4 matching line(s) to /home/eyamrog/PycharmProjects/cl_st1_melina/cl_st1_ph1_melina/corpus/01_now_dataset/02_now_text/text-16-12/text_16-12-KE.txt
2026-08-28 16:14:03,067 INFO Wrote 1 matching line(s) to /home/eyamrog/PycharmProjects/cl_st1_melina/cl_st1_ph1_melina/corpus/01_now_dataset/02_now_text/text-16-12/text_16-12-LK.txt
2026-08-28 16:14:03,451 INFO Wrote 21 matching line(s) to /home/eyamrog/PycharmProjects/cl_st1_melina/cl_st1_ph1_melina/corpus/01_now_dataset/02_now_text/text-16-12/text_16-12-MY.txt
2026-08-28 16:14:05,296 INFO Wrote 6 matching line(s) to /home/eyamrog/PycharmProjects/cl_st1_melina/cl_st1_ph1_melina/corpus/01_now_dataset/02_now_text/text-16-12/text_16-12-NG.txt
2026-08-28 16:14:06,425 INFO Wrote 15 matching line(s) to /home/eyamrog/PycharmProjects/cl_st1_melina/cl_st1_ph1_melina/corpus/01_now_dataset/02_now_text/text-16-12/text_16-12-NZ.txt
2026-08-28 16:14:06,988 INFO Wrote 2 matching line(s) to /home/eyamrog/PycharmProjects/cl_st1_melina/cl_st1_ph1_melina/corpus/01_now_dataset/02_now_text/text-16-12/text_16-12-PH.txt
2026-08-28 16:14:07,509 INFO Wrote 19 matching line(s) to /home/eyamrog/PycharmProjects/cl_st1_melina/cl_st1_ph1_melina/corpus/01_now_dataset/02_now_text/text-16-12/text_16-12-PK.txt
2026-08-28 16:14:08,005 INFO Wrote 5 matching line(s) to /home/eyamrog/PycharmProjects/cl_st1_melina/cl_st1_ph1_melina/corpus/01_now_dataset/02_now_text/text-16-12/text_16-12-SG.txt
2026-08-28 16:14:08,010 INFO No matches found in text_16-12-TZ.txt; skipping output file
2026-08-28 16:14:09,607 INFO Wrote 48 matching line(s) to /home/eyamrog/PycharmProjects/cl_st1_melina/cl_st1_ph1_melina/corpus/01_now_dataset/02_now_text/text-16-12/text_16-12-US.txt
2026-08-28 16:14:10,313 INFO Wrote 11 matching line(s) to /home/eyamrog/PycharmProjects/cl_st1_melina/cl_st1_ph1_melina/corpus/01_now_dataset/02_now_text/text-16-12/text_16-12-ZA.txt
2026-08-28 16:14:11,334 INFO Wrote 20 matching line(s) to /home/eyamrog/PycharmProjects/cl_st1_melina/cl_st1_ph1_melina/corpus/01_now_dataset/02_now_text/text-17-01/text_17-01-AU.txt
2026-08-28 16:14:11,381 INFO Wrote 1 matching line(s) to /home/eyamrog/PycharmProjects/cl_st1_melina/cl_st1_ph1_melina/corpus/01_now_dataset/02_now_text/text-17-01/text_17-01-BD.txt
2026-08-28 16:14:12,610 INFO Wrote 18 matching line(s) to /home/eyamrog/PycharmProjects/cl_st1_melina/cl_st1_ph1_melina/corpus/01_now_dataset/02_now_text/text-17-01/text_17-01-CA.txt
2026-08-28 16:14:13,918 INFO Wrote 31 matching line(s) to /home/eyamrog/PycharmProjects/cl_st1_melina/cl_st1_ph1_melina/corpus/01_now_dataset/02_now_text/text-17-01/text_17-01-GB.txt
2026-08-28 16:14:14,223 INFO Wrote 9 matching line(s) to /home/eyamrog/PycharmProjects/cl_st1_melina/cl_st1_ph1_melina/corpus/01_now_dataset/02_now_text/text-17-01/text_17-01-GH.txt
2026-08-28 16:14:14,281 INFO No matches found in text_17-01-HK.txt; skipping output file
2026-08-28 16:14:15,642 INFO Wrote 7 matching line(s) to /home/eyamrog/PycharmProjects/cl_st1_melina/cl_st1_ph1_melina/corpus/01_now_dataset/02_now_text/text-17-01/text_17-01-IE.txt
2026-08-28 16:14:16,992 INFO Wrote 20 matching line(s) to /home/eyamrog/PycharmProjects/cl_st1_melina/cl_st1_ph1_melina/corpus/01_now_dataset/02_now_text/text-17-01/text_17-01-IN.txt
2026-08-28 16:14:17,027 INFO Wrote 1 matching line(s) to /home/eyamrog/PycharmProjects/cl_st1_melina/cl_st1_ph1_melina/corpus/01_now_dataset/02_now_text/text-17-01/text_17-01-JM.txt
2026-08-28 16:14:17,253 INFO Wrote 1 matching line(s) to /home/eyamrog/PycharmProjects/cl_st1_melina/cl_st1_ph1_melina/corpus/01_now_dataset/02_now_text/text-17-01/text_17-01-KE.txt
2026-08-28 16:14:17,352 INFO Wrote 1 matching line(s) to /home/eyamrog/PycharmProjects/cl_st1_melina/cl_st1_ph1_melina/corpus/01_now_dataset/02_now_text/text-17-01/text_17-01-LK.txt
2026-08-28 16:14:17,758 INFO Wrote 21 matching line(s) to /home/eyamrog/PycharmProjects/cl_st1_melina/cl_st1_ph1_melina/corpus/01_now_dataset/02_now_text/text-17-01/text_17-01-MY.txt
2026-08-28 16:14:18,553 INFO Wrote 9 matching line(s) to /home/eyamrog/PycharmProjects/cl_st1_melina/cl_st1_ph1_melina/corpus/01_now_dataset/02_now_text/text-17-01/text_17-01-NG.txt
2026-08-28 16:14:19,098 INFO Wrote 21 matching line(s) to /home/eyamrog/PycharmProjects/cl_st1_melina/cl_st1_ph1_melina/corpus/01_now_dataset/02_now_text/text-17-01/text_17-01-NZ.txt
2026-08-28 16:14:19,680 INFO Wrote 2 matching line(s) to /home/eyamrog/PycharmProjects/cl_st1_melina/cl_st1_ph1_melina/corpus/01_now_dataset/02_now_text/text-17-01/text_17-01-PH.txt
2026-08-28 16:14:20,353 INFO Wrote 24 matching line(s) to /home/eyamrog/PycharmProjects/cl_st1_melina/cl_st1_ph1_melina/corpus/01_now_dataset/02_now_text/text-17-01/text_17-01-PK.txt
2026-08-28 16:14:20,943 INFO Wrote 11 matching line(s) to /home/eyamrog/PycharmProjects/cl_st1_melina/cl_st1_ph1_melina/corpus/01_now_dataset/02_now_text/text-17-01/text_17-01-SG.txt
2026-08-28 16:14:20,946 INFO No matches found in text_17-01-TZ.txt; skipping output file
2026-08-28 16:14:22,240 INFO Wrote 47 matching line(s) to /home/eyamrog/PycharmProjects/cl_st1_melina/cl_st1_ph1_melina/corpus/01_now_dataset/02_now_text/text-17-01/text_17-01-US.txt
2026-08-28 16:14:22,803 INFO Wrote 22 matching line(s) to /home/eyamrog/PycharmProjects/cl_st1_melina/cl_st1_ph1_melina/corpus/01_now_dataset/02_now_text/text-17-01/text_17-01-ZA.txt
2026-08-28 16:14:23,616 INFO Wrote 19 matching line(s) to /home/eyamrog/PycharmProjects/cl_st1_melina/cl_st1_ph1_melina/corpus/01_now_dataset/02_now_text/text-17-02/text_17-02-AU.txt
2026-08-28 16:14:23,649 INFO Wrote 2 matching line(s) to /home/eyamrog/PycharmProjects/cl_st1_melina/cl_st1_ph1_melina/corpus/01_now_dataset/02_now_text/text-17-02/text_17-02-BD.txt
2026-08-28 16:14:24,710 INFO Wrote 15 matching line(s) to /home/eyamrog/PycharmProjects/cl_st1_melina/cl_st1_ph1_melina/corpus/01_now_dataset/02_now_text/text-17-02/text_17-02-CA.txt
2026-08-28 16:14:25,767 INFO Wrote 27 matching line(s) to /home/eyamrog/PycharmProjects/cl_st1_melina/cl_st1_ph1_melina/corpus/01_now_dataset/02_now_text/text-17-02/text_17-02-GB.txt
2026-08-28 16:14:26,024 INFO Wrote 14 matching line(s) to /home/eyamrog/PycharmProjects/cl_st1_melina/cl_st1_ph1_melina/corpus/01_now_dataset/02_now_text/text-17-02/text_17-02-GH.txt
2026-08-28 16:14:26,075 INFO No matches found in text_17-02-HK.txt; skipping output file
2026-08-28 16:14:26,527 INFO Wrote 3 matching line(s) to /home/eyamrog/PycharmProjects/cl_st1_melina/cl_st1_ph1_melina/corpus/01_now_dataset/02_now_text/text-17-02/text_17-02-IE.txt
2026-08-28 16:14:27,610 INFO Wrote 7 matching line(s) to /home/eyamrog/PycharmProjects/cl_st1_melina/cl_st1_ph1_melina/corpus/01_now_dataset/02_now_text/text-17-02/text_17-02-IN.txt
2026-08-28 16:14:27,656 INFO Wrote 5 matching line(s) to /home/eyamrog/PycharmProjects/cl_st1_melina/cl_st1_ph1_melina/corpus/01_now_dataset/02_now_text/text-17-02/text_17-02-JM.txt
2026-08-28 16:14:27,874 INFO Wrote 3 matching line(s) to /home/eyamrog/PycharmProjects/cl_st1_melina/cl_st1_ph1_melina/corpus/01_now_dataset/02_now_text/text-17-02/text_17-02-KE.txt
2026-08-28 16:14:27,962 INFO No matches found in text_17-02-LK.txt; skipping output file
2026-08-28 16:14:28,360 INFO Wrote 35 matching line(s) to /home/eyamrog/PycharmProjects/cl_st1_melina/cl_st1_ph1_melina/corpus/01_now_dataset/02_now_text/text-17-02/text_17-02-MY.txt
2026-08-28 16:14:28,956 INFO Wrote 6 matching line(s) to /home/eyamrog/PycharmProjects/cl_st1_melina/cl_st1_ph1_melina/corpus/01_now_dataset/02_now_text/text-17-02/text_17-02-NG.txt
2026-08-28 16:14:29,505 INFO Wrote 11 matching line(s) to /home/eyamrog/PycharmProjects/cl_st1_melina/cl_st1_ph1_melina/corpus/01_now_dataset/02_now_text/text-17-02/text_17-02-NZ.txt
2026-08-28 16:14:29,825 INFO Wrote 2 matching line(s) to /home/eyamrog/PycharmProjects/cl_st1_melina/cl_st1_ph1_melina/corpus/01_now_dataset/02_now_text/text-17-02/text_17-02-PH.txt
2026-08-28 16:14:30,083 INFO Wrote 14 matching line(s) to /home/eyamrog/PycharmProjects/cl_st1_melina/cl_st1_ph1_melina/corpus/01_now_dataset/02_now_text/text-17-02/text_17-02-PK.txt
2026-08-28 16:14:30,552 INFO Wrote 19 matching line(s) to /home/eyamrog/PycharmProjects/cl_st1_melina/cl_st1_ph1_melina/corpus/01_now_dataset/02_now_text/text-17-02/text_17-02-SG.txt
2026-08-28 16:14:30,558 INFO No matches found in text_17-02-TZ.txt; skipping output file
2026-08-28 16:14:31,735 INFO Wrote 33 matching line(s) to /home/eyamrog/PycharmProjects/cl_st1_melina/cl_st1_ph1_melina/corpus/01_now_dataset/02_now_text/text-17-02/text_17-02-US.txt
2026-08-28 16:14:32,162 INFO Wrote 13 matching line(s) to /home/eyamrog/PycharmProjects/cl_st1_melina/cl_st1_ph1_melina/corpus/01_now_dataset/02_now_text/text-17-02/text_17-02-ZA.txt
2026-08-28 16:14:33,193 INFO Wrote 17 matching line(s) to /home/eyamrog/PycharmProjects/cl_st1_melina/cl_st1_ph1_melina/corpus/01_now_dataset/02_now_text/text-17-03/text_17-03-AU.txt
2026-08-28 16:14:33,235 INFO No matches found in text_17-03-BD.txt; skipping output file
2026-08-28 16:14:35,001 INFO Wrote 22 matching line(s) to /home/eyamrog/PycharmProjects/cl_st1_melina/cl_st1_ph1_melina/corpus/01_now_dataset/02_now_text/text-17-03/text_17-03-CA.txt
2026-08-28 16:14:36,491 INFO Wrote 26 matching line(s) to /home/eyamrog/PycharmProjects/cl_st1_melina/cl_st1_ph1_melina/corpus/01_now_dataset/02_now_text/text-17-03/text_17-03-GB.txt
2026-08-28 16:14:36,706 INFO Wrote 5 matching line(s) to /home/eyamrog/PycharmProjects/cl_st1_melina/cl_st1_ph1_melina/corpus/01_now_dataset/02_now_text/text-17-03/text_17-03-GH.txt
2026-08-28 16:14:36,777 INFO Wrote 1 matching line(s) to /home/eyamrog/PycharmProjects/cl_st1_melina/cl_st1_ph1_melina/corpus/01_now_dataset/02_now_text/text-17-03/text_17-03-HK.txt
2026-08-28 16:14:37,878 INFO Wrote 4 matching line(s) to /home/eyamrog/PycharmProjects/cl_st1_melina/cl_st1_ph1_melina/corpus/01_now_dataset/02_now_text/text-17-03/text_17-03-IE.txt
2026-08-28 16:14:39,149 INFO Wrote 11 matching line(s) to /home/eyamrog/PycharmProjects/cl_st1_melina/cl_st1_ph1_melina/corpus/01_now_dataset/02_now_text/text-17-03/text_17-03-IN.txt
2026-08-28 16:14:39,241 INFO Wrote 8 matching line(s) to /home/eyamrog/PycharmProjects/cl_st1_melina/cl_st1_ph1_melina/corpus/01_now_dataset/02_now_text/text-17-03/text_17-03-JM.txt
2026-08-28 16:14:39,496 INFO Wrote 1 matching line(s) to /home/eyamrog/PycharmProjects/cl_st1_melina/cl_st1_ph1_melina/corpus/01_now_dataset/02_now_text/text-17-03/text_17-03-KE.txt
2026-08-28 16:14:39,604 INFO Wrote 5 matching line(s) to /home/eyamrog/PycharmProjects/cl_st1_melina/cl_st1_ph1_melina/corpus/01_now_dataset/02_now_text/text-17-03/text_17-03-LK.txt
2026-08-28 16:14:40,121 INFO Wrote 30 matching line(s) to /home/eyamrog/PycharmProjects/cl_st1_melina/cl_st1_ph1_melina/corpus/01_now_dataset/02_now_text/text-17-03/text_17-03-MY.txt
2026-08-28 16:14:41,075 INFO Wrote 6 matching line(s) to /home/eyamrog/PycharmProjects/cl_st1_melina/cl_st1_ph1_melina/corpus/01_now_dataset/02_now_text/text-17-03/text_17-03-NG.txt
2026-08-28 16:14:41,827 INFO Wrote 7 matching line(s) to /home/eyamrog/PycharmProjects/cl_st1_melina/cl_st1_ph1_melina/corpus/01_now_dataset/02_now_text/text-17-03/text_17-03-NZ.txt
2026-08-28 16:14:42,384 INFO Wrote 2 matching line(s) to /home/eyamrog/PycharmProjects/cl_st1_melina/cl_st1_ph1_melina/corpus/01_now_dataset/02_now_text/text-17-03/text_17-03-PH.txt
2026-08-28 16:14:42,901 INFO Wrote 27 matching line(s) to /home/eyamrog/PycharmProjects/cl_st1_melina/cl_st1_ph1_melina/corpus/01_now_dataset/02_now_text/text-17-03/text_17-03-PK.txt
2026-08-28 16:14:43,510 INFO Wrote 18 matching line(s) to /home/eyamrog/PycharmProjects/cl_st1_melina/cl_st1_ph1_melina/corpus/01_now_dataset/02_now_text/text-17-03/text_17-03-SG.txt
2026-08-28 16:14:43,514 INFO No matches found in text_17-03-TZ.txt; skipping output file
2026-08-28 16:14:45,149 INFO Wrote 33 matching line(s) to /home/eyamrog/PycharmProjects/cl_st1_melina/cl_st1_ph1_melina/corpus/01_now_dataset/02_now_text/text-17-03/text_17-03-US.txt
2026-08-28 16:14:45,789 INFO Wrote 12 matching line(s) to /home/eyamrog/PycharmProjects/cl_st1_melina/cl_st1_ph1_melina/corpus/01_now_dataset/02_now_text/text-17-03/text_17-03-ZA.txt
2026-08-28 16:14:46,698 INFO Wrote 20 matching line(s) to /home/eyamrog/PycharmProjects/cl_st1_melina/cl_st1_ph1_melina/corpus/01_now_dataset/02_now_text/text-17-04/text_17-04-AU.txt
2026-08-28 16:14:46,741 INFO Wrote 1 matching line(s) to /home/eyamrog/PycharmProjects/cl_st1_melina/cl_st1_ph1_melina/corpus/01_now_dataset/02_now_text/text-17-04/text_17-04-BD.txt
2026-08-28 16:14:48,216 INFO Wrote 11 matching line(s) to /home/eyamrog/PycharmProjects/cl_st1_melina/cl_st1_ph1_melina/corpus/01_now_dataset/02_now_text/text-17-04/text_17-04-CA.txt
2026-08-28 16:14:49,463 INFO Wrote 33 matching line(s) to /home/eyamrog/PycharmProjects/cl_st1_melina/cl_st1_ph1_melina/corpus/01_now_dataset/02_now_text/text-17-04/text_17-04-GB.txt
2026-08-28 16:14:49,681 INFO Wrote 4 matching line(s) to /home/eyamrog/PycharmProjects/cl_st1_melina/cl_st1_ph1_melina/corpus/01_now_dataset/02_now_text/text-17-04/text_17-04-GH.txt
2026-08-28 16:14:49,769 INFO No matches found in text_17-04-HK.txt; skipping output file
2026-08-28 16:14:50,997 INFO Wrote 7 matching line(s) to /home/eyamrog/PycharmProjects/cl_st1_melina/cl_st1_ph1_melina/corpus/01_now_dataset/02_now_text/text-17-04/text_17-04-IE.txt
2026-08-28 16:14:52,296 INFO Wrote 9 matching line(s) to /home/eyamrog/PycharmProjects/cl_st1_melina/cl_st1_ph1_melina/corpus/01_now_dataset/02_now_text/text-17-04/text_17-04-IN.txt
2026-08-28 16:14:52,375 INFO Wrote 3 matching line(s) to /home/eyamrog/PycharmProjects/cl_st1_melina/cl_st1_ph1_melina/corpus/01_now_dataset/02_now_text/text-17-04/text_17-04-JM.txt
2026-08-28 16:14:52,603 INFO Wrote 16 matching line(s) to /home/eyamrog/PycharmProjects/cl_st1_melina/cl_st1_ph1_melina/corpus/01_now_dataset/02_now_text/text-17-04/text_17-04-KE.txt
2026-08-28 16:14:52,692 INFO No matches found in text_17-04-LK.txt; skipping output file
2026-08-28 16:14:53,178 INFO Wrote 17 matching line(s) to /home/eyamrog/PycharmProjects/cl_st1_melina/cl_st1_ph1_melina/corpus/01_now_dataset/02_now_text/text-17-04/text_17-04-MY.txt
2026-08-28 16:14:54,012 INFO Wrote 5 matching line(s) to /home/eyamrog/PycharmProjects/cl_st1_melina/cl_st1_ph1_melina/corpus/01_now_dataset/02_now_text/text-17-04/text_17-04-NG.txt
2026-08-28 16:14:54,658 INFO Wrote 8 matching line(s) to /home/eyamrog/PycharmProjects/cl_st1_melina/cl_st1_ph1_melina/corpus/01_now_dataset/02_now_text/text-17-04/text_17-04-NZ.txt
2026-08-28 16:14:55,112 INFO Wrote 1 matching line(s) to /home/eyamrog/PycharmProjects/cl_st1_melina/cl_st1_ph1_melina/corpus/01_now_dataset/02_now_text/text-17-04/text_17-04-PH.txt
2026-08-28 16:14:55,480 INFO Wrote 14 matching line(s) to /home/eyamrog/PycharmProjects/cl_st1_melina/cl_st1_ph1_melina/corpus/01_now_dataset/02_now_text/text-17-04/text_17-04-PK.txt
2026-08-28 16:14:56,023 INFO Wrote 8 matching line(s) to /home/eyamrog/PycharmProjects/cl_st1_melina/cl_st1_ph1_melina/corpus/01_now_dataset/02_now_text/text-17-04/text_17-04-SG.txt
2026-08-28 16:14:56,026 INFO No matches found in text_17-04-TZ.txt; skipping output file
2026-08-28 16:14:57,271 INFO Wrote 27 matching line(s) to /home/eyamrog/PycharmProjects/cl_st1_melina/cl_st1_ph1_melina/corpus/01_now_dataset/02_now_text/text-17-04/text_17-04-US.txt
2026-08-28 16:14:57,909 INFO Wrote 9 matching line(s) to /home/eyamrog/PycharmProjects/cl_st1_melina/cl_st1_ph1_melina/corpus/01_now_dataset/02_now_text/text-17-04/text_17-04-ZA.txt
2026-08-28 16:14:58,883 INFO Wrote 25 matching line(s) to /home/eyamrog/PycharmProjects/cl_st1_melina/cl_st1_ph1_melina/corpus/01_now_dataset/02_now_text/text-17-05/text_17-05-AU.txt
2026-08-28 16:14:58,927 INFO Wrote 1 matching line(s) to /home/eyamrog/PycharmProjects/cl_st1_melina/cl_st1_ph1_melina/corpus/01_now_dataset/02_now_text/text-17-05/text_17-05-BD.txt
2026-08-28 16:15:00,577 INFO Wrote 17 matching line(s) to /home/eyamrog/PycharmProjects/cl_st1_melina/cl_st1_ph1_melina/corpus/01_now_dataset/02_now_text/text-17-05/text_17-05-CA.txt
2026-08-28 16:15:01,780 INFO Wrote 39 matching line(s) to /home/eyamrog/PycharmProjects/cl_st1_melina/cl_st1_ph1_melina/corpus/01_now_dataset/02_now_text/text-17-05/text_17-05-GB.txt
2026-08-28 16:15:01,964 INFO Wrote 1 matching line(s) to /home/eyamrog/PycharmProjects/cl_st1_melina/cl_st1_ph1_melina/corpus/01_now_dataset/02_now_text/text-17-05/text_17-05-GH.txt
2026-08-28 16:15:02,029 INFO Wrote 2 matching line(s) to /home/eyamrog/PycharmProjects/cl_st1_melina/cl_st1_ph1_melina/corpus/01_now_dataset/02_now_text/text-17-05/text_17-05-HK.txt
2026-08-28 16:15:03,127 INFO Wrote 13 matching line(s) to /home/eyamrog/PycharmProjects/cl_st1_melina/cl_st1_ph1_melina/corpus/01_now_dataset/02_now_text/text-17-05/text_17-05-IE.txt
2026-08-28 16:15:04,624 INFO Wrote 24 matching line(s) to /home/eyamrog/PycharmProjects/cl_st1_melina/cl_st1_ph1_melina/corpus/01_now_dataset/02_now_text/text-17-05/text_17-05-IN.txt
2026-08-28 16:15:04,693 INFO Wrote 2 matching line(s) to /home/eyamrog/PycharmProjects/cl_st1_melina/cl_st1_ph1_melina/corpus/01_now_dataset/02_now_text/text-17-05/text_17-05-JM.txt
2026-08-28 16:15:05,049 INFO Wrote 8 matching line(s) to /home/eyamrog/PycharmProjects/cl_st1_melina/cl_st1_ph1_melina/corpus/01_now_dataset/02_now_text/text-17-05/text_17-05-KE.txt
2026-08-28 16:15:05,169 INFO Wrote 3 matching line(s) to /home/eyamrog/PycharmProjects/cl_st1_melina/cl_st1_ph1_melina/corpus/01_now_dataset/02_now_text/text-17-05/text_17-05-LK.txt
2026-08-28 16:15:06,009 INFO Wrote 42 matching line(s) to /home/eyamrog/PycharmProjects/cl_st1_melina/cl_st1_ph1_melina/corpus/01_now_dataset/02_now_text/text-17-05/text_17-05-MY.txt
2026-08-28 16:15:06,888 INFO Wrote 16 matching line(s) to /home/eyamrog/PycharmProjects/cl_st1_melina/cl_st1_ph1_melina/corpus/01_now_dataset/02_now_text/text-17-05/text_17-05-NG.txt
2026-08-28 16:15:07,674 INFO Wrote 23 matching line(s) to /home/eyamrog/PycharmProjects/cl_st1_melina/cl_st1_ph1_melina/corpus/01_now_dataset/02_now_text/text-17-05/text_17-05-NZ.txt
2026-08-28 16:15:08,229 INFO Wrote 4 matching line(s) to /home/eyamrog/PycharmProjects/cl_st1_melina/cl_st1_ph1_melina/corpus/01_now_dataset/02_now_text/text-17-05/text_17-05-PH.txt
2026-08-28 16:15:08,620 INFO Wrote 25 matching line(s) to /home/eyamrog/PycharmProjects/cl_st1_melina/cl_st1_ph1_melina/corpus/01_now_dataset/02_now_text/text-17-05/text_17-05-PK.txt
2026-08-28 16:15:09,249 INFO Wrote 23 matching line(s) to /home/eyamrog/PycharmProjects/cl_st1_melina/cl_st1_ph1_melina/corpus/01_now_dataset/02_now_text/text-17-05/text_17-05-SG.txt
2026-08-28 16:15:09,252 INFO No matches found in text_17-05-TZ.txt; skipping output file
2026-08-28 16:15:10,585 INFO Wrote 40 matching line(s) to /home/eyamrog/PycharmProjects/cl_st1_melina/cl_st1_ph1_melina/corpus/01_now_dataset/02_now_text/text-17-05/text_17-05-US.txt
2026-08-28 16:15:11,368 INFO Wrote 21 matching line(s) to /home/eyamrog/PycharmProjects/cl_st1_melina/cl_st1_ph1_melina/corpus/01_now_dataset/02_now_text/text-17-05/text_17-05-ZA.txt
2026-08-28 16:15:12,249 INFO Wrote 15 matching line(s) to /home/eyamrog/PycharmProjects/cl_st1_melina/cl_st1_ph1_melina/corpus/01_now_dataset/02_now_text/text-17-06/text_17-06-AU.txt
2026-08-28 16:15:12,287 INFO Wrote 2 matching line(s) to /home/eyamrog/PycharmProjects/cl_st1_melina/cl_st1_ph1_melina/corpus/01_now_dataset/02_now_text/text-17-06/text_17-06-BD.txt
2026-08-28 16:15:13,603 INFO Wrote 26 matching line(s) to /home/eyamrog/PycharmProjects/cl_st1_melina/cl_st1_ph1_melina/corpus/01_now_dataset/02_now_text/text-17-06/text_17-06-CA.txt
2026-08-28 16:15:14,688 INFO Wrote 21 matching line(s) to /home/eyamrog/PycharmProjects/cl_st1_melina/cl_st1_ph1_melina/corpus/01_now_dataset/02_now_text/text-17-06/text_17-06-GB.txt
2026-08-28 16:15:14,838 INFO Wrote 1 matching line(s) to /home/eyamrog/PycharmProjects/cl_st1_melina/cl_st1_ph1_melina/corpus/01_now_dataset/02_now_text/text-17-06/text_17-06-GH.txt
2026-08-28 16:15:14,913 INFO Wrote 3 matching line(s) to /home/eyamrog/PycharmProjects/cl_st1_melina/cl_st1_ph1_melina/corpus/01_now_dataset/02_now_text/text-17-06/text_17-06-HK.txt
2026-08-28 16:15:16,536 INFO Wrote 11 matching line(s) to /home/eyamrog/PycharmProjects/cl_st1_melina/cl_st1_ph1_melina/corpus/01_now_dataset/02_now_text/text-17-06/text_17-06-IE.txt
2026-08-28 16:15:19,889 INFO Wrote 25 matching line(s) to /home/eyamrog/PycharmProjects/cl_st1_melina/cl_st1_ph1_melina/corpus/01_now_dataset/02_now_text/text-17-06/text_17-06-IN.txt
2026-08-28 16:15:19,958 INFO Wrote 1 matching line(s) to /home/eyamrog/PycharmProjects/cl_st1_melina/cl_st1_ph1_melina/corpus/01_now_dataset/02_now_text/text-17-06/text_17-06-JM.txt
2026-08-28 16:15:20,314 INFO Wrote 12 matching line(s) to /home/eyamrog/PycharmProjects/cl_st1_melina/cl_st1_ph1_melina/corpus/01_now_dataset/02_now_text/text-17-06/text_17-06-KE.txt
2026-08-28 16:15:20,431 INFO Wrote 3 matching line(s) to /home/eyamrog/PycharmProjects/cl_st1_melina/cl_st1_ph1_melina/corpus/01_now_dataset/02_now_text/text-17-06/text_17-06-LK.txt
2026-08-28 16:15:21,246 INFO Wrote 25 matching line(s) to /home/eyamrog/PycharmProjects/cl_st1_melina/cl_st1_ph1_melina/corpus/01_now_dataset/02_now_text/text-17-06/text_17-06-MY.txt
2026-08-28 16:15:22,120 INFO Wrote 13 matching line(s) to /home/eyamrog/PycharmProjects/cl_st1_melina/cl_st1_ph1_melina/corpus/01_now_dataset/02_now_text/text-17-06/text_17-06-NG.txt
2026-08-28 16:15:22,682 INFO Wrote 5 matching line(s) to /home/eyamrog/PycharmProjects/cl_st1_melina/cl_st1_ph1_melina/corpus/01_now_dataset/02_now_text/text-17-06/text_17-06-NZ.txt
2026-08-28 16:15:23,236 INFO Wrote 7 matching line(s) to /home/eyamrog/PycharmProjects/cl_st1_melina/cl_st1_ph1_melina/corpus/01_now_dataset/02_now_text/text-17-06/text_17-06-PH.txt
2026-08-28 16:15:23,620 INFO Wrote 22 matching line(s) to /home/eyamrog/PycharmProjects/cl_st1_melina/cl_st1_ph1_melina/corpus/01_now_dataset/02_now_text/text-17-06/text_17-06-PK.txt
2026-08-28 16:15:24,262 INFO Wrote 17 matching line(s) to /home/eyamrog/PycharmProjects/cl_st1_melina/cl_st1_ph1_melina/corpus/01_now_dataset/02_now_text/text-17-06/text_17-06-SG.txt
2026-08-28 16:15:24,265 INFO No matches found in text_17-06-TZ.txt; skipping output file
2026-08-28 16:15:25,475 INFO Wrote 30 matching line(s) to /home/eyamrog/PycharmProjects/cl_st1_melina/cl_st1_ph1_melina/corpus/01_now_dataset/02_now_text/text-17-06/text_17-06-US.txt
2026-08-28 16:15:26,171 INFO Wrote 12 matching line(s) to /home/eyamrog/PycharmProjects/cl_st1_melina/cl_st1_ph1_melina/corpus/01_now_dataset/02_now_text/text-17-06/text_17-06-ZA.txt
2026-08-28 16:15:26,974 INFO Wrote 13 matching line(s) to /home/eyamrog/PycharmProjects/cl_st1_melina/cl_st1_ph1_melina/corpus/01_now_dataset/02_now_text/text-17-07/text_17-07-AU.txt
2026-08-28 16:15:27,015 INFO Wrote 1 matching line(s) to /home/eyamrog/PycharmProjects/cl_st1_melina/cl_st1_ph1_melina/corpus/01_now_dataset/02_now_text/text-17-07/text_17-07-BD.txt
2026-08-28 16:15:28,387 INFO Wrote 20 matching line(s) to /home/eyamrog/PycharmProjects/cl_st1_melina/cl_st1_ph1_melina/corpus/01_now_dataset/02_now_text/text-17-07/text_17-07-CA.txt
2026-08-28 16:15:29,615 INFO Wrote 21 matching line(s) to /home/eyamrog/PycharmProjects/cl_st1_melina/cl_st1_ph1_melina/corpus/01_now_dataset/02_now_text/text-17-07/text_17-07-GB.txt
2026-08-28 16:15:29,726 INFO No matches found in text_17-07-GH.txt; skipping output file
2026-08-28 16:15:29,787 INFO Wrote 1 matching line(s) to /home/eyamrog/PycharmProjects/cl_st1_melina/cl_st1_ph1_melina/corpus/01_now_dataset/02_now_text/text-17-07/text_17-07-HK.txt
2026-08-28 16:15:30,788 INFO Wrote 26 matching line(s) to /home/eyamrog/PycharmProjects/cl_st1_melina/cl_st1_ph1_melina/corpus/01_now_dataset/02_now_text/text-17-07/text_17-07-IE.txt
2026-08-28 16:15:32,980 INFO Wrote 17 matching line(s) to /home/eyamrog/PycharmProjects/cl_st1_melina/cl_st1_ph1_melina/corpus/01_now_dataset/02_now_text/text-17-07/text_17-07-IN.txt
2026-08-28 16:15:33,214 INFO Wrote 2 matching line(s) to /home/eyamrog/PycharmProjects/cl_st1_melina/cl_st1_ph1_melina/corpus/01_now_dataset/02_now_text/text-17-07/text_17-07-JM.txt
2026-08-28 16:15:33,788 INFO Wrote 8 matching line(s) to /home/eyamrog/PycharmProjects/cl_st1_melina/cl_st1_ph1_melina/corpus/01_now_dataset/02_now_text/text-17-07/text_17-07-KE.txt
2026-08-28 16:15:33,930 INFO Wrote 1 matching line(s) to /home/eyamrog/PycharmProjects/cl_st1_melina/cl_st1_ph1_melina/corpus/01_now_dataset/02_now_text/text-17-07/text_17-07-LK.txt
2026-08-28 16:15:34,813 INFO Wrote 30 matching line(s) to /home/eyamrog/PycharmProjects/cl_st1_melina/cl_st1_ph1_melina/corpus/01_now_dataset/02_now_text/text-17-07/text_17-07-MY.txt
2026-08-28 16:15:35,627 INFO Wrote 4 matching line(s) to /home/eyamrog/PycharmProjects/cl_st1_melina/cl_st1_ph1_melina/corpus/01_now_dataset/02_now_text/text-17-07/text_17-07-NG.txt
2026-08-28 16:15:36,262 INFO Wrote 7 matching line(s) to /home/eyamrog/PycharmProjects/cl_st1_melina/cl_st1_ph1_melina/corpus/01_now_dataset/02_now_text/text-17-07/text_17-07-NZ.txt
2026-08-28 16:15:36,779 INFO Wrote 18 matching line(s) to /home/eyamrog/PycharmProjects/cl_st1_melina/cl_st1_ph1_melina/corpus/01_now_dataset/02_now_text/text-17-07/text_17-07-PH.txt
2026-08-28 16:15:37,217 INFO Wrote 19 matching line(s) to /home/eyamrog/PycharmProjects/cl_st1_melina/cl_st1_ph1_melina/corpus/01_now_dataset/02_now_text/text-17-07/text_17-07-PK.txt
2026-08-28 16:15:37,891 INFO Wrote 17 matching line(s) to /home/eyamrog/PycharmProjects/cl_st1_melina/cl_st1_ph1_melina/corpus/01_now_dataset/02_now_text/text-17-07/text_17-07-SG.txt
2026-08-28 16:15:37,895 INFO No matches found in text_17-07-TZ.txt; skipping output file
2026-08-28 16:15:39,413 INFO Wrote 38 matching line(s) to /home/eyamrog/PycharmProjects/cl_st1_melina/cl_st1_ph1_melina/corpus/01_now_dataset/02_now_text/text-17-07/text_17-07-US.txt
2026-08-28 16:15:40,090 INFO Wrote 14 matching line(s) to /home/eyamrog/PycharmProjects/cl_st1_melina/cl_st1_ph1_melina/corpus/01_now_dataset/02_now_text/text-17-07/text_17-07-ZA.txt
2026-08-28 16:15:40,920 INFO Wrote 12 matching line(s) to /home/eyamrog/PycharmProjects/cl_st1_melina/cl_st1_ph1_melina/corpus/01_now_dataset/02_now_text/text-17-08/text_17-08-AU.txt
2026-08-28 16:15:40,952 INFO No matches found in text_17-08-BD.txt; skipping output file
2026-08-28 16:15:42,547 INFO Wrote 19 matching line(s) to /home/eyamrog/PycharmProjects/cl_st1_melina/cl_st1_ph1_melina/corpus/01_now_dataset/02_now_text/text-17-08/text_17-08-CA.txt
2026-08-28 16:15:43,723 INFO Wrote 12 matching line(s) to /home/eyamrog/PycharmProjects/cl_st1_melina/cl_st1_ph1_melina/corpus/01_now_dataset/02_now_text/text-17-08/text_17-08-GB.txt
2026-08-28 16:15:43,853 INFO No matches found in text_17-08-GH.txt; skipping output file
2026-08-28 16:15:43,914 INFO No matches found in text_17-08-HK.txt; skipping output file
2026-08-28 16:15:45,050 INFO Wrote 12 matching line(s) to /home/eyamrog/PycharmProjects/cl_st1_melina/cl_st1_ph1_melina/corpus/01_now_dataset/02_now_text/text-17-08/text_17-08-IE.txt
2026-08-28 16:15:46,610 INFO Wrote 9 matching line(s) to /home/eyamrog/PycharmProjects/cl_st1_melina/cl_st1_ph1_melina/corpus/01_now_dataset/02_now_text/text-17-08/text_17-08-IN.txt
2026-08-28 16:15:46,686 INFO Wrote 1 matching line(s) to /home/eyamrog/PycharmProjects/cl_st1_melina/cl_st1_ph1_melina/corpus/01_now_dataset/02_now_text/text-17-08/text_17-08-JM.txt
2026-08-28 16:15:47,191 INFO Wrote 4 matching line(s) to /home/eyamrog/PycharmProjects/cl_st1_melina/cl_st1_ph1_melina/corpus/01_now_dataset/02_now_text/text-17-08/text_17-08-KE.txt
2026-08-28 16:15:47,523 INFO Wrote 4 matching line(s) to /home/eyamrog/PycharmProjects/cl_st1_melina/cl_st1_ph1_melina/corpus/01_now_dataset/02_now_text/text-17-08/text_17-08-LK.txt
2026-08-28 16:15:49,151 INFO Wrote 20 matching line(s) to /home/eyamrog/PycharmProjects/cl_st1_melina/cl_st1_ph1_melina/corpus/01_now_dataset/02_now_text/text-17-08/text_17-08-MY.txt
2026-08-28 16:15:50,039 INFO Wrote 1 matching line(s) to /home/eyamrog/PycharmProjects/cl_st1_melina/cl_st1_ph1_melina/corpus/01_now_dataset/02_now_text/text-17-08/text_17-08-NG.txt
2026-08-28 16:15:50,860 INFO Wrote 10 matching line(s) to /home/eyamrog/PycharmProjects/cl_st1_melina/cl_st1_ph1_melina/corpus/01_now_dataset/02_now_text/text-17-08/text_17-08-NZ.txt
2026-08-28 16:15:51,347 INFO No matches found in text_17-08-PH.txt; skipping output file
2026-08-28 16:15:51,761 INFO Wrote 20 matching line(s) to /home/eyamrog/PycharmProjects/cl_st1_melina/cl_st1_ph1_melina/corpus/01_now_dataset/02_now_text/text-17-08/text_17-08-PK.txt
2026-08-28 16:15:52,445 INFO Wrote 5 matching line(s) to /home/eyamrog/PycharmProjects/cl_st1_melina/cl_st1_ph1_melina/corpus/01_now_dataset/02_now_text/text-17-08/text_17-08-SG.txt
2026-08-28 16:15:52,448 INFO No matches found in text_17-08-TZ.txt; skipping output file
2026-08-28 16:15:53,997 INFO Wrote 27 matching line(s) to /home/eyamrog/PycharmProjects/cl_st1_melina/cl_st1_ph1_melina/corpus/01_now_dataset/02_now_text/text-17-08/text_17-08-US.txt
2026-08-28 16:15:54,684 INFO Wrote 6 matching line(s) to /home/eyamrog/PycharmProjects/cl_st1_melina/cl_st1_ph1_melina/corpus/01_now_dataset/02_now_text/text-17-08/text_17-08-ZA.txt
2026-08-28 16:15:55,545 INFO Wrote 12 matching line(s) to /home/eyamrog/PycharmProjects/cl_st1_melina/cl_st1_ph1_melina/corpus/01_now_dataset/02_now_text/text-17-09/text_17-09-AU.txt
2026-08-28 16:15:55,574 INFO No matches found in text_17-09-BD.txt; skipping output file
2026-08-28 16:15:57,188 INFO Wrote 21 matching line(s) to /home/eyamrog/PycharmProjects/cl_st1_melina/cl_st1_ph1_melina/corpus/01_now_dataset/02_now_text/text-17-09/text_17-09-CA.txt
2026-08-28 16:15:58,355 INFO Wrote 16 matching line(s) to /home/eyamrog/PycharmProjects/cl_st1_melina/cl_st1_ph1_melina/corpus/01_now_dataset/02_now_text/text-17-09/text_17-09-GB.txt
2026-08-28 16:15:58,522 INFO Wrote 1 matching line(s) to /home/eyamrog/PycharmProjects/cl_st1_melina/cl_st1_ph1_melina/corpus/01_now_dataset/02_now_text/text-17-09/text_17-09-GH.txt
2026-08-28 16:15:58,586 INFO Wrote 2 matching line(s) to /home/eyamrog/PycharmProjects/cl_st1_melina/cl_st1_ph1_melina/corpus/01_now_dataset/02_now_text/text-17-09/text_17-09-HK.txt
2026-08-28 16:15:59,662 INFO Wrote 9 matching line(s) to /home/eyamrog/PycharmProjects/cl_st1_melina/cl_st1_ph1_melina/corpus/01_now_dataset/02_now_text/text-17-09/text_17-09-IE.txt
2026-08-28 16:16:01,055 INFO Wrote 40 matching line(s) to /home/eyamrog/PycharmProjects/cl_st1_melina/cl_st1_ph1_melina/corpus/01_now_dataset/02_now_text/text-17-09/text_17-09-IN.txt
2026-08-28 16:16:01,121 INFO Wrote 5 matching line(s) to /home/eyamrog/PycharmProjects/cl_st1_melina/cl_st1_ph1_melina/corpus/01_now_dataset/02_now_text/text-17-09/text_17-09-JM.txt
2026-08-28 16:16:01,338 INFO Wrote 5 matching line(s) to /home/eyamrog/PycharmProjects/cl_st1_melina/cl_st1_ph1_melina/corpus/01_now_dataset/02_now_text/text-17-09/text_17-09-KE.txt
2026-08-28 16:16:01,433 INFO Wrote 6 matching line(s) to /home/eyamrog/PycharmProjects/cl_st1_melina/cl_st1_ph1_melina/corpus/01_now_dataset/02_now_text/text-17-09/text_17-09-LK.txt
2026-08-28 16:16:03,636 INFO Wrote 6 matching line(s) to /home/eyamrog/PycharmProjects/cl_st1_melina/cl_st1_ph1_melina/corpus/01_now_dataset/02_now_text/text-17-09/text_17-09-MY.txt
2026-08-28 16:16:04,667 INFO Wrote 10 matching line(s) to /home/eyamrog/PycharmProjects/cl_st1_melina/cl_st1_ph1_melina/corpus/01_now_dataset/02_now_text/text-17-09/text_17-09-NG.txt
2026-08-28 16:16:05,411 INFO Wrote 8 matching line(s) to /home/eyamrog/PycharmProjects/cl_st1_melina/cl_st1_ph1_melina/corpus/01_now_dataset/02_now_text/text-17-09/text_17-09-NZ.txt
2026-08-28 16:16:05,861 INFO Wrote 1 matching line(s) to /home/eyamrog/PycharmProjects/cl_st1_melina/cl_st1_ph1_melina/corpus/01_now_dataset/02_now_text/text-17-09/text_17-09-PH.txt
2026-08-28 16:16:06,283 INFO Wrote 29 matching line(s) to /home/eyamrog/PycharmProjects/cl_st1_melina/cl_st1_ph1_melina/corpus/01_now_dataset/02_now_text/text-17-09/text_17-09-PK.txt
2026-08-28 16:16:06,960 INFO Wrote 16 matching line(s) to /home/eyamrog/PycharmProjects/cl_st1_melina/cl_st1_ph1_melina/corpus/01_now_dataset/02_now_text/text-17-09/text_17-09-SG.txt
2026-08-28 16:16:06,965 INFO No matches found in text_17-09-TZ.txt; skipping output file
2026-08-28 16:16:08,472 INFO Wrote 21 matching line(s) to /home/eyamrog/PycharmProjects/cl_st1_melina/cl_st1_ph1_melina/corpus/01_now_dataset/02_now_text/text-17-09/text_17-09-US.txt
2026-08-28 16:16:09,178 INFO Wrote 20 matching line(s) to /home/eyamrog/PycharmProjects/cl_st1_melina/cl_st1_ph1_melina/corpus/01_now_dataset/02_now_text/text-17-09/text_17-09-ZA.txt
2026-08-28 16:16:10,147 INFO Wrote 27 matching line(s) to /home/eyamrog/PycharmProjects/cl_st1_melina/cl_st1_ph1_melina/corpus/01_now_dataset/02_now_text/text-17-10/text_17-10-AU.txt
2026-08-28 16:16:10,175 INFO Wrote 3 matching line(s) to /home/eyamrog/PycharmProjects/cl_st1_melina/cl_st1_ph1_melina/corpus/01_now_dataset/02_now_text/text-17-10/text_17-10-BD.txt
2026-08-28 16:16:11,901 INFO Wrote 12 matching line(s) to /home/eyamrog/PycharmProjects/cl_st1_melina/cl_st1_ph1_melina/corpus/01_now_dataset/02_now_text/text-17-10/text_17-10-CA.txt
2026-08-28 16:16:13,223 INFO Wrote 30 matching line(s) to /home/eyamrog/PycharmProjects/cl_st1_melina/cl_st1_ph1_melina/corpus/01_now_dataset/02_now_text/text-17-10/text_17-10-GB.txt
2026-08-28 16:16:13,519 INFO No matches found in text_17-10-GH.txt; skipping output file
2026-08-28 16:16:13,590 INFO Wrote 2 matching line(s) to /home/eyamrog/PycharmProjects/cl_st1_melina/cl_st1_ph1_melina/corpus/01_now_dataset/02_now_text/text-17-10/text_17-10-HK.txt
2026-08-28 16:16:14,693 INFO Wrote 7 matching line(s) to /home/eyamrog/PycharmProjects/cl_st1_melina/cl_st1_ph1_melina/corpus/01_now_dataset/02_now_text/text-17-10/text_17-10-IE.txt
2026-08-28 16:16:16,160 INFO Wrote 13 matching line(s) to /home/eyamrog/PycharmProjects/cl_st1_melina/cl_st1_ph1_melina/corpus/01_now_dataset/02_now_text/text-17-10/text_17-10-IN.txt
2026-08-28 16:16:16,231 INFO Wrote 2 matching line(s) to /home/eyamrog/PycharmProjects/cl_st1_melina/cl_st1_ph1_melina/corpus/01_now_dataset/02_now_text/text-17-10/text_17-10-JM.txt
2026-08-28 16:16:16,481 INFO Wrote 3 matching line(s) to /home/eyamrog/PycharmProjects/cl_st1_melina/cl_st1_ph1_melina/corpus/01_now_dataset/02_now_text/text-17-10/text_17-10-KE.txt
2026-08-28 16:16:16,640 INFO Wrote 1 matching line(s) to /home/eyamrog/PycharmProjects/cl_st1_melina/cl_st1_ph1_melina/corpus/01_now_dataset/02_now_text/text-17-10/text_17-10-LK.txt
2026-08-28 16:16:18,602 INFO Wrote 15 matching line(s) to /home/eyamrog/PycharmProjects/cl_st1_melina/cl_st1_ph1_melina/corpus/01_now_dataset/02_now_text/text-17-10/text_17-10-MY.txt
2026-08-28 16:16:19,729 INFO Wrote 9 matching line(s) to /home/eyamrog/PycharmProjects/cl_st1_melina/cl_st1_ph1_melina/corpus/01_now_dataset/02_now_text/text-17-10/text_17-10-NG.txt
2026-08-28 16:16:20,514 INFO Wrote 15 matching line(s) to /home/eyamrog/PycharmProjects/cl_st1_melina/cl_st1_ph1_melina/corpus/01_now_dataset/02_now_text/text-17-10/text_17-10-NZ.txt
2026-08-28 16:16:21,006 INFO Wrote 2 matching line(s) to /home/eyamrog/PycharmProjects/cl_st1_melina/cl_st1_ph1_melina/corpus/01_now_dataset/02_now_text/text-17-10/text_17-10-PH.txt
2026-08-28 16:16:21,394 INFO Wrote 21 matching line(s) to /home/eyamrog/PycharmProjects/cl_st1_melina/cl_st1_ph1_melina/corpus/01_now_dataset/02_now_text/text-17-10/text_17-10-PK.txt
2026-08-28 16:16:22,107 INFO Wrote 16 matching line(s) to /home/eyamrog/PycharmProjects/cl_st1_melina/cl_st1_ph1_melina/corpus/01_now_dataset/02_now_text/text-17-10/text_17-10-SG.txt
2026-08-28 16:16:22,109 INFO No matches found in text_17-10-TZ.txt; skipping output file
2026-08-28 16:16:23,726 INFO Wrote 22 matching line(s) to /home/eyamrog/PycharmProjects/cl_st1_melina/cl_st1_ph1_melina/corpus/01_now_dataset/02_now_text/text-17-10/text_17-10-US.txt
2026-08-28 16:16:24,508 INFO Wrote 12 matching line(s) to /home/eyamrog/PycharmProjects/cl_st1_melina/cl_st1_ph1_melina/corpus/01_now_dataset/02_now_text/text-17-10/text_17-10-ZA.txt
2026-08-28 16:16:25,363 INFO Wrote 11 matching line(s) to /home/eyamrog/PycharmProjects/cl_st1_melina/cl_st1_ph1_melina/corpus/01_now_dataset/02_now_text/text-17-11/text_17-11-AU.txt
2026-08-28 16:16:25,395 INFO Wrote 1 matching line(s) to /home/eyamrog/PycharmProjects/cl_st1_melina/cl_st1_ph1_melina/corpus/01_now_dataset/02_now_text/text-17-11/text_17-11-BD.txt
2026-08-28 16:16:26,963 INFO Wrote 24 matching line(s) to /home/eyamrog/PycharmProjects/cl_st1_melina/cl_st1_ph1_melina/corpus/01_now_dataset/02_now_text/text-17-11/text_17-11-CA.txt
2026-08-28 16:16:28,195 INFO Wrote 22 matching line(s) to /home/eyamrog/PycharmProjects/cl_st1_melina/cl_st1_ph1_melina/corpus/01_now_dataset/02_now_text/text-17-11/text_17-11-GB.txt
2026-08-28 16:16:28,512 INFO Wrote 1 matching line(s) to /home/eyamrog/PycharmProjects/cl_st1_melina/cl_st1_ph1_melina/corpus/01_now_dataset/02_now_text/text-17-11/text_17-11-GH.txt
2026-08-28 16:16:28,578 INFO No matches found in text_17-11-HK.txt; skipping output file
2026-08-28 16:16:29,578 INFO Wrote 5 matching line(s) to /home/eyamrog/PycharmProjects/cl_st1_melina/cl_st1_ph1_melina/corpus/01_now_dataset/02_now_text/text-17-11/text_17-11-IE.txt
2026-08-28 16:16:30,932 INFO Wrote 16 matching line(s) to /home/eyamrog/PycharmProjects/cl_st1_melina/cl_st1_ph1_melina/corpus/01_now_dataset/02_now_text/text-17-11/text_17-11-IN.txt
2026-08-28 16:16:30,983 INFO Wrote 1 matching line(s) to /home/eyamrog/PycharmProjects/cl_st1_melina/cl_st1_ph1_melina/corpus/01_now_dataset/02_now_text/text-17-11/text_17-11-JM.txt
2026-08-28 16:16:31,211 INFO Wrote 2 matching line(s) to /home/eyamrog/PycharmProjects/cl_st1_melina/cl_st1_ph1_melina/corpus/01_now_dataset/02_now_text/text-17-11/text_17-11-KE.txt
2026-08-28 16:16:31,307 INFO Wrote 4 matching line(s) to /home/eyamrog/PycharmProjects/cl_st1_melina/cl_st1_ph1_melina/corpus/01_now_dataset/02_now_text/text-17-11/text_17-11-LK.txt
2026-08-28 16:16:32,610 INFO Wrote 21 matching line(s) to /home/eyamrog/PycharmProjects/cl_st1_melina/cl_st1_ph1_melina/corpus/01_now_dataset/02_now_text/text-17-11/text_17-11-MY.txt
2026-08-28 16:16:34,161 INFO Wrote 10 matching line(s) to /home/eyamrog/PycharmProjects/cl_st1_melina/cl_st1_ph1_melina/corpus/01_now_dataset/02_now_text/text-17-11/text_17-11-NG.txt
2026-08-28 16:16:34,965 INFO Wrote 13 matching line(s) to /home/eyamrog/PycharmProjects/cl_st1_melina/cl_st1_ph1_melina/corpus/01_now_dataset/02_now_text/text-17-11/text_17-11-NZ.txt
2026-08-28 16:16:35,410 INFO Wrote 2 matching line(s) to /home/eyamrog/PycharmProjects/cl_st1_melina/cl_st1_ph1_melina/corpus/01_now_dataset/02_now_text/text-17-11/text_17-11-PH.txt
2026-08-28 16:16:35,674 INFO Wrote 19 matching line(s) to /home/eyamrog/PycharmProjects/cl_st1_melina/cl_st1_ph1_melina/corpus/01_now_dataset/02_now_text/text-17-11/text_17-11-PK.txt
2026-08-28 16:16:36,451 INFO Wrote 17 matching line(s) to /home/eyamrog/PycharmProjects/cl_st1_melina/cl_st1_ph1_melina/corpus/01_now_dataset/02_now_text/text-17-11/text_17-11-SG.txt
2026-08-28 16:16:36,470 INFO No matches found in text_17-11-TZ.txt; skipping output file
2026-08-28 16:16:38,080 INFO Wrote 32 matching line(s) to /home/eyamrog/PycharmProjects/cl_st1_melina/cl_st1_ph1_melina/corpus/01_now_dataset/02_now_text/text-17-11/text_17-11-US.txt
2026-08-28 16:16:38,744 INFO Wrote 14 matching line(s) to /home/eyamrog/PycharmProjects/cl_st1_melina/cl_st1_ph1_melina/corpus/01_now_dataset/02_now_text/text-17-11/text_17-11-ZA.txt
2026-08-28 16:16:39,470 INFO Wrote 44 matching line(s) to /home/eyamrog/PycharmProjects/cl_st1_melina/cl_st1_ph1_melina/corpus/01_now_dataset/02_now_text/text-17-12/text_17-12-AU.txt
2026-08-28 16:16:39,496 INFO Wrote 6 matching line(s) to /home/eyamrog/PycharmProjects/cl_st1_melina/cl_st1_ph1_melina/corpus/01_now_dataset/02_now_text/text-17-12/text_17-12-BD.txt
2026-08-28 16:16:40,813 INFO Wrote 28 matching line(s) to /home/eyamrog/PycharmProjects/cl_st1_melina/cl_st1_ph1_melina/corpus/01_now_dataset/02_now_text/text-17-12/text_17-12-CA.txt
2026-08-28 16:16:41,885 INFO Wrote 73 matching line(s) to /home/eyamrog/PycharmProjects/cl_st1_melina/cl_st1_ph1_melina/corpus/01_now_dataset/02_now_text/text-17-12/text_17-12-GB.txt
2026-08-28 16:16:42,185 INFO Wrote 6 matching line(s) to /home/eyamrog/PycharmProjects/cl_st1_melina/cl_st1_ph1_melina/corpus/01_now_dataset/02_now_text/text-17-12/text_17-12-GH.txt
2026-08-28 16:16:42,230 INFO Wrote 6 matching line(s) to /home/eyamrog/PycharmProjects/cl_st1_melina/cl_st1_ph1_melina/corpus/01_now_dataset/02_now_text/text-17-12/text_17-12-HK.txt
2026-08-28 16:16:43,035 INFO Wrote 19 matching line(s) to /home/eyamrog/PycharmProjects/cl_st1_melina/cl_st1_ph1_melina/corpus/01_now_dataset/02_now_text/text-17-12/text_17-12-IE.txt
2026-08-28 16:16:44,321 INFO Wrote 68 matching line(s) to /home/eyamrog/PycharmProjects/cl_st1_melina/cl_st1_ph1_melina/corpus/01_now_dataset/02_now_text/text-17-12/text_17-12-IN.txt
2026-08-28 16:16:44,358 INFO Wrote 1 matching line(s) to /home/eyamrog/PycharmProjects/cl_st1_melina/cl_st1_ph1_melina/corpus/01_now_dataset/02_now_text/text-17-12/text_17-12-JM.txt
2026-08-28 16:16:44,604 INFO Wrote 11 matching line(s) to /home/eyamrog/PycharmProjects/cl_st1_melina/cl_st1_ph1_melina/corpus/01_now_dataset/02_now_text/text-17-12/text_17-12-KE.txt
2026-08-28 16:16:44,689 INFO Wrote 5 matching line(s) to /home/eyamrog/PycharmProjects/cl_st1_melina/cl_st1_ph1_melina/corpus/01_now_dataset/02_now_text/text-17-12/text_17-12-LK.txt
2026-08-28 16:16:45,687 INFO Wrote 53 matching line(s) to /home/eyamrog/PycharmProjects/cl_st1_melina/cl_st1_ph1_melina/corpus/01_now_dataset/02_now_text/text-17-12/text_17-12-MY.txt
2026-08-28 16:16:46,451 INFO Wrote 81 matching line(s) to /home/eyamrog/PycharmProjects/cl_st1_melina/cl_st1_ph1_melina/corpus/01_now_dataset/02_now_text/text-17-12/text_17-12-NG.txt
2026-08-28 16:16:47,485 INFO Wrote 43 matching line(s) to /home/eyamrog/PycharmProjects/cl_st1_melina/cl_st1_ph1_melina/corpus/01_now_dataset/02_now_text/text-17-12/text_17-12-NZ.txt
2026-08-28 16:16:48,336 INFO Wrote 11 matching line(s) to /home/eyamrog/PycharmProjects/cl_st1_melina/cl_st1_ph1_melina/corpus/01_now_dataset/02_now_text/text-17-12/text_17-12-PH.txt
2026-08-28 16:16:48,789 INFO Wrote 37 matching line(s) to /home/eyamrog/PycharmProjects/cl_st1_melina/cl_st1_ph1_melina/corpus/01_now_dataset/02_now_text/text-17-12/text_17-12-PK.txt
2026-08-28 16:16:49,580 INFO Wrote 46 matching line(s) to /home/eyamrog/PycharmProjects/cl_st1_melina/cl_st1_ph1_melina/corpus/01_now_dataset/02_now_text/text-17-12/text_17-12-SG.txt
2026-08-28 16:16:49,589 INFO No matches found in text_17-12-TZ.txt; skipping output file
2026-08-28 16:16:51,091 INFO Wrote 108 matching line(s) to /home/eyamrog/PycharmProjects/cl_st1_melina/cl_st1_ph1_melina/corpus/01_now_dataset/02_now_text/text-17-12/text_17-12-US.txt
2026-08-28 16:16:51,600 INFO Wrote 35 matching line(s) to /home/eyamrog/PycharmProjects/cl_st1_melina/cl_st1_ph1_melina/corpus/01_now_dataset/02_now_text/text-17-12/text_17-12-ZA.txt
2026-08-28 16:16:52,260 INFO Wrote 19 matching line(s) to /home/eyamrog/PycharmProjects/cl_st1_melina/cl_st1_ph1_melina/corpus/01_now_dataset/02_now_text/text-18-01/text_18-01-AU.txt
2026-08-28 16:16:52,280 INFO Wrote 4 matching line(s) to /home/eyamrog/PycharmProjects/cl_st1_melina/cl_st1_ph1_melina/corpus/01_now_dataset/02_now_text/text-18-01/text_18-01-BD.txt
2026-08-28 16:16:53,432 INFO Wrote 19 matching line(s) to /home/eyamrog/PycharmProjects/cl_st1_melina/cl_st1_ph1_melina/corpus/01_now_dataset/02_now_text/text-18-01/text_18-01-CA.txt
2026-08-28 16:16:54,284 INFO Wrote 9 matching line(s) to /home/eyamrog/PycharmProjects/cl_st1_melina/cl_st1_ph1_melina/corpus/01_now_dataset/02_now_text/text-18-01/text_18-01-GB.txt
2026-08-28 16:16:54,478 INFO Wrote 1 matching line(s) to /home/eyamrog/PycharmProjects/cl_st1_melina/cl_st1_ph1_melina/corpus/01_now_dataset/02_now_text/text-18-01/text_18-01-GH.txt
2026-08-28 16:16:54,526 INFO No matches found in text_18-01-HK.txt; skipping output file
2026-08-28 16:16:55,253 INFO Wrote 16 matching line(s) to /home/eyamrog/PycharmProjects/cl_st1_melina/cl_st1_ph1_melina/corpus/01_now_dataset/02_now_text/text-18-01/text_18-01-IE.txt
2026-08-28 16:16:56,434 INFO Wrote 18 matching line(s) to /home/eyamrog/PycharmProjects/cl_st1_melina/cl_st1_ph1_melina/corpus/01_now_dataset/02_now_text/text-18-01/text_18-01-IN.txt
2026-08-28 16:16:56,453 INFO Wrote 3 matching line(s) to /home/eyamrog/PycharmProjects/cl_st1_melina/cl_st1_ph1_melina/corpus/01_now_dataset/02_now_text/text-18-01/text_18-01-JM.txt
2026-08-28 16:16:56,707 INFO Wrote 8 matching line(s) to /home/eyamrog/PycharmProjects/cl_st1_melina/cl_st1_ph1_melina/corpus/01_now_dataset/02_now_text/text-18-01/text_18-01-KE.txt
2026-08-28 16:16:56,776 INFO Wrote 1 matching line(s) to /home/eyamrog/PycharmProjects/cl_st1_melina/cl_st1_ph1_melina/corpus/01_now_dataset/02_now_text/text-18-01/text_18-01-LK.txt
2026-08-28 16:16:57,279 INFO Wrote 22 matching line(s) to /home/eyamrog/PycharmProjects/cl_st1_melina/cl_st1_ph1_melina/corpus/01_now_dataset/02_now_text/text-18-01/text_18-01-MY.txt
2026-08-28 16:16:57,858 INFO Wrote 13 matching line(s) to /home/eyamrog/PycharmProjects/cl_st1_melina/cl_st1_ph1_melina/corpus/01_now_dataset/02_now_text/text-18-01/text_18-01-NG.txt
2026-08-28 16:16:58,370 INFO Wrote 24 matching line(s) to /home/eyamrog/PycharmProjects/cl_st1_melina/cl_st1_ph1_melina/corpus/01_now_dataset/02_now_text/text-18-01/text_18-01-NZ.txt
2026-08-28 16:16:58,603 INFO No matches found in text_18-01-PH.txt; skipping output file
2026-08-28 16:16:58,817 INFO Wrote 10 matching line(s) to /home/eyamrog/PycharmProjects/cl_st1_melina/cl_st1_ph1_melina/corpus/01_now_dataset/02_now_text/text-18-01/text_18-01-PK.txt
2026-08-28 16:16:59,406 INFO Wrote 22 matching line(s) to /home/eyamrog/PycharmProjects/cl_st1_melina/cl_st1_ph1_melina/corpus/01_now_dataset/02_now_text/text-18-01/text_18-01-SG.txt
2026-08-28 16:16:59,409 INFO No matches found in text_18-01-TZ.txt; skipping output file
2026-08-28 16:17:00,698 INFO Wrote 101 matching line(s) to /home/eyamrog/PycharmProjects/cl_st1_melina/cl_st1_ph1_melina/corpus/01_now_dataset/02_now_text/text-18-01/text_18-01-US.txt
2026-08-28 16:17:01,177 INFO Wrote 5 matching line(s) to /home/eyamrog/PycharmProjects/cl_st1_melina/cl_st1_ph1_melina/corpus/01_now_dataset/02_now_text/text-18-01/text_18-01-ZA.txt
2026-08-28 16:17:02,110 INFO Wrote 16 matching line(s) to /home/eyamrog/PycharmProjects/cl_st1_melina/cl_st1_ph1_melina/corpus/01_now_dataset/02_now_text/text-18-02/text_18-02-AU.txt
2026-08-28 16:17:02,155 INFO Wrote 1 matching line(s) to /home/eyamrog/PycharmProjects/cl_st1_melina/cl_st1_ph1_melina/corpus/01_now_dataset/02_now_text/text-18-02/text_18-02-BD.txt
2026-08-28 16:17:04,492 INFO Wrote 27 matching line(s) to /home/eyamrog/PycharmProjects/cl_st1_melina/cl_st1_ph1_melina/corpus/01_now_dataset/02_now_text/text-18-02/text_18-02-CA.txt
2026-08-28 16:17:05,299 INFO Wrote 29 matching line(s) to /home/eyamrog/PycharmProjects/cl_st1_melina/cl_st1_ph1_melina/corpus/01_now_dataset/02_now_text/text-18-02/text_18-02-GB.txt
2026-08-28 16:17:05,497 INFO Wrote 1 matching line(s) to /home/eyamrog/PycharmProjects/cl_st1_melina/cl_st1_ph1_melina/corpus/01_now_dataset/02_now_text/text-18-02/text_18-02-GH.txt
2026-08-28 16:17:05,538 INFO No matches found in text_18-02-HK.txt; skipping output file
2026-08-28 16:17:06,354 INFO Wrote 9 matching line(s) to /home/eyamrog/PycharmProjects/cl_st1_melina/cl_st1_ph1_melina/corpus/01_now_dataset/02_now_text/text-18-02/text_18-02-IE.txt
2026-08-28 16:17:07,629 INFO Wrote 21 matching line(s) to /home/eyamrog/PycharmProjects/cl_st1_melina/cl_st1_ph1_melina/corpus/01_now_dataset/02_now_text/text-18-02/text_18-02-IN.txt
2026-08-28 16:17:07,651 INFO No matches found in text_18-02-JM.txt; skipping output file
2026-08-28 16:17:07,934 INFO Wrote 6 matching line(s) to /home/eyamrog/PycharmProjects/cl_st1_melina/cl_st1_ph1_melina/corpus/01_now_dataset/02_now_text/text-18-02/text_18-02-KE.txt
2026-08-28 16:17:07,997 INFO No matches found in text_18-02-LK.txt; skipping output file
2026-08-28 16:17:08,294 INFO Wrote 11 matching line(s) to /home/eyamrog/PycharmProjects/cl_st1_melina/cl_st1_ph1_melina/corpus/01_now_dataset/02_now_text/text-18-02/text_18-02-MY.txt
2026-08-28 16:17:08,925 INFO Wrote 12 matching line(s) to /home/eyamrog/PycharmProjects/cl_st1_melina/cl_st1_ph1_melina/corpus/01_now_dataset/02_now_text/text-18-02/text_18-02-NG.txt
2026-08-28 16:17:09,567 INFO Wrote 12 matching line(s) to /home/eyamrog/PycharmProjects/cl_st1_melina/cl_st1_ph1_melina/corpus/01_now_dataset/02_now_text/text-18-02/text_18-02-NZ.txt
2026-08-28 16:17:09,845 INFO Wrote 1 matching line(s) to /home/eyamrog/PycharmProjects/cl_st1_melina/cl_st1_ph1_melina/corpus/01_now_dataset/02_now_text/text-18-02/text_18-02-PH.txt
2026-08-28 16:17:10,041 INFO Wrote 9 matching line(s) to /home/eyamrog/PycharmProjects/cl_st1_melina/cl_st1_ph1_melina/corpus/01_now_dataset/02_now_text/text-18-02/text_18-02-PK.txt
2026-08-28 16:17:10,660 INFO Wrote 12 matching line(s) to /home/eyamrog/PycharmProjects/cl_st1_melina/cl_st1_ph1_melina/corpus/01_now_dataset/02_now_text/text-18-02/text_18-02-SG.txt
2026-08-28 16:17:10,662 INFO No matches found in text_18-02-TZ.txt; skipping output file
2026-08-28 16:17:12,030 INFO Wrote 91 matching line(s) to /home/eyamrog/PycharmProjects/cl_st1_melina/cl_st1_ph1_melina/corpus/01_now_dataset/02_now_text/text-18-02/text_18-02-US.txt
2026-08-28 16:17:12,612 INFO Wrote 6 matching line(s) to /home/eyamrog/PycharmProjects/cl_st1_melina/cl_st1_ph1_melina/corpus/01_now_dataset/02_now_text/text-18-02/text_18-02-ZA.txt
2026-08-28 16:17:13,497 INFO Wrote 21 matching line(s) to /home/eyamrog/PycharmProjects/cl_st1_melina/cl_st1_ph1_melina/corpus/01_now_dataset/02_now_text/text-18-03/text_18-03-AU.txt
2026-08-28 16:17:13,551 INFO Wrote 2 matching line(s) to /home/eyamrog/PycharmProjects/cl_st1_melina/cl_st1_ph1_melina/corpus/01_now_dataset/02_now_text/text-18-03/text_18-03-BD.txt
2026-08-28 16:17:15,029 INFO Wrote 15 matching line(s) to /home/eyamrog/PycharmProjects/cl_st1_melina/cl_st1_ph1_melina/corpus/01_now_dataset/02_now_text/text-18-03/text_18-03-CA.txt
2026-08-28 16:17:15,995 INFO Wrote 21 matching line(s) to /home/eyamrog/PycharmProjects/cl_st1_melina/cl_st1_ph1_melina/corpus/01_now_dataset/02_now_text/text-18-03/text_18-03-GB.txt
2026-08-28 16:17:16,193 INFO Wrote 1 matching line(s) to /home/eyamrog/PycharmProjects/cl_st1_melina/cl_st1_ph1_melina/corpus/01_now_dataset/02_now_text/text-18-03/text_18-03-GH.txt
2026-08-28 16:17:16,240 INFO No matches found in text_18-03-HK.txt; skipping output file
2026-08-28 16:17:18,240 INFO Wrote 6 matching line(s) to /home/eyamrog/PycharmProjects/cl_st1_melina/cl_st1_ph1_melina/corpus/01_now_dataset/02_now_text/text-18-03/text_18-03-IE.txt
2026-08-28 16:17:20,142 INFO Wrote 26 matching line(s) to /home/eyamrog/PycharmProjects/cl_st1_melina/cl_st1_ph1_melina/corpus/01_now_dataset/02_now_text/text-18-03/text_18-03-IN.txt
2026-08-28 16:17:20,158 INFO No matches found in text_18-03-JM.txt; skipping output file
2026-08-28 16:17:20,450 INFO Wrote 7 matching line(s) to /home/eyamrog/PycharmProjects/cl_st1_melina/cl_st1_ph1_melina/corpus/01_now_dataset/02_now_text/text-18-03/text_18-03-KE.txt
2026-08-28 16:17:20,538 INFO Wrote 3 matching line(s) to /home/eyamrog/PycharmProjects/cl_st1_melina/cl_st1_ph1_melina/corpus/01_now_dataset/02_now_text/text-18-03/text_18-03-LK.txt
2026-08-28 16:17:20,917 INFO Wrote 17 matching line(s) to /home/eyamrog/PycharmProjects/cl_st1_melina/cl_st1_ph1_melina/corpus/01_now_dataset/02_now_text/text-18-03/text_18-03-MY.txt
2026-08-28 16:17:21,540 INFO Wrote 15 matching line(s) to /home/eyamrog/PycharmProjects/cl_st1_melina/cl_st1_ph1_melina/corpus/01_now_dataset/02_now_text/text-18-03/text_18-03-NG.txt
2026-08-28 16:17:22,377 INFO Wrote 33 matching line(s) to /home/eyamrog/PycharmProjects/cl_st1_melina/cl_st1_ph1_melina/corpus/01_now_dataset/02_now_text/text-18-03/text_18-03-NZ.txt
2026-08-28 16:17:22,682 INFO Wrote 3 matching line(s) to /home/eyamrog/PycharmProjects/cl_st1_melina/cl_st1_ph1_melina/corpus/01_now_dataset/02_now_text/text-18-03/text_18-03-PH.txt
2026-08-28 16:17:22,921 INFO Wrote 10 matching line(s) to /home/eyamrog/PycharmProjects/cl_st1_melina/cl_st1_ph1_melina/corpus/01_now_dataset/02_now_text/text-18-03/text_18-03-PK.txt
2026-08-28 16:17:23,622 INFO Wrote 22 matching line(s) to /home/eyamrog/PycharmProjects/cl_st1_melina/cl_st1_ph1_melina/corpus/01_now_dataset/02_now_text/text-18-03/text_18-03-SG.txt
2026-08-28 16:17:23,624 INFO No matches found in text_18-03-TZ.txt; skipping output file
2026-08-28 16:17:24,908 INFO Wrote 103 matching line(s) to /home/eyamrog/PycharmProjects/cl_st1_melina/cl_st1_ph1_melina/corpus/01_now_dataset/02_now_text/text-18-03/text_18-03-US.txt
2026-08-28 16:17:25,481 INFO Wrote 11 matching line(s) to /home/eyamrog/PycharmProjects/cl_st1_melina/cl_st1_ph1_melina/corpus/01_now_dataset/02_now_text/text-18-03/text_18-03-ZA.txt
2026-08-28 16:17:26,214 INFO Wrote 40 matching line(s) to /home/eyamrog/PycharmProjects/cl_st1_melina/cl_st1_ph1_melina/corpus/01_now_dataset/02_now_text/text-18-04/18-04-au.txt
2026-08-28 16:17:26,265 INFO Wrote 16 matching line(s) to /home/eyamrog/PycharmProjects/cl_st1_melina/cl_st1_ph1_melina/corpus/01_now_dataset/02_now_text/text-18-04/18-04-bd.txt
2026-08-28 16:17:27,589 INFO Wrote 49 matching line(s) to /home/eyamrog/PycharmProjects/cl_st1_melina/cl_st1_ph1_melina/corpus/01_now_dataset/02_now_text/text-18-04/18-04-ca.txt
2026-08-28 16:17:28,515 INFO Wrote 58 matching line(s) to /home/eyamrog/PycharmProjects/cl_st1_melina/cl_st1_ph1_melina/corpus/01_now_dataset/02_now_text/text-18-04/18-04-gb.txt
2026-08-28 16:17:28,717 INFO Wrote 3 matching line(s) to /home/eyamrog/PycharmProjects/cl_st1_melina/cl_st1_ph1_melina/corpus/01_now_dataset/02_now_text/text-18-04/18-04-gh.txt
2026-08-28 16:17:28,759 INFO Wrote 13 matching line(s) to /home/eyamrog/PycharmProjects/cl_st1_melina/cl_st1_ph1_melina/corpus/01_now_dataset/02_now_text/text-18-04/18-04-hk.txt
2026-08-28 16:17:29,480 INFO Wrote 23 matching line(s) to /home/eyamrog/PycharmProjects/cl_st1_melina/cl_st1_ph1_melina/corpus/01_now_dataset/02_now_text/text-18-04/18-04-ie.txt
2026-08-28 16:17:30,707 INFO Wrote 38 matching line(s) to /home/eyamrog/PycharmProjects/cl_st1_melina/cl_st1_ph1_melina/corpus/01_now_dataset/02_now_text/text-18-04/18-04-in.txt
2026-08-28 16:17:30,721 INFO Wrote 2 matching line(s) to /home/eyamrog/PycharmProjects/cl_st1_melina/cl_st1_ph1_melina/corpus/01_now_dataset/02_now_text/text-18-04/18-04-jm.txt
2026-08-28 16:17:30,988 INFO Wrote 6 matching line(s) to /home/eyamrog/PycharmProjects/cl_st1_melina/cl_st1_ph1_melina/corpus/01_now_dataset/02_now_text/text-18-04/18-04-ke.txt
2026-08-28 16:17:31,066 INFO Wrote 6 matching line(s) to /home/eyamrog/PycharmProjects/cl_st1_melina/cl_st1_ph1_melina/corpus/01_now_dataset/02_now_text/text-18-04/18-04-lk.txt
2026-08-28 16:17:31,364 INFO Wrote 47 matching line(s) to /home/eyamrog/PycharmProjects/cl_st1_melina/cl_st1_ph1_melina/corpus/01_now_dataset/02_now_text/text-18-04/18-04-my.txt
2026-08-28 16:17:32,974 INFO Wrote 35 matching line(s) to /home/eyamrog/PycharmProjects/cl_st1_melina/cl_st1_ph1_melina/corpus/01_now_dataset/02_now_text/text-18-04/18-04-ng.txt
2026-08-28 16:17:34,185 INFO Wrote 36 matching line(s) to /home/eyamrog/PycharmProjects/cl_st1_melina/cl_st1_ph1_melina/corpus/01_now_dataset/02_now_text/text-18-04/18-04-nz.txt
2026-08-28 16:17:34,495 INFO Wrote 8 matching line(s) to /home/eyamrog/PycharmProjects/cl_st1_melina/cl_st1_ph1_melina/corpus/01_now_dataset/02_now_text/text-18-04/18-04-ph.txt
2026-08-28 16:17:34,752 INFO Wrote 30 matching line(s) to /home/eyamrog/PycharmProjects/cl_st1_melina/cl_st1_ph1_melina/corpus/01_now_dataset/02_now_text/text-18-04/18-04-pk.txt
2026-08-28 16:17:35,447 INFO Wrote 69 matching line(s) to /home/eyamrog/PycharmProjects/cl_st1_melina/cl_st1_ph1_melina/corpus/01_now_dataset/02_now_text/text-18-04/18-04-sg.txt
2026-08-28 16:17:35,450 INFO No matches found in 18-04-tz.txt; skipping output file
2026-08-28 16:17:36,685 INFO Wrote 182 matching line(s) to /home/eyamrog/PycharmProjects/cl_st1_melina/cl_st1_ph1_melina/corpus/01_now_dataset/02_now_text/text-18-04/18-04-us.txt
2026-08-28 16:17:37,272 INFO Wrote 33 matching line(s) to /home/eyamrog/PycharmProjects/cl_st1_melina/cl_st1_ph1_melina/corpus/01_now_dataset/02_now_text/text-18-04/18-04-za.txt
2026-08-28 16:17:37,960 INFO Wrote 77 matching line(s) to /home/eyamrog/PycharmProjects/cl_st1_melina/cl_st1_ph1_melina/corpus/01_now_dataset/02_now_text/text-18-05/18-05-au.txt
2026-08-28 16:17:38,043 INFO Wrote 38 matching line(s) to /home/eyamrog/PycharmProjects/cl_st1_melina/cl_st1_ph1_melina/corpus/01_now_dataset/02_now_text/text-18-05/18-05-bd.txt
2026-08-28 16:17:39,548 INFO Wrote 136 matching line(s) to /home/eyamrog/PycharmProjects/cl_st1_melina/cl_st1_ph1_melina/corpus/01_now_dataset/02_now_text/text-18-05/18-05-ca.txt
2026-08-28 16:17:40,556 INFO Wrote 214 matching line(s) to /home/eyamrog/PycharmProjects/cl_st1_melina/cl_st1_ph1_melina/corpus/01_now_dataset/02_now_text/text-18-05/18-05-gb.txt
2026-08-28 16:17:40,733 INFO Wrote 6 matching line(s) to /home/eyamrog/PycharmProjects/cl_st1_melina/cl_st1_ph1_melina/corpus/01_now_dataset/02_now_text/text-18-05/18-05-gh.txt
2026-08-28 16:17:40,774 INFO Wrote 21 matching line(s) to /home/eyamrog/PycharmProjects/cl_st1_melina/cl_st1_ph1_melina/corpus/01_now_dataset/02_now_text/text-18-05/18-05-hk.txt
2026-08-28 16:17:41,497 INFO Wrote 52 matching line(s) to /home/eyamrog/PycharmProjects/cl_st1_melina/cl_st1_ph1_melina/corpus/01_now_dataset/02_now_text/text-18-05/18-05-ie.txt
2026-08-28 16:17:42,732 INFO Wrote 79 matching line(s) to /home/eyamrog/PycharmProjects/cl_st1_melina/cl_st1_ph1_melina/corpus/01_now_dataset/02_now_text/text-18-05/18-05-in.txt
2026-08-28 16:17:42,746 INFO Wrote 1 matching line(s) to /home/eyamrog/PycharmProjects/cl_st1_melina/cl_st1_ph1_melina/corpus/01_now_dataset/02_now_text/text-18-05/18-05-jm.txt
2026-08-28 16:17:43,005 INFO Wrote 13 matching line(s) to /home/eyamrog/PycharmProjects/cl_st1_melina/cl_st1_ph1_melina/corpus/01_now_dataset/02_now_text/text-18-05/18-05-ke.txt
2026-08-28 16:17:43,083 INFO Wrote 12 matching line(s) to /home/eyamrog/PycharmProjects/cl_st1_melina/cl_st1_ph1_melina/corpus/01_now_dataset/02_now_text/text-18-05/18-05-lk.txt
2026-08-28 16:17:43,417 INFO Wrote 79 matching line(s) to /home/eyamrog/PycharmProjects/cl_st1_melina/cl_st1_ph1_melina/corpus/01_now_dataset/02_now_text/text-18-05/18-05-my.txt
2026-08-28 16:17:44,367 INFO Wrote 113 matching line(s) to /home/eyamrog/PycharmProjects/cl_st1_melina/cl_st1_ph1_melina/corpus/01_now_dataset/02_now_text/text-18-05/18-05-ng.txt
2026-08-28 16:17:44,880 INFO Wrote 91 matching line(s) to /home/eyamrog/PycharmProjects/cl_st1_melina/cl_st1_ph1_melina/corpus/01_now_dataset/02_now_text/text-18-05/18-05-nz.txt
2026-08-28 16:17:45,145 INFO Wrote 24 matching line(s) to /home/eyamrog/PycharmProjects/cl_st1_melina/cl_st1_ph1_melina/corpus/01_now_dataset/02_now_text/text-18-05/18-05-ph.txt
2026-08-28 16:17:45,545 INFO Wrote 103 matching line(s) to /home/eyamrog/PycharmProjects/cl_st1_melina/cl_st1_ph1_melina/corpus/01_now_dataset/02_now_text/text-18-05/18-05-pk.txt
2026-08-28 16:17:46,263 INFO Wrote 113 matching line(s) to /home/eyamrog/PycharmProjects/cl_st1_melina/cl_st1_ph1_melina/corpus/01_now_dataset/02_now_text/text-18-05/18-05-sg.txt
2026-08-28 16:17:46,267 INFO No matches found in 18-05-tz.txt; skipping output file
2026-08-28 16:17:48,818 INFO Wrote 252 matching line(s) to /home/eyamrog/PycharmProjects/cl_st1_melina/cl_st1_ph1_melina/corpus/01_now_dataset/02_now_text/text-18-05/18-05-us.txt
2026-08-28 16:17:49,502 INFO Wrote 68 matching line(s) to /home/eyamrog/PycharmProjects/cl_st1_melina/cl_st1_ph1_melina/corpus/01_now_dataset/02_now_text/text-18-05/18-05-za.txt
2026-08-28 16:17:50,427 INFO Wrote 46 matching line(s) to /home/eyamrog/PycharmProjects/cl_st1_melina/cl_st1_ph1_melina/corpus/01_now_dataset/02_now_text/text-18-06/18-06-au.txt
2026-08-28 16:17:50,523 INFO Wrote 14 matching line(s) to /home/eyamrog/PycharmProjects/cl_st1_melina/cl_st1_ph1_melina/corpus/01_now_dataset/02_now_text/text-18-06/18-06-bd.txt
2026-08-28 16:17:51,760 INFO Wrote 47 matching line(s) to /home/eyamrog/PycharmProjects/cl_st1_melina/cl_st1_ph1_melina/corpus/01_now_dataset/02_now_text/text-18-06/18-06-ca.txt
2026-08-28 16:17:52,911 INFO Wrote 47 matching line(s) to /home/eyamrog/PycharmProjects/cl_st1_melina/cl_st1_ph1_melina/corpus/01_now_dataset/02_now_text/text-18-06/18-06-gb.txt
2026-08-28 16:17:53,039 INFO Wrote 3 matching line(s) to /home/eyamrog/PycharmProjects/cl_st1_melina/cl_st1_ph1_melina/corpus/01_now_dataset/02_now_text/text-18-06/18-06-gh.txt
2026-08-28 16:17:53,074 INFO Wrote 5 matching line(s) to /home/eyamrog/PycharmProjects/cl_st1_melina/cl_st1_ph1_melina/corpus/01_now_dataset/02_now_text/text-18-06/18-06-hk.txt
2026-08-28 16:17:54,068 INFO Wrote 27 matching line(s) to /home/eyamrog/PycharmProjects/cl_st1_melina/cl_st1_ph1_melina/corpus/01_now_dataset/02_now_text/text-18-06/18-06-ie.txt
2026-08-28 16:17:55,391 INFO Wrote 42 matching line(s) to /home/eyamrog/PycharmProjects/cl_st1_melina/cl_st1_ph1_melina/corpus/01_now_dataset/02_now_text/text-18-06/18-06-in.txt
2026-08-28 16:17:55,402 INFO Wrote 4 matching line(s) to /home/eyamrog/PycharmProjects/cl_st1_melina/cl_st1_ph1_melina/corpus/01_now_dataset/02_now_text/text-18-06/18-06-jm.txt
2026-08-28 16:17:55,624 INFO Wrote 8 matching line(s) to /home/eyamrog/PycharmProjects/cl_st1_melina/cl_st1_ph1_melina/corpus/01_now_dataset/02_now_text/text-18-06/18-06-ke.txt
2026-08-28 16:17:55,716 INFO Wrote 7 matching line(s) to /home/eyamrog/PycharmProjects/cl_st1_melina/cl_st1_ph1_melina/corpus/01_now_dataset/02_now_text/text-18-06/18-06-lk.txt
2026-08-28 16:17:55,960 INFO Wrote 15 matching line(s) to /home/eyamrog/PycharmProjects/cl_st1_melina/cl_st1_ph1_melina/corpus/01_now_dataset/02_now_text/text-18-06/18-06-my.txt
2026-08-28 16:17:56,621 INFO Wrote 49 matching line(s) to /home/eyamrog/PycharmProjects/cl_st1_melina/cl_st1_ph1_melina/corpus/01_now_dataset/02_now_text/text-18-06/18-06-ng.txt
2026-08-28 16:17:57,139 INFO Wrote 14 matching line(s) to /home/eyamrog/PycharmProjects/cl_st1_melina/cl_st1_ph1_melina/corpus/01_now_dataset/02_now_text/text-18-06/18-06-nz.txt
2026-08-28 16:17:57,438 INFO Wrote 10 matching line(s) to /home/eyamrog/PycharmProjects/cl_st1_melina/cl_st1_ph1_melina/corpus/01_now_dataset/02_now_text/text-18-06/18-06-ph.txt
2026-08-28 16:17:57,750 INFO Wrote 51 matching line(s) to /home/eyamrog/PycharmProjects/cl_st1_melina/cl_st1_ph1_melina/corpus/01_now_dataset/02_now_text/text-18-06/18-06-pk.txt
2026-08-28 16:17:58,305 INFO Wrote 30 matching line(s) to /home/eyamrog/PycharmProjects/cl_st1_melina/cl_st1_ph1_melina/corpus/01_now_dataset/02_now_text/text-18-06/18-06-sg.txt
2026-08-28 16:17:58,317 INFO No matches found in 18-06-tz.txt; skipping output file
2026-08-28 16:17:59,616 INFO Wrote 121 matching line(s) to /home/eyamrog/PycharmProjects/cl_st1_melina/cl_st1_ph1_melina/corpus/01_now_dataset/02_now_text/text-18-06/18-06-us.txt
2026-08-28 16:18:00,160 INFO Wrote 41 matching line(s) to /home/eyamrog/PycharmProjects/cl_st1_melina/cl_st1_ph1_melina/corpus/01_now_dataset/02_now_text/text-18-06/18-06-za.txt
2026-08-28 16:18:00,822 INFO Wrote 26 matching line(s) to /home/eyamrog/PycharmProjects/cl_st1_melina/cl_st1_ph1_melina/corpus/01_now_dataset/02_now_text/text-18-07/18-07-au.txt
2026-08-28 16:18:00,955 INFO Wrote 7 matching line(s) to /home/eyamrog/PycharmProjects/cl_st1_melina/cl_st1_ph1_melina/corpus/01_now_dataset/02_now_text/text-18-07/18-07-bd.txt
2026-08-28 16:18:02,235 INFO Wrote 36 matching line(s) to /home/eyamrog/PycharmProjects/cl_st1_melina/cl_st1_ph1_melina/corpus/01_now_dataset/02_now_text/text-18-07/18-07-ca.txt
2026-08-28 16:18:04,349 INFO Wrote 21 matching line(s) to /home/eyamrog/PycharmProjects/cl_st1_melina/cl_st1_ph1_melina/corpus/01_now_dataset/02_now_text/text-18-07/18-07-gb.txt
2026-08-28 16:18:04,550 INFO Wrote 3 matching line(s) to /home/eyamrog/PycharmProjects/cl_st1_melina/cl_st1_ph1_melina/corpus/01_now_dataset/02_now_text/text-18-07/18-07-gh.txt
2026-08-28 16:18:04,607 INFO Wrote 1 matching line(s) to /home/eyamrog/PycharmProjects/cl_st1_melina/cl_st1_ph1_melina/corpus/01_now_dataset/02_now_text/text-18-07/18-07-hk.txt
2026-08-28 16:18:05,319 INFO Wrote 16 matching line(s) to /home/eyamrog/PycharmProjects/cl_st1_melina/cl_st1_ph1_melina/corpus/01_now_dataset/02_now_text/text-18-07/18-07-ie.txt
2026-08-28 16:18:06,287 INFO Wrote 31 matching line(s) to /home/eyamrog/PycharmProjects/cl_st1_melina/cl_st1_ph1_melina/corpus/01_now_dataset/02_now_text/text-18-07/18-07-in.txt
2026-08-28 16:18:06,305 INFO Wrote 2 matching line(s) to /home/eyamrog/PycharmProjects/cl_st1_melina/cl_st1_ph1_melina/corpus/01_now_dataset/02_now_text/text-18-07/18-07-jm.txt
2026-08-28 16:18:06,673 INFO Wrote 3 matching line(s) to /home/eyamrog/PycharmProjects/cl_st1_melina/cl_st1_ph1_melina/corpus/01_now_dataset/02_now_text/text-18-07/18-07-ke.txt
2026-08-28 16:18:06,792 INFO Wrote 2 matching line(s) to /home/eyamrog/PycharmProjects/cl_st1_melina/cl_st1_ph1_melina/corpus/01_now_dataset/02_now_text/text-18-07/18-07-lk.txt
2026-08-28 16:18:07,153 INFO Wrote 20 matching line(s) to /home/eyamrog/PycharmProjects/cl_st1_melina/cl_st1_ph1_melina/corpus/01_now_dataset/02_now_text/text-18-07/18-07-my.txt
2026-08-28 16:18:08,155 INFO Wrote 34 matching line(s) to /home/eyamrog/PycharmProjects/cl_st1_melina/cl_st1_ph1_melina/corpus/01_now_dataset/02_now_text/text-18-07/18-07-ng.txt
2026-08-28 16:18:08,599 INFO Wrote 31 matching line(s) to /home/eyamrog/PycharmProjects/cl_st1_melina/cl_st1_ph1_melina/corpus/01_now_dataset/02_now_text/text-18-07/18-07-nz.txt
2026-08-28 16:18:09,025 INFO Wrote 13 matching line(s) to /home/eyamrog/PycharmProjects/cl_st1_melina/cl_st1_ph1_melina/corpus/01_now_dataset/02_now_text/text-18-07/18-07-ph.txt
2026-08-28 16:18:09,521 INFO Wrote 36 matching line(s) to /home/eyamrog/PycharmProjects/cl_st1_melina/cl_st1_ph1_melina/corpus/01_now_dataset/02_now_text/text-18-07/18-07-pk.txt
2026-08-28 16:18:10,376 INFO Wrote 50 matching line(s) to /home/eyamrog/PycharmProjects/cl_st1_melina/cl_st1_ph1_melina/corpus/01_now_dataset/02_now_text/text-18-07/18-07-sg.txt
2026-08-28 16:18:10,410 INFO No matches found in 18-07-tz.txt; skipping output file
2026-08-28 16:18:11,340 INFO Wrote 88 matching line(s) to /home/eyamrog/PycharmProjects/cl_st1_melina/cl_st1_ph1_melina/corpus/01_now_dataset/02_now_text/text-18-07/18-07-us.txt
2026-08-28 16:18:12,066 INFO Wrote 23 matching line(s) to /home/eyamrog/PycharmProjects/cl_st1_melina/cl_st1_ph1_melina/corpus/01_now_dataset/02_now_text/text-18-07/18-07-za.txt
2026-08-28 16:18:12,579 INFO Wrote 13 matching line(s) to /home/eyamrog/PycharmProjects/cl_st1_melina/cl_st1_ph1_melina/corpus/01_now_dataset/02_now_text/text-18-08/18-08-au.txt
2026-08-28 16:18:12,666 INFO Wrote 4 matching line(s) to /home/eyamrog/PycharmProjects/cl_st1_melina/cl_st1_ph1_melina/corpus/01_now_dataset/02_now_text/text-18-08/18-08-bd.txt
2026-08-28 16:18:13,284 INFO Wrote 21 matching line(s) to /home/eyamrog/PycharmProjects/cl_st1_melina/cl_st1_ph1_melina/corpus/01_now_dataset/02_now_text/text-18-08/18-08-ca.txt
2026-08-28 16:18:13,926 INFO Wrote 18 matching line(s) to /home/eyamrog/PycharmProjects/cl_st1_melina/cl_st1_ph1_melina/corpus/01_now_dataset/02_now_text/text-18-08/18-08-gb.txt
2026-08-28 16:18:14,031 INFO No matches found in 18-08-gh.txt; skipping output file
2026-08-28 16:18:14,063 INFO No matches found in 18-08-hk.txt; skipping output file
2026-08-28 16:18:14,610 INFO Wrote 12 matching line(s) to /home/eyamrog/PycharmProjects/cl_st1_melina/cl_st1_ph1_melina/corpus/01_now_dataset/02_now_text/text-18-08/18-08-ie.txt
2026-08-28 16:18:15,308 INFO Wrote 8 matching line(s) to /home/eyamrog/PycharmProjects/cl_st1_melina/cl_st1_ph1_melina/corpus/01_now_dataset/02_now_text/text-18-08/18-08-in.txt
2026-08-28 16:18:15,317 INFO Wrote 1 matching line(s) to /home/eyamrog/PycharmProjects/cl_st1_melina/cl_st1_ph1_melina/corpus/01_now_dataset/02_now_text/text-18-08/18-08-jm.txt
2026-08-28 16:18:15,500 INFO Wrote 4 matching line(s) to /home/eyamrog/PycharmProjects/cl_st1_melina/cl_st1_ph1_melina/corpus/01_now_dataset/02_now_text/text-18-08/18-08-ke.txt
2026-08-28 16:18:15,582 INFO Wrote 1 matching line(s) to /home/eyamrog/PycharmProjects/cl_st1_melina/cl_st1_ph1_melina/corpus/01_now_dataset/02_now_text/text-18-08/18-08-lk.txt
2026-08-28 16:18:15,778 INFO Wrote 11 matching line(s) to /home/eyamrog/PycharmProjects/cl_st1_melina/cl_st1_ph1_melina/corpus/01_now_dataset/02_now_text/text-18-08/18-08-my.txt
2026-08-28 16:18:16,335 INFO Wrote 21 matching line(s) to /home/eyamrog/PycharmProjects/cl_st1_melina/cl_st1_ph1_melina/corpus/01_now_dataset/02_now_text/text-18-08/18-08-ng.txt
2026-08-28 16:18:16,717 INFO Wrote 4 matching line(s) to /home/eyamrog/PycharmProjects/cl_st1_melina/cl_st1_ph1_melina/corpus/01_now_dataset/02_now_text/text-18-08/18-08-nz.txt
2026-08-28 16:18:17,243 INFO Wrote 6 matching line(s) to /home/eyamrog/PycharmProjects/cl_st1_melina/cl_st1_ph1_melina/corpus/01_now_dataset/02_now_text/text-18-08/18-08-ph.txt
2026-08-28 16:18:18,320 INFO Wrote 25 matching line(s) to /home/eyamrog/PycharmProjects/cl_st1_melina/cl_st1_ph1_melina/corpus/01_now_dataset/02_now_text/text-18-08/18-08-pk.txt
2026-08-28 16:18:19,178 INFO Wrote 67 matching line(s) to /home/eyamrog/PycharmProjects/cl_st1_melina/cl_st1_ph1_melina/corpus/01_now_dataset/02_now_text/text-18-08/18-08-sg.txt
2026-08-28 16:18:19,198 INFO No matches found in 18-08-tz.txt; skipping output file
2026-08-28 16:18:19,968 INFO Wrote 38 matching line(s) to /home/eyamrog/PycharmProjects/cl_st1_melina/cl_st1_ph1_melina/corpus/01_now_dataset/02_now_text/text-18-08/18-08-us.txt
2026-08-28 16:18:20,375 INFO Wrote 4 matching line(s) to /home/eyamrog/PycharmProjects/cl_st1_melina/cl_st1_ph1_melina/corpus/01_now_dataset/02_now_text/text-18-08/18-08-za.txt
2026-08-28 16:18:21,313 INFO Wrote 10 matching line(s) to /home/eyamrog/PycharmProjects/cl_st1_melina/cl_st1_ph1_melina/corpus/01_now_dataset/02_now_text/text-18-09/18-09-au.txt
2026-08-28 16:18:21,495 INFO Wrote 13 matching line(s) to /home/eyamrog/PycharmProjects/cl_st1_melina/cl_st1_ph1_melina/corpus/01_now_dataset/02_now_text/text-18-09/18-09-bd.txt
2026-08-28 16:18:22,744 INFO Wrote 32 matching line(s) to /home/eyamrog/PycharmProjects/cl_st1_melina/cl_st1_ph1_melina/corpus/01_now_dataset/02_now_text/text-18-09/18-09-ca.txt
2026-08-28 16:18:24,011 INFO Wrote 33 matching line(s) to /home/eyamrog/PycharmProjects/cl_st1_melina/cl_st1_ph1_melina/corpus/01_now_dataset/02_now_text/text-18-09/18-09-gb.txt
2026-08-28 16:18:24,270 INFO Wrote 2 matching line(s) to /home/eyamrog/PycharmProjects/cl_st1_melina/cl_st1_ph1_melina/corpus/01_now_dataset/02_now_text/text-18-09/18-09-gh.txt
2026-08-28 16:18:24,307 INFO Wrote 1 matching line(s) to /home/eyamrog/PycharmProjects/cl_st1_melina/cl_st1_ph1_melina/corpus/01_now_dataset/02_now_text/text-18-09/18-09-hk.txt
2026-08-28 16:18:25,327 INFO Wrote 39 matching line(s) to /home/eyamrog/PycharmProjects/cl_st1_melina/cl_st1_ph1_melina/corpus/01_now_dataset/02_now_text/text-18-09/18-09-ie.txt
2026-08-28 16:18:26,297 INFO Wrote 12 matching line(s) to /home/eyamrog/PycharmProjects/cl_st1_melina/cl_st1_ph1_melina/corpus/01_now_dataset/02_now_text/text-18-09/18-09-in1.txt
2026-08-28 16:18:27,251 INFO Wrote 13 matching line(s) to /home/eyamrog/PycharmProjects/cl_st1_melina/cl_st1_ph1_melina/corpus/01_now_dataset/02_now_text/text-18-09/18-09-in2.txt
2026-08-28 16:18:27,278 INFO No matches found in 18-09-jm.txt; skipping output file
2026-08-28 16:18:27,583 INFO Wrote 8 matching line(s) to /home/eyamrog/PycharmProjects/cl_st1_melina/cl_st1_ph1_melina/corpus/01_now_dataset/02_now_text/text-18-09/18-09-ke.txt
2026-08-28 16:18:27,696 INFO Wrote 3 matching line(s) to /home/eyamrog/PycharmProjects/cl_st1_melina/cl_st1_ph1_melina/corpus/01_now_dataset/02_now_text/text-18-09/18-09-lk.txt
2026-08-28 16:18:28,021 INFO Wrote 20 matching line(s) to /home/eyamrog/PycharmProjects/cl_st1_melina/cl_st1_ph1_melina/corpus/01_now_dataset/02_now_text/text-18-09/18-09-my.txt
2026-08-28 16:18:29,371 INFO Wrote 29 matching line(s) to /home/eyamrog/PycharmProjects/cl_st1_melina/cl_st1_ph1_melina/corpus/01_now_dataset/02_now_text/text-18-09/18-09-ng.txt
2026-08-28 16:18:30,084 INFO Wrote 15 matching line(s) to /home/eyamrog/PycharmProjects/cl_st1_melina/cl_st1_ph1_melina/corpus/01_now_dataset/02_now_text/text-18-09/18-09-nz.txt
2026-08-28 16:18:30,574 INFO Wrote 5 matching line(s) to /home/eyamrog/PycharmProjects/cl_st1_melina/cl_st1_ph1_melina/corpus/01_now_dataset/02_now_text/text-18-09/18-09-ph.txt
2026-08-28 16:18:31,248 INFO Wrote 52 matching line(s) to /home/eyamrog/PycharmProjects/cl_st1_melina/cl_st1_ph1_melina/corpus/01_now_dataset/02_now_text/text-18-09/18-09-pk.txt
2026-08-28 16:18:33,153 INFO Wrote 53 matching line(s) to /home/eyamrog/PycharmProjects/cl_st1_melina/cl_st1_ph1_melina/corpus/01_now_dataset/02_now_text/text-18-09/18-09-sg.txt
2026-08-28 16:18:33,234 INFO No matches found in 18-09-tz.txt; skipping output file
2026-08-28 16:18:34,284 INFO Wrote 47 matching line(s) to /home/eyamrog/PycharmProjects/cl_st1_melina/cl_st1_ph1_melina/corpus/01_now_dataset/02_now_text/text-18-09/18-09-us1.txt
2026-08-28 16:18:35,141 INFO Wrote 39 matching line(s) to /home/eyamrog/PycharmProjects/cl_st1_melina/cl_st1_ph1_melina/corpus/01_now_dataset/02_now_text/text-18-09/18-09-us2.txt
2026-08-28 16:18:35,899 INFO Wrote 14 matching line(s) to /home/eyamrog/PycharmProjects/cl_st1_melina/cl_st1_ph1_melina/corpus/01_now_dataset/02_now_text/text-18-09/18-09-za.txt
2026-08-28 16:18:36,904 INFO Wrote 27 matching line(s) to /home/eyamrog/PycharmProjects/cl_st1_melina/cl_st1_ph1_melina/corpus/01_now_dataset/02_now_text/text-18-10/18-10-au.txt
2026-08-28 16:18:37,075 INFO Wrote 13 matching line(s) to /home/eyamrog/PycharmProjects/cl_st1_melina/cl_st1_ph1_melina/corpus/01_now_dataset/02_now_text/text-18-10/18-10-bd.txt
2026-08-28 16:18:38,391 INFO Wrote 28 matching line(s) to /home/eyamrog/PycharmProjects/cl_st1_melina/cl_st1_ph1_melina/corpus/01_now_dataset/02_now_text/text-18-10/18-10-ca.txt
2026-08-28 16:18:39,723 INFO Wrote 20 matching line(s) to /home/eyamrog/PycharmProjects/cl_st1_melina/cl_st1_ph1_melina/corpus/01_now_dataset/02_now_text/text-18-10/18-10-gb.txt
2026-08-28 16:18:40,013 INFO Wrote 1 matching line(s) to /home/eyamrog/PycharmProjects/cl_st1_melina/cl_st1_ph1_melina/corpus/01_now_dataset/02_now_text/text-18-10/18-10-gh.txt
2026-08-28 16:18:40,056 INFO No matches found in 18-10-hk.txt; skipping output file
2026-08-28 16:18:41,267 INFO Wrote 15 matching line(s) to /home/eyamrog/PycharmProjects/cl_st1_melina/cl_st1_ph1_melina/corpus/01_now_dataset/02_now_text/text-18-10/18-10-ie.txt
2026-08-28 16:18:42,224 INFO Wrote 14 matching line(s) to /home/eyamrog/PycharmProjects/cl_st1_melina/cl_st1_ph1_melina/corpus/01_now_dataset/02_now_text/text-18-10/18-10-in-1.txt
2026-08-28 16:18:43,181 INFO Wrote 19 matching line(s) to /home/eyamrog/PycharmProjects/cl_st1_melina/cl_st1_ph1_melina/corpus/01_now_dataset/02_now_text/text-18-10/18-10-in-2.txt
2026-08-28 16:18:43,208 INFO Wrote 1 matching line(s) to /home/eyamrog/PycharmProjects/cl_st1_melina/cl_st1_ph1_melina/corpus/01_now_dataset/02_now_text/text-18-10/18-10-jm.txt
2026-08-28 16:18:43,586 INFO Wrote 5 matching line(s) to /home/eyamrog/PycharmProjects/cl_st1_melina/cl_st1_ph1_melina/corpus/01_now_dataset/02_now_text/text-18-10/18-10-ke.txt
2026-08-28 16:18:43,685 INFO Wrote 1 matching line(s) to /home/eyamrog/PycharmProjects/cl_st1_melina/cl_st1_ph1_melina/corpus/01_now_dataset/02_now_text/text-18-10/18-10-lk.txt
2026-08-28 16:18:44,059 INFO Wrote 8 matching line(s) to /home/eyamrog/PycharmProjects/cl_st1_melina/cl_st1_ph1_melina/corpus/01_now_dataset/02_now_text/text-18-10/18-10-my.txt
2026-08-28 16:18:45,307 INFO Wrote 21 matching line(s) to /home/eyamrog/PycharmProjects/cl_st1_melina/cl_st1_ph1_melina/corpus/01_now_dataset/02_now_text/text-18-10/18-10-ng.txt
2026-08-28 16:18:45,922 INFO Wrote 26 matching line(s) to /home/eyamrog/PycharmProjects/cl_st1_melina/cl_st1_ph1_melina/corpus/01_now_dataset/02_now_text/text-18-10/18-10-nz.txt
2026-08-28 16:18:46,411 INFO Wrote 8 matching line(s) to /home/eyamrog/PycharmProjects/cl_st1_melina/cl_st1_ph1_melina/corpus/01_now_dataset/02_now_text/text-18-10/18-10-ph.txt
2026-08-28 16:18:47,695 INFO Wrote 43 matching line(s) to /home/eyamrog/PycharmProjects/cl_st1_melina/cl_st1_ph1_melina/corpus/01_now_dataset/02_now_text/text-18-10/18-10-pk.txt
2026-08-28 16:18:49,602 INFO Wrote 45 matching line(s) to /home/eyamrog/PycharmProjects/cl_st1_melina/cl_st1_ph1_melina/corpus/01_now_dataset/02_now_text/text-18-10/18-10-sg.txt
2026-08-28 16:18:49,661 INFO Wrote 1 matching line(s) to /home/eyamrog/PycharmProjects/cl_st1_melina/cl_st1_ph1_melina/corpus/01_now_dataset/02_now_text/text-18-10/18-10-tz.txt
2026-08-28 16:18:50,420 INFO Wrote 41 matching line(s) to /home/eyamrog/PycharmProjects/cl_st1_melina/cl_st1_ph1_melina/corpus/01_now_dataset/02_now_text/text-18-10/18-10-us-1.txt
2026-08-28 16:18:51,190 INFO Wrote 36 matching line(s) to /home/eyamrog/PycharmProjects/cl_st1_melina/cl_st1_ph1_melina/corpus/01_now_dataset/02_now_text/text-18-10/18-10-us-2.txt
2026-08-28 16:18:52,048 INFO Wrote 10 matching line(s) to /home/eyamrog/PycharmProjects/cl_st1_melina/cl_st1_ph1_melina/corpus/01_now_dataset/02_now_text/text-18-10/18-10-za.txt
2026-08-28 16:18:52,941 INFO Wrote 23 matching line(s) to /home/eyamrog/PycharmProjects/cl_st1_melina/cl_st1_ph1_melina/corpus/01_now_dataset/02_now_text/text-18-11/18-11-au.txt
2026-08-28 16:18:53,105 INFO Wrote 7 matching line(s) to /home/eyamrog/PycharmProjects/cl_st1_melina/cl_st1_ph1_melina/corpus/01_now_dataset/02_now_text/text-18-11/18-11-bd.txt
2026-08-28 16:18:54,282 INFO Wrote 31 matching line(s) to /home/eyamrog/PycharmProjects/cl_st1_melina/cl_st1_ph1_melina/corpus/01_now_dataset/02_now_text/text-18-11/18-11-ca.txt
2026-08-28 16:18:55,506 INFO Wrote 23 matching line(s) to /home/eyamrog/PycharmProjects/cl_st1_melina/cl_st1_ph1_melina/corpus/01_now_dataset/02_now_text/text-18-11/18-11-gb.txt
2026-08-28 16:18:55,747 INFO Wrote 1 matching line(s) to /home/eyamrog/PycharmProjects/cl_st1_melina/cl_st1_ph1_melina/corpus/01_now_dataset/02_now_text/text-18-11/18-11-gh.txt
2026-08-28 16:18:55,798 INFO Wrote 1 matching line(s) to /home/eyamrog/PycharmProjects/cl_st1_melina/cl_st1_ph1_melina/corpus/01_now_dataset/02_now_text/text-18-11/18-11-hk.txt
2026-08-28 16:18:56,909 INFO Wrote 24 matching line(s) to /home/eyamrog/PycharmProjects/cl_st1_melina/cl_st1_ph1_melina/corpus/01_now_dataset/02_now_text/text-18-11/18-11-ie.txt
2026-08-28 16:18:57,799 INFO Wrote 27 matching line(s) to /home/eyamrog/PycharmProjects/cl_st1_melina/cl_st1_ph1_melina/corpus/01_now_dataset/02_now_text/text-18-11/18-11-in1.txt
2026-08-28 16:18:58,714 INFO Wrote 19 matching line(s) to /home/eyamrog/PycharmProjects/cl_st1_melina/cl_st1_ph1_melina/corpus/01_now_dataset/02_now_text/text-18-11/18-11-in2.txt
2026-08-28 16:18:58,741 INFO Wrote 3 matching line(s) to /home/eyamrog/PycharmProjects/cl_st1_melina/cl_st1_ph1_melina/corpus/01_now_dataset/02_now_text/text-18-11/18-11-jm.txt
2026-08-28 16:18:59,130 INFO Wrote 14 matching line(s) to /home/eyamrog/PycharmProjects/cl_st1_melina/cl_st1_ph1_melina/corpus/01_now_dataset/02_now_text/text-18-11/18-11-ke.txt
2026-08-28 16:18:59,222 INFO Wrote 2 matching line(s) to /home/eyamrog/PycharmProjects/cl_st1_melina/cl_st1_ph1_melina/corpus/01_now_dataset/02_now_text/text-18-11/18-11-lk.txt
2026-08-28 16:18:59,546 INFO Wrote 4 matching line(s) to /home/eyamrog/PycharmProjects/cl_st1_melina/cl_st1_ph1_melina/corpus/01_now_dataset/02_now_text/text-18-11/18-11-my.txt
2026-08-28 16:19:00,536 INFO Wrote 21 matching line(s) to /home/eyamrog/PycharmProjects/cl_st1_melina/cl_st1_ph1_melina/corpus/01_now_dataset/02_now_text/text-18-11/18-11-ng.txt
2026-08-28 16:19:01,176 INFO Wrote 16 matching line(s) to /home/eyamrog/PycharmProjects/cl_st1_melina/cl_st1_ph1_melina/corpus/01_now_dataset/02_now_text/text-18-11/18-11-nz.txt
2026-08-28 16:19:01,686 INFO Wrote 8 matching line(s) to /home/eyamrog/PycharmProjects/cl_st1_melina/cl_st1_ph1_melina/corpus/01_now_dataset/02_now_text/text-18-11/18-11-ph.txt
2026-08-28 16:19:03,373 INFO Wrote 30 matching line(s) to /home/eyamrog/PycharmProjects/cl_st1_melina/cl_st1_ph1_melina/corpus/01_now_dataset/02_now_text/text-18-11/18-11-pk.txt
2026-08-28 16:19:04,602 INFO Wrote 36 matching line(s) to /home/eyamrog/PycharmProjects/cl_st1_melina/cl_st1_ph1_melina/corpus/01_now_dataset/02_now_text/text-18-11/18-11-sg.txt
2026-08-28 16:19:04,670 INFO Wrote 1 matching line(s) to /home/eyamrog/PycharmProjects/cl_st1_melina/cl_st1_ph1_melina/corpus/01_now_dataset/02_now_text/text-18-11/18-11-tz.txt
2026-08-28 16:19:05,477 INFO Wrote 41 matching line(s) to /home/eyamrog/PycharmProjects/cl_st1_melina/cl_st1_ph1_melina/corpus/01_now_dataset/02_now_text/text-18-11/18-11-us1.txt
2026-08-28 16:19:06,295 INFO Wrote 43 matching line(s) to /home/eyamrog/PycharmProjects/cl_st1_melina/cl_st1_ph1_melina/corpus/01_now_dataset/02_now_text/text-18-11/18-11-us2.txt
2026-08-28 16:19:07,131 INFO Wrote 14 matching line(s) to /home/eyamrog/PycharmProjects/cl_st1_melina/cl_st1_ph1_melina/corpus/01_now_dataset/02_now_text/text-18-11/18-11-za.txt
2026-08-28 16:19:07,826 INFO Wrote 18 matching line(s) to /home/eyamrog/PycharmProjects/cl_st1_melina/cl_st1_ph1_melina/corpus/01_now_dataset/02_now_text/text-18-12/18-12-au.txt
2026-08-28 16:19:07,981 INFO Wrote 3 matching line(s) to /home/eyamrog/PycharmProjects/cl_st1_melina/cl_st1_ph1_melina/corpus/01_now_dataset/02_now_text/text-18-12/18-12-bd.txt
2026-08-28 16:19:09,057 INFO Wrote 33 matching line(s) to /home/eyamrog/PycharmProjects/cl_st1_melina/cl_st1_ph1_melina/corpus/01_now_dataset/02_now_text/text-18-12/18-12-ca.txt
2026-08-28 16:19:10,156 INFO Wrote 18 matching line(s) to /home/eyamrog/PycharmProjects/cl_st1_melina/cl_st1_ph1_melina/corpus/01_now_dataset/02_now_text/text-18-12/18-12-gb.txt
2026-08-28 16:19:10,358 INFO Wrote 2 matching line(s) to /home/eyamrog/PycharmProjects/cl_st1_melina/cl_st1_ph1_melina/corpus/01_now_dataset/02_now_text/text-18-12/18-12-gh.txt
2026-08-28 16:19:10,400 INFO Wrote 1 matching line(s) to /home/eyamrog/PycharmProjects/cl_st1_melina/cl_st1_ph1_melina/corpus/01_now_dataset/02_now_text/text-18-12/18-12-hk.txt
2026-08-28 16:19:11,315 INFO Wrote 12 matching line(s) to /home/eyamrog/PycharmProjects/cl_st1_melina/cl_st1_ph1_melina/corpus/01_now_dataset/02_now_text/text-18-12/18-12-ie.txt
2026-08-28 16:19:12,182 INFO Wrote 19 matching line(s) to /home/eyamrog/PycharmProjects/cl_st1_melina/cl_st1_ph1_melina/corpus/01_now_dataset/02_now_text/text-18-12/18-12-in1.txt
2026-08-28 16:19:13,056 INFO Wrote 14 matching line(s) to /home/eyamrog/PycharmProjects/cl_st1_melina/cl_st1_ph1_melina/corpus/01_now_dataset/02_now_text/text-18-12/18-12-in2.txt
2026-08-28 16:19:13,079 INFO Wrote 1 matching line(s) to /home/eyamrog/PycharmProjects/cl_st1_melina/cl_st1_ph1_melina/corpus/01_now_dataset/02_now_text/text-18-12/18-12-jm.txt
2026-08-28 16:19:13,381 INFO Wrote 7 matching line(s) to /home/eyamrog/PycharmProjects/cl_st1_melina/cl_st1_ph1_melina/corpus/01_now_dataset/02_now_text/text-18-12/18-12-ke.txt
2026-08-28 16:19:13,465 INFO Wrote 2 matching line(s) to /home/eyamrog/PycharmProjects/cl_st1_melina/cl_st1_ph1_melina/corpus/01_now_dataset/02_now_text/text-18-12/18-12-lk.txt
2026-08-28 16:19:13,776 INFO Wrote 5 matching line(s) to /home/eyamrog/PycharmProjects/cl_st1_melina/cl_st1_ph1_melina/corpus/01_now_dataset/02_now_text/text-18-12/18-12-my.txt
2026-08-28 16:19:15,017 INFO Wrote 26 matching line(s) to /home/eyamrog/PycharmProjects/cl_st1_melina/cl_st1_ph1_melina/corpus/01_now_dataset/02_now_text/text-18-12/18-12-ng.txt
2026-08-28 16:19:15,550 INFO Wrote 8 matching line(s) to /home/eyamrog/PycharmProjects/cl_st1_melina/cl_st1_ph1_melina/corpus/01_now_dataset/02_now_text/text-18-12/18-12-nz.txt
2026-08-28 16:19:16,051 INFO Wrote 6 matching line(s) to /home/eyamrog/PycharmProjects/cl_st1_melina/cl_st1_ph1_melina/corpus/01_now_dataset/02_now_text/text-18-12/18-12-ph.txt
2026-08-28 16:19:16,675 INFO Wrote 20 matching line(s) to /home/eyamrog/PycharmProjects/cl_st1_melina/cl_st1_ph1_melina/corpus/01_now_dataset/02_now_text/text-18-12/18-12-pk.txt
2026-08-28 16:19:18,578 INFO Wrote 21 matching line(s) to /home/eyamrog/PycharmProjects/cl_st1_melina/cl_st1_ph1_melina/corpus/01_now_dataset/02_now_text/text-18-12/18-12-sg.txt
2026-08-28 16:19:18,653 INFO No matches found in 18-12-tz.txt; skipping output file
2026-08-28 16:19:19,478 INFO Wrote 49 matching line(s) to /home/eyamrog/PycharmProjects/cl_st1_melina/cl_st1_ph1_melina/corpus/01_now_dataset/02_now_text/text-18-12/18-12-us1.txt
2026-08-28 16:19:20,236 INFO Wrote 49 matching line(s) to /home/eyamrog/PycharmProjects/cl_st1_melina/cl_st1_ph1_melina/corpus/01_now_dataset/02_now_text/text-18-12/18-12-us2.txt
2026-08-28 16:19:20,849 INFO Wrote 10 matching line(s) to /home/eyamrog/PycharmProjects/cl_st1_melina/cl_st1_ph1_melina/corpus/01_now_dataset/02_now_text/text-18-12/18-12-za.txt
2026-08-28 16:19:21,696 INFO Wrote 7 matching line(s) to /home/eyamrog/PycharmProjects/cl_st1_melina/cl_st1_ph1_melina/corpus/01_now_dataset/02_now_text/text-19-01/19-01-au.txt
2026-08-28 16:19:21,846 INFO Wrote 4 matching line(s) to /home/eyamrog/PycharmProjects/cl_st1_melina/cl_st1_ph1_melina/corpus/01_now_dataset/02_now_text/text-19-01/19-01-bd.txt
2026-08-28 16:19:23,079 INFO Wrote 21 matching line(s) to /home/eyamrog/PycharmProjects/cl_st1_melina/cl_st1_ph1_melina/corpus/01_now_dataset/02_now_text/text-19-01/19-01-ca.txt
2026-08-28 16:19:24,465 INFO Wrote 19 matching line(s) to /home/eyamrog/PycharmProjects/cl_st1_melina/cl_st1_ph1_melina/corpus/01_now_dataset/02_now_text/text-19-01/19-01-gb.txt
2026-08-28 16:19:24,730 INFO Wrote 6 matching line(s) to /home/eyamrog/PycharmProjects/cl_st1_melina/cl_st1_ph1_melina/corpus/01_now_dataset/02_now_text/text-19-01/19-01-gh.txt
2026-08-28 16:19:24,782 INFO No matches found in 19-01-hk.txt; skipping output file
2026-08-28 16:19:25,991 INFO Wrote 12 matching line(s) to /home/eyamrog/PycharmProjects/cl_st1_melina/cl_st1_ph1_melina/corpus/01_now_dataset/02_now_text/text-19-01/19-01-ie.txt
2026-08-28 16:19:26,967 INFO Wrote 11 matching line(s) to /home/eyamrog/PycharmProjects/cl_st1_melina/cl_st1_ph1_melina/corpus/01_now_dataset/02_now_text/text-19-01/19-01-in1.txt
2026-08-28 16:19:27,950 INFO Wrote 7 matching line(s) to /home/eyamrog/PycharmProjects/cl_st1_melina/cl_st1_ph1_melina/corpus/01_now_dataset/02_now_text/text-19-01/19-01-in2.txt
2026-08-28 16:19:27,978 INFO No matches found in 19-01-jm.txt; skipping output file
2026-08-28 16:19:28,399 INFO Wrote 7 matching line(s) to /home/eyamrog/PycharmProjects/cl_st1_melina/cl_st1_ph1_melina/corpus/01_now_dataset/02_now_text/text-19-01/19-01-ke.txt
2026-08-28 16:19:28,504 INFO Wrote 2 matching line(s) to /home/eyamrog/PycharmProjects/cl_st1_melina/cl_st1_ph1_melina/corpus/01_now_dataset/02_now_text/text-19-01/19-01-lk.txt
2026-08-28 16:19:28,853 INFO Wrote 12 matching line(s) to /home/eyamrog/PycharmProjects/cl_st1_melina/cl_st1_ph1_melina/corpus/01_now_dataset/02_now_text/text-19-01/19-01-my.txt
2026-08-28 16:19:30,354 INFO Wrote 17 matching line(s) to /home/eyamrog/PycharmProjects/cl_st1_melina/cl_st1_ph1_melina/corpus/01_now_dataset/02_now_text/text-19-01/19-01-ng.txt
2026-08-28 16:19:30,957 INFO Wrote 101 matching line(s) to /home/eyamrog/PycharmProjects/cl_st1_melina/cl_st1_ph1_melina/corpus/01_now_dataset/02_now_text/text-19-01/19-01-nz.txt
2026-08-28 16:19:31,589 INFO Wrote 5 matching line(s) to /home/eyamrog/PycharmProjects/cl_st1_melina/cl_st1_ph1_melina/corpus/01_now_dataset/02_now_text/text-19-01/19-01-ph.txt
2026-08-28 16:19:33,306 INFO Wrote 21 matching line(s) to /home/eyamrog/PycharmProjects/cl_st1_melina/cl_st1_ph1_melina/corpus/01_now_dataset/02_now_text/text-19-01/19-01-pk.txt
2026-08-28 16:19:34,783 INFO Wrote 28 matching line(s) to /home/eyamrog/PycharmProjects/cl_st1_melina/cl_st1_ph1_melina/corpus/01_now_dataset/02_now_text/text-19-01/19-01-sg.txt
2026-08-28 16:19:34,862 INFO No matches found in 19-01-tz.txt; skipping output file
2026-08-28 16:19:35,670 INFO Wrote 50 matching line(s) to /home/eyamrog/PycharmProjects/cl_st1_melina/cl_st1_ph1_melina/corpus/01_now_dataset/02_now_text/text-19-01/19-01-us1.txt
2026-08-28 16:19:36,529 INFO Wrote 27 matching line(s) to /home/eyamrog/PycharmProjects/cl_st1_melina/cl_st1_ph1_melina/corpus/01_now_dataset/02_now_text/text-19-01/19-01-us2.txt
2026-08-28 16:19:37,351 INFO Wrote 7 matching line(s) to /home/eyamrog/PycharmProjects/cl_st1_melina/cl_st1_ph1_melina/corpus/01_now_dataset/02_now_text/text-19-01/19-01-za.txt
2026-08-28 16:19:38,195 INFO Wrote 6 matching line(s) to /home/eyamrog/PycharmProjects/cl_st1_melina/cl_st1_ph1_melina/corpus/01_now_dataset/02_now_text/text-19-02/19-02-au.txt
2026-08-28 16:19:38,363 INFO Wrote 2 matching line(s) to /home/eyamrog/PycharmProjects/cl_st1_melina/cl_st1_ph1_melina/corpus/01_now_dataset/02_now_text/text-19-02/19-02-bd.txt
2026-08-28 16:19:39,475 INFO Wrote 22 matching line(s) to /home/eyamrog/PycharmProjects/cl_st1_melina/cl_st1_ph1_melina/corpus/01_now_dataset/02_now_text/text-19-02/19-02-ca.txt
2026-08-28 16:19:40,112 INFO Wrote 1 matching line(s) to /home/eyamrog/PycharmProjects/cl_st1_melina/cl_st1_ph1_melina/corpus/01_now_dataset/02_now_text/text-19-02/19-02-gb1.txt
2026-08-28 16:19:40,762 INFO Wrote 14 matching line(s) to /home/eyamrog/PycharmProjects/cl_st1_melina/cl_st1_ph1_melina/corpus/01_now_dataset/02_now_text/text-19-02/19-02-gb2.txt
2026-08-28 16:19:41,021 INFO Wrote 2 matching line(s) to /home/eyamrog/PycharmProjects/cl_st1_melina/cl_st1_ph1_melina/corpus/01_now_dataset/02_now_text/text-19-02/19-02-gh.txt
2026-08-28 16:19:41,059 INFO No matches found in 19-02-hk.txt; skipping output file
2026-08-28 16:19:42,156 INFO Wrote 15 matching line(s) to /home/eyamrog/PycharmProjects/cl_st1_melina/cl_st1_ph1_melina/corpus/01_now_dataset/02_now_text/text-19-02/19-02-ie.txt
2026-08-28 16:19:43,013 INFO Wrote 11 matching line(s) to /home/eyamrog/PycharmProjects/cl_st1_melina/cl_st1_ph1_melina/corpus/01_now_dataset/02_now_text/text-19-02/19-02-in1.txt
2026-08-28 16:19:43,885 INFO Wrote 9 matching line(s) to /home/eyamrog/PycharmProjects/cl_st1_melina/cl_st1_ph1_melina/corpus/01_now_dataset/02_now_text/text-19-02/19-02-in2.txt
2026-08-28 16:19:43,914 INFO Wrote 1 matching line(s) to /home/eyamrog/PycharmProjects/cl_st1_melina/cl_st1_ph1_melina/corpus/01_now_dataset/02_now_text/text-19-02/19-02-jm.txt
2026-08-28 16:19:44,329 INFO Wrote 2 matching line(s) to /home/eyamrog/PycharmProjects/cl_st1_melina/cl_st1_ph1_melina/corpus/01_now_dataset/02_now_text/text-19-02/19-02-ke.txt
2026-08-28 16:19:44,420 INFO No matches found in 19-02-lk.txt; skipping output file
2026-08-28 16:19:44,745 INFO Wrote 8 matching line(s) to /home/eyamrog/PycharmProjects/cl_st1_melina/cl_st1_ph1_melina/corpus/01_now_dataset/02_now_text/text-19-02/19-02-my.txt
2026-08-28 16:19:45,415 INFO Wrote 8 matching line(s) to /home/eyamrog/PycharmProjects/cl_st1_melina/cl_st1_ph1_melina/corpus/01_now_dataset/02_now_text/text-19-02/19-02-ng1.txt
2026-08-28 16:19:46,123 INFO Wrote 7 matching line(s) to /home/eyamrog/PycharmProjects/cl_st1_melina/cl_st1_ph1_melina/corpus/01_now_dataset/02_now_text/text-19-02/19-02-ng2.txt
2026-08-28 16:19:46,818 INFO Wrote 54 matching line(s) to /home/eyamrog/PycharmProjects/cl_st1_melina/cl_st1_ph1_melina/corpus/01_now_dataset/02_now_text/text-19-02/19-02-nz.txt
2026-08-28 16:19:48,557 INFO Wrote 2 matching line(s) to /home/eyamrog/PycharmProjects/cl_st1_melina/cl_st1_ph1_melina/corpus/01_now_dataset/02_now_text/text-19-02/19-02-ph.txt
2026-08-28 16:19:49,506 INFO Wrote 23 matching line(s) to /home/eyamrog/PycharmProjects/cl_st1_melina/cl_st1_ph1_melina/corpus/01_now_dataset/02_now_text/text-19-02/19-02-pk.txt
2026-08-28 16:19:50,518 INFO Wrote 22 matching line(s) to /home/eyamrog/PycharmProjects/cl_st1_melina/cl_st1_ph1_melina/corpus/01_now_dataset/02_now_text/text-19-02/19-02-sg.txt
2026-08-28 16:19:50,577 INFO No matches found in 19-02-tz.txt; skipping output file
2026-08-28 16:19:51,330 INFO Wrote 26 matching line(s) to /home/eyamrog/PycharmProjects/cl_st1_melina/cl_st1_ph1_melina/corpus/01_now_dataset/02_now_text/text-19-02/19-02-us1.txt
2026-08-28 16:19:52,074 INFO Wrote 28 matching line(s) to /home/eyamrog/PycharmProjects/cl_st1_melina/cl_st1_ph1_melina/corpus/01_now_dataset/02_now_text/text-19-02/19-02-us2.txt
2026-08-28 16:19:52,964 INFO Wrote 14 matching line(s) to /home/eyamrog/PycharmProjects/cl_st1_melina/cl_st1_ph1_melina/corpus/01_now_dataset/02_now_text/text-19-02/19-02-za.txt
2026-08-28 16:19:53,811 INFO Wrote 21 matching line(s) to /home/eyamrog/PycharmProjects/cl_st1_melina/cl_st1_ph1_melina/corpus/01_now_dataset/02_now_text/text-19-03/19-03-au.txt
2026-08-28 16:19:54,021 INFO Wrote 15 matching line(s) to /home/eyamrog/PycharmProjects/cl_st1_melina/cl_st1_ph1_melina/corpus/01_now_dataset/02_now_text/text-19-03/19-03-bd.txt
2026-08-28 16:19:55,228 INFO Wrote 51 matching line(s) to /home/eyamrog/PycharmProjects/cl_st1_melina/cl_st1_ph1_melina/corpus/01_now_dataset/02_now_text/text-19-03/19-03-ca.txt
2026-08-28 16:19:56,513 INFO Wrote 34 matching line(s) to /home/eyamrog/PycharmProjects/cl_st1_melina/cl_st1_ph1_melina/corpus/01_now_dataset/02_now_text/text-19-03/19-03-gb.txt
2026-08-28 16:19:56,773 INFO Wrote 19 matching line(s) to /home/eyamrog/PycharmProjects/cl_st1_melina/cl_st1_ph1_melina/corpus/01_now_dataset/02_now_text/text-19-03/19-03-gh.txt
2026-08-28 16:19:56,827 INFO No matches found in 19-03-hk.txt; skipping output file
2026-08-28 16:19:57,940 INFO Wrote 44 matching line(s) to /home/eyamrog/PycharmProjects/cl_st1_melina/cl_st1_ph1_melina/corpus/01_now_dataset/02_now_text/text-19-03/19-03-ie.txt
2026-08-28 16:19:58,814 INFO Wrote 16 matching line(s) to /home/eyamrog/PycharmProjects/cl_st1_melina/cl_st1_ph1_melina/corpus/01_now_dataset/02_now_text/text-19-03/19-03-in1.txt
2026-08-28 16:19:59,679 INFO Wrote 44 matching line(s) to /home/eyamrog/PycharmProjects/cl_st1_melina/cl_st1_ph1_melina/corpus/01_now_dataset/02_now_text/text-19-03/19-03-in2.txt
2026-08-28 16:19:59,705 INFO No matches found in 19-03-jm.txt; skipping output file
2026-08-28 16:20:00,093 INFO Wrote 8 matching line(s) to /home/eyamrog/PycharmProjects/cl_st1_melina/cl_st1_ph1_melina/corpus/01_now_dataset/02_now_text/text-19-03/19-03-ke.txt
2026-08-28 16:20:00,182 INFO No matches found in 19-03-lk.txt; skipping output file
2026-08-28 16:20:00,502 INFO Wrote 11 matching line(s) to /home/eyamrog/PycharmProjects/cl_st1_melina/cl_st1_ph1_melina/corpus/01_now_dataset/02_now_text/text-19-03/19-03-my.txt
2026-08-28 16:20:01,713 INFO Wrote 25 matching line(s) to /home/eyamrog/PycharmProjects/cl_st1_melina/cl_st1_ph1_melina/corpus/01_now_dataset/02_now_text/text-19-03/19-03-ng.txt
2026-08-28 16:20:03,072 INFO Wrote 22 matching line(s) to /home/eyamrog/PycharmProjects/cl_st1_melina/cl_st1_ph1_melina/corpus/01_now_dataset/02_now_text/text-19-03/19-03-nz.txt
2026-08-28 16:20:03,899 INFO Wrote 8 matching line(s) to /home/eyamrog/PycharmProjects/cl_st1_melina/cl_st1_ph1_melina/corpus/01_now_dataset/02_now_text/text-19-03/19-03-ph.txt
2026-08-28 16:20:04,627 INFO Wrote 53 matching line(s) to /home/eyamrog/PycharmProjects/cl_st1_melina/cl_st1_ph1_melina/corpus/01_now_dataset/02_now_text/text-19-03/19-03-pk.txt
2026-08-28 16:20:05,503 INFO Wrote 60 matching line(s) to /home/eyamrog/PycharmProjects/cl_st1_melina/cl_st1_ph1_melina/corpus/01_now_dataset/02_now_text/text-19-03/19-03-sg.txt
2026-08-28 16:20:05,553 INFO Wrote 2 matching line(s) to /home/eyamrog/PycharmProjects/cl_st1_melina/cl_st1_ph1_melina/corpus/01_now_dataset/02_now_text/text-19-03/19-03-tz.txt
2026-08-28 16:20:06,366 INFO Wrote 39 matching line(s) to /home/eyamrog/PycharmProjects/cl_st1_melina/cl_st1_ph1_melina/corpus/01_now_dataset/02_now_text/text-19-03/19-03-us1.txt
2026-08-28 16:20:07,190 INFO Wrote 90 matching line(s) to /home/eyamrog/PycharmProjects/cl_st1_melina/cl_st1_ph1_melina/corpus/01_now_dataset/02_now_text/text-19-03/19-03-us2.txt
2026-08-28 16:20:08,063 INFO Wrote 27 matching line(s) to /home/eyamrog/PycharmProjects/cl_st1_melina/cl_st1_ph1_melina/corpus/01_now_dataset/02_now_text/text-19-03/19-03-za.txt
2026-08-28 16:20:08,939 INFO Wrote 20 matching line(s) to /home/eyamrog/PycharmProjects/cl_st1_melina/cl_st1_ph1_melina/corpus/01_now_dataset/02_now_text/text-19-04/19-04-au.txt
2026-08-28 16:20:09,160 INFO Wrote 11 matching line(s) to /home/eyamrog/PycharmProjects/cl_st1_melina/cl_st1_ph1_melina/corpus/01_now_dataset/02_now_text/text-19-04/19-04-bd.txt
2026-08-28 16:20:10,360 INFO Wrote 22 matching line(s) to /home/eyamrog/PycharmProjects/cl_st1_melina/cl_st1_ph1_melina/corpus/01_now_dataset/02_now_text/text-19-04/19-04-ca.txt
2026-08-28 16:20:11,055 INFO Wrote 18 matching line(s) to /home/eyamrog/PycharmProjects/cl_st1_melina/cl_st1_ph1_melina/corpus/01_now_dataset/02_now_text/text-19-04/19-04-gb1.txt
2026-08-28 16:20:11,750 INFO Wrote 1 matching line(s) to /home/eyamrog/PycharmProjects/cl_st1_melina/cl_st1_ph1_melina/corpus/01_now_dataset/02_now_text/text-19-04/19-04-gb2.txt
2026-08-28 16:20:12,034 INFO Wrote 9 matching line(s) to /home/eyamrog/PycharmProjects/cl_st1_melina/cl_st1_ph1_melina/corpus/01_now_dataset/02_now_text/text-19-04/19-04-gh.txt
2026-08-28 16:20:12,082 INFO Wrote 2 matching line(s) to /home/eyamrog/PycharmProjects/cl_st1_melina/cl_st1_ph1_melina/corpus/01_now_dataset/02_now_text/text-19-04/19-04-hk.txt
2026-08-28 16:20:13,176 INFO Wrote 20 matching line(s) to /home/eyamrog/PycharmProjects/cl_st1_melina/cl_st1_ph1_melina/corpus/01_now_dataset/02_now_text/text-19-04/19-04-ie.txt
2026-08-28 16:20:14,004 INFO Wrote 20 matching line(s) to /home/eyamrog/PycharmProjects/cl_st1_melina/cl_st1_ph1_melina/corpus/01_now_dataset/02_now_text/text-19-04/19-04-in1.txt
2026-08-28 16:20:14,835 INFO Wrote 9 matching line(s) to /home/eyamrog/PycharmProjects/cl_st1_melina/cl_st1_ph1_melina/corpus/01_now_dataset/02_now_text/text-19-04/19-04-in2.txt
2026-08-28 16:20:14,862 INFO Wrote 1 matching line(s) to /home/eyamrog/PycharmProjects/cl_st1_melina/cl_st1_ph1_melina/corpus/01_now_dataset/02_now_text/text-19-04/19-04-jm.txt
2026-08-28 16:20:15,272 INFO Wrote 8 matching line(s) to /home/eyamrog/PycharmProjects/cl_st1_melina/cl_st1_ph1_melina/corpus/01_now_dataset/02_now_text/text-19-04/19-04-ke.txt
2026-08-28 16:20:15,351 INFO No matches found in 19-04-lk.txt; skipping output file
2026-08-28 16:20:15,810 INFO Wrote 6 matching line(s) to /home/eyamrog/PycharmProjects/cl_st1_melina/cl_st1_ph1_melina/corpus/01_now_dataset/02_now_text/text-19-04/19-04-my.txt
2026-08-28 16:20:16,506 INFO Wrote 17 matching line(s) to /home/eyamrog/PycharmProjects/cl_st1_melina/cl_st1_ph1_melina/corpus/01_now_dataset/02_now_text/text-19-04/19-04-ng1.txt
2026-08-28 16:20:18,042 INFO Wrote 15 matching line(s) to /home/eyamrog/PycharmProjects/cl_st1_melina/cl_st1_ph1_melina/corpus/01_now_dataset/02_now_text/text-19-04/19-04-ng2.txt
2026-08-28 16:20:19,186 INFO Wrote 12 matching line(s) to /home/eyamrog/PycharmProjects/cl_st1_melina/cl_st1_ph1_melina/corpus/01_now_dataset/02_now_text/text-19-04/19-04-nz.txt
2026-08-28 16:20:19,768 INFO Wrote 7 matching line(s) to /home/eyamrog/PycharmProjects/cl_st1_melina/cl_st1_ph1_melina/corpus/01_now_dataset/02_now_text/text-19-04/19-04-ph.txt
2026-08-28 16:20:20,260 INFO Wrote 12 matching line(s) to /home/eyamrog/PycharmProjects/cl_st1_melina/cl_st1_ph1_melina/corpus/01_now_dataset/02_now_text/text-19-04/19-04-pk.txt
2026-08-28 16:20:21,209 INFO Wrote 20 matching line(s) to /home/eyamrog/PycharmProjects/cl_st1_melina/cl_st1_ph1_melina/corpus/01_now_dataset/02_now_text/text-19-04/19-04-sg.txt
2026-08-28 16:20:21,271 INFO Wrote 1 matching line(s) to /home/eyamrog/PycharmProjects/cl_st1_melina/cl_st1_ph1_melina/corpus/01_now_dataset/02_now_text/text-19-04/19-04-tz.txt
2026-08-28 16:20:22,135 INFO Wrote 67 matching line(s) to /home/eyamrog/PycharmProjects/cl_st1_melina/cl_st1_ph1_melina/corpus/01_now_dataset/02_now_text/text-19-04/19-04-us1.txt
2026-08-28 16:20:23,026 INFO Wrote 34 matching line(s) to /home/eyamrog/PycharmProjects/cl_st1_melina/cl_st1_ph1_melina/corpus/01_now_dataset/02_now_text/text-19-04/19-04-us2.txt
2026-08-28 16:20:23,904 INFO Wrote 26 matching line(s) to /home/eyamrog/PycharmProjects/cl_st1_melina/cl_st1_ph1_melina/corpus/01_now_dataset/02_now_text/text-19-04/19-04-za.txt
2026-08-28 16:20:24,796 INFO Wrote 20 matching line(s) to /home/eyamrog/PycharmProjects/cl_st1_melina/cl_st1_ph1_melina/corpus/01_now_dataset/02_now_text/text-19-05/19-05-au.txt
2026-08-28 16:20:25,021 INFO Wrote 18 matching line(s) to /home/eyamrog/PycharmProjects/cl_st1_melina/cl_st1_ph1_melina/corpus/01_now_dataset/02_now_text/text-19-05/19-05-bd.txt
2026-08-28 16:20:26,157 INFO Wrote 33 matching line(s) to /home/eyamrog/PycharmProjects/cl_st1_melina/cl_st1_ph1_melina/corpus/01_now_dataset/02_now_text/text-19-05/19-05-ca.txt
2026-08-28 16:20:26,907 INFO Wrote 26 matching line(s) to /home/eyamrog/PycharmProjects/cl_st1_melina/cl_st1_ph1_melina/corpus/01_now_dataset/02_now_text/text-19-05/19-05-gb1.txt
2026-08-28 16:20:27,567 INFO Wrote 18 matching line(s) to /home/eyamrog/PycharmProjects/cl_st1_melina/cl_st1_ph1_melina/corpus/01_now_dataset/02_now_text/text-19-05/19-05-gb2.txt
2026-08-28 16:20:27,830 INFO Wrote 8 matching line(s) to /home/eyamrog/PycharmProjects/cl_st1_melina/cl_st1_ph1_melina/corpus/01_now_dataset/02_now_text/text-19-05/19-05-gh.txt
2026-08-28 16:20:27,952 INFO Wrote 7 matching line(s) to /home/eyamrog/PycharmProjects/cl_st1_melina/cl_st1_ph1_melina/corpus/01_now_dataset/02_now_text/text-19-05/19-05-hk.txt
2026-08-28 16:20:29,065 INFO Wrote 54 matching line(s) to /home/eyamrog/PycharmProjects/cl_st1_melina/cl_st1_ph1_melina/corpus/01_now_dataset/02_now_text/text-19-05/19-05-ie.txt
2026-08-28 16:20:29,859 INFO Wrote 22 matching line(s) to /home/eyamrog/PycharmProjects/cl_st1_melina/cl_st1_ph1_melina/corpus/01_now_dataset/02_now_text/text-19-05/19-05-in1.txt
2026-08-28 16:20:30,662 INFO Wrote 13 matching line(s) to /home/eyamrog/PycharmProjects/cl_st1_melina/cl_st1_ph1_melina/corpus/01_now_dataset/02_now_text/text-19-05/19-05-in2.txt
2026-08-28 16:20:30,690 INFO No matches found in 19-05-jm.txt; skipping output file
2026-08-28 16:20:31,142 INFO Wrote 8 matching line(s) to /home/eyamrog/PycharmProjects/cl_st1_melina/cl_st1_ph1_melina/corpus/01_now_dataset/02_now_text/text-19-05/19-05-ke.txt
2026-08-28 16:20:31,244 INFO No matches found in 19-05-lk.txt; skipping output file
2026-08-28 16:20:31,692 INFO Wrote 11 matching line(s) to /home/eyamrog/PycharmProjects/cl_st1_melina/cl_st1_ph1_melina/corpus/01_now_dataset/02_now_text/text-19-05/19-05-my.txt
2026-08-28 16:20:34,314 INFO Wrote 22 matching line(s) to /home/eyamrog/PycharmProjects/cl_st1_melina/cl_st1_ph1_melina/corpus/01_now_dataset/02_now_text/text-19-05/19-05-ng.txt
2026-08-28 16:20:34,998 INFO Wrote 80 matching line(s) to /home/eyamrog/PycharmProjects/cl_st1_melina/cl_st1_ph1_melina/corpus/01_now_dataset/02_now_text/text-19-05/19-05-nz.txt
2026-08-28 16:20:35,553 INFO Wrote 5 matching line(s) to /home/eyamrog/PycharmProjects/cl_st1_melina/cl_st1_ph1_melina/corpus/01_now_dataset/02_now_text/text-19-05/19-05-ph.txt
2026-08-28 16:20:36,051 INFO Wrote 43 matching line(s) to /home/eyamrog/PycharmProjects/cl_st1_melina/cl_st1_ph1_melina/corpus/01_now_dataset/02_now_text/text-19-05/19-05-pk.txt
2026-08-28 16:20:36,951 INFO Wrote 46 matching line(s) to /home/eyamrog/PycharmProjects/cl_st1_melina/cl_st1_ph1_melina/corpus/01_now_dataset/02_now_text/text-19-05/19-05-sg.txt
2026-08-28 16:20:37,007 INFO No matches found in 19-05-tz.txt; skipping output file
2026-08-28 16:20:37,814 INFO Wrote 79 matching line(s) to /home/eyamrog/PycharmProjects/cl_st1_melina/cl_st1_ph1_melina/corpus/01_now_dataset/02_now_text/text-19-05/19-05-us1.txt
2026-08-28 16:20:38,607 INFO Wrote 44 matching line(s) to /home/eyamrog/PycharmProjects/cl_st1_melina/cl_st1_ph1_melina/corpus/01_now_dataset/02_now_text/text-19-05/19-05-us2.txt
2026-08-28 16:20:39,454 INFO Wrote 20 matching line(s) to /home/eyamrog/PycharmProjects/cl_st1_melina/cl_st1_ph1_melina/corpus/01_now_dataset/02_now_text/text-19-05/19-05-za.txt
2026-08-28 16:20:40,460 INFO Wrote 16 matching line(s) to /home/eyamrog/PycharmProjects/cl_st1_melina/cl_st1_ph1_melina/corpus/01_now_dataset/02_now_text/text-19-06/19-06-au.txt
2026-08-28 16:20:40,686 INFO Wrote 6 matching line(s) to /home/eyamrog/PycharmProjects/cl_st1_melina/cl_st1_ph1_melina/corpus/01_now_dataset/02_now_text/text-19-06/19-06-bd.txt
2026-08-28 16:20:41,837 INFO Wrote 18 matching line(s) to /home/eyamrog/PycharmProjects/cl_st1_melina/cl_st1_ph1_melina/corpus/01_now_dataset/02_now_text/text-19-06/19-06-ca.txt
2026-08-28 16:20:42,529 INFO Wrote 8 matching line(s) to /home/eyamrog/PycharmProjects/cl_st1_melina/cl_st1_ph1_melina/corpus/01_now_dataset/02_now_text/text-19-06/19-06-gb1.txt
2026-08-28 16:20:43,231 INFO Wrote 17 matching line(s) to /home/eyamrog/PycharmProjects/cl_st1_melina/cl_st1_ph1_melina/corpus/01_now_dataset/02_now_text/text-19-06/19-06-gb2.txt
2026-08-28 16:20:43,467 INFO Wrote 7 matching line(s) to /home/eyamrog/PycharmProjects/cl_st1_melina/cl_st1_ph1_melina/corpus/01_now_dataset/02_now_text/text-19-06/19-06-gh.txt
2026-08-28 16:20:43,618 INFO Wrote 3 matching line(s) to /home/eyamrog/PycharmProjects/cl_st1_melina/cl_st1_ph1_melina/corpus/01_now_dataset/02_now_text/text-19-06/19-06-hk.txt
2026-08-28 16:20:44,811 INFO Wrote 20 matching line(s) to /home/eyamrog/PycharmProjects/cl_st1_melina/cl_st1_ph1_melina/corpus/01_now_dataset/02_now_text/text-19-06/19-06-ie.txt
2026-08-28 16:20:45,902 INFO Wrote 19 matching line(s) to /home/eyamrog/PycharmProjects/cl_st1_melina/cl_st1_ph1_melina/corpus/01_now_dataset/02_now_text/text-19-06/19-06-in1.txt
2026-08-28 16:20:46,803 INFO Wrote 27 matching line(s) to /home/eyamrog/PycharmProjects/cl_st1_melina/cl_st1_ph1_melina/corpus/01_now_dataset/02_now_text/text-19-06/19-06-in2.txt
2026-08-28 16:20:46,841 INFO Wrote 2 matching line(s) to /home/eyamrog/PycharmProjects/cl_st1_melina/cl_st1_ph1_melina/corpus/01_now_dataset/02_now_text/text-19-06/19-06-jm.txt
2026-08-28 16:20:47,697 INFO Wrote 1 matching line(s) to /home/eyamrog/PycharmProjects/cl_st1_melina/cl_st1_ph1_melina/corpus/01_now_dataset/02_now_text/text-19-06/19-06-ke.txt
2026-08-28 16:20:48,019 INFO Wrote 2 matching line(s) to /home/eyamrog/PycharmProjects/cl_st1_melina/cl_st1_ph1_melina/corpus/01_now_dataset/02_now_text/text-19-06/19-06-lk.txt
2026-08-28 16:20:48,864 INFO Wrote 3 matching line(s) to /home/eyamrog/PycharmProjects/cl_st1_melina/cl_st1_ph1_melina/corpus/01_now_dataset/02_now_text/text-19-06/19-06-my.txt
2026-08-28 16:20:50,312 INFO Wrote 21 matching line(s) to /home/eyamrog/PycharmProjects/cl_st1_melina/cl_st1_ph1_melina/corpus/01_now_dataset/02_now_text/text-19-06/19-06-ng.txt
2026-08-28 16:20:51,011 INFO Wrote 101 matching line(s) to /home/eyamrog/PycharmProjects/cl_st1_melina/cl_st1_ph1_melina/corpus/01_now_dataset/02_now_text/text-19-06/19-06-nz.txt
2026-08-28 16:20:51,734 INFO Wrote 8 matching line(s) to /home/eyamrog/PycharmProjects/cl_st1_melina/cl_st1_ph1_melina/corpus/01_now_dataset/02_now_text/text-19-06/19-06-ph.txt
2026-08-28 16:20:52,241 INFO Wrote 25 matching line(s) to /home/eyamrog/PycharmProjects/cl_st1_melina/cl_st1_ph1_melina/corpus/01_now_dataset/02_now_text/text-19-06/19-06-pk.txt
2026-08-28 16:20:53,215 INFO Wrote 38 matching line(s) to /home/eyamrog/PycharmProjects/cl_st1_melina/cl_st1_ph1_melina/corpus/01_now_dataset/02_now_text/text-19-06/19-06-sg.txt
2026-08-28 16:20:53,260 INFO Wrote 1 matching line(s) to /home/eyamrog/PycharmProjects/cl_st1_melina/cl_st1_ph1_melina/corpus/01_now_dataset/02_now_text/text-19-06/19-06-tz.txt
2026-08-28 16:20:54,094 INFO Wrote 31 matching line(s) to /home/eyamrog/PycharmProjects/cl_st1_melina/cl_st1_ph1_melina/corpus/01_now_dataset/02_now_text/text-19-06/19-06-us1.txt
2026-08-28 16:20:54,927 INFO Wrote 50 matching line(s) to /home/eyamrog/PycharmProjects/cl_st1_melina/cl_st1_ph1_melina/corpus/01_now_dataset/02_now_text/text-19-06/19-06-us2.txt
2026-08-28 16:20:55,793 INFO Wrote 11 matching line(s) to /home/eyamrog/PycharmProjects/cl_st1_melina/cl_st1_ph1_melina/corpus/01_now_dataset/02_now_text/text-19-06/19-06-za.txt
2026-08-28 16:20:56,029 INFO Wrote 1 matching line(s) to /home/eyamrog/PycharmProjects/cl_st1_melina/cl_st1_ph1_melina/corpus/01_now_dataset/02_now_text/text-19-07/19-07-au.txt
2026-08-28 16:20:56,106 INFO No matches found in 19-07-bd.txt; skipping output file
2026-08-28 16:20:56,454 INFO Wrote 1 matching line(s) to /home/eyamrog/PycharmProjects/cl_st1_melina/cl_st1_ph1_melina/corpus/01_now_dataset/02_now_text/text-19-07/19-07-ca.txt
2026-08-28 16:20:56,767 INFO Wrote 8 matching line(s) to /home/eyamrog/PycharmProjects/cl_st1_melina/cl_st1_ph1_melina/corpus/01_now_dataset/02_now_text/text-19-07/19-07-gb.txt
2026-08-28 16:20:56,825 INFO Wrote 1 matching line(s) to /home/eyamrog/PycharmProjects/cl_st1_melina/cl_st1_ph1_melina/corpus/01_now_dataset/02_now_text/text-19-07/19-07-gh.txt
2026-08-28 16:20:56,845 INFO No matches found in 19-07-hk.txt; skipping output file
2026-08-28 16:20:57,117 INFO Wrote 3 matching line(s) to /home/eyamrog/PycharmProjects/cl_st1_melina/cl_st1_ph1_melina/corpus/01_now_dataset/02_now_text/text-19-07/19-07-ie.txt
2026-08-28 16:20:57,730 INFO Wrote 3 matching line(s) to /home/eyamrog/PycharmProjects/cl_st1_melina/cl_st1_ph1_melina/corpus/01_now_dataset/02_now_text/text-19-07/19-07-in.txt
2026-08-28 16:20:57,737 INFO No matches found in 19-07-jm.txt; skipping output file
2026-08-28 16:20:57,824 INFO Wrote 1 matching line(s) to /home/eyamrog/PycharmProjects/cl_st1_melina/cl_st1_ph1_melina/corpus/01_now_dataset/02_now_text/text-19-07/19-07-ke.txt
2026-08-28 16:20:57,852 INFO No matches found in 19-07-lk.txt; skipping output file
2026-08-28 16:20:57,999 INFO Wrote 2 matching line(s) to /home/eyamrog/PycharmProjects/cl_st1_melina/cl_st1_ph1_melina/corpus/01_now_dataset/02_now_text/text-19-07/19-07-my.txt
2026-08-28 16:20:58,265 INFO Wrote 1 matching line(s) to /home/eyamrog/PycharmProjects/cl_st1_melina/cl_st1_ph1_melina/corpus/01_now_dataset/02_now_text/text-19-07/19-07-ng.txt
2026-08-28 16:20:58,420 INFO No matches found in 19-07-nz.txt; skipping output file
2026-08-28 16:20:58,545 INFO Wrote 2 matching line(s) to /home/eyamrog/PycharmProjects/cl_st1_melina/cl_st1_ph1_melina/corpus/01_now_dataset/02_now_text/text-19-07/19-07-ph.txt
2026-08-28 16:20:58,724 INFO Wrote 3 matching line(s) to /home/eyamrog/PycharmProjects/cl_st1_melina/cl_st1_ph1_melina/corpus/01_now_dataset/02_now_text/text-19-07/19-07-pk.txt
2026-08-28 16:20:58,977 INFO No matches found in 19-07-sg.txt; skipping output file
2026-08-28 16:20:58,986 INFO No matches found in 19-07-tz.txt; skipping output file
2026-08-28 16:20:59,654 INFO Wrote 28 matching line(s) to /home/eyamrog/PycharmProjects/cl_st1_melina/cl_st1_ph1_melina/corpus/01_now_dataset/02_now_text/text-19-07/19-07-us1.txt
2026-08-28 16:21:00,299 INFO Wrote 23 matching line(s) to /home/eyamrog/PycharmProjects/cl_st1_melina/cl_st1_ph1_melina/corpus/01_now_dataset/02_now_text/text-19-07/19-07-us2.txt
2026-08-28 16:21:00,925 INFO Wrote 17 matching line(s) to /home/eyamrog/PycharmProjects/cl_st1_melina/cl_st1_ph1_melina/corpus/01_now_dataset/02_now_text/text-19-07/19-07-us3.txt
2026-08-28 16:21:01,552 INFO Wrote 19 matching line(s) to /home/eyamrog/PycharmProjects/cl_st1_melina/cl_st1_ph1_melina/corpus/01_now_dataset/02_now_text/text-19-07/19-07-us4.txt
2026-08-28 16:21:02,496 INFO Wrote 20 matching line(s) to /home/eyamrog/PycharmProjects/cl_st1_melina/cl_st1_ph1_melina/corpus/01_now_dataset/02_now_text/text-19-07/19-07-us5.txt
2026-08-28 16:21:03,767 INFO Wrote 18 matching line(s) to /home/eyamrog/PycharmProjects/cl_st1_melina/cl_st1_ph1_melina/corpus/01_now_dataset/02_now_text/text-19-07/19-07-xx.txt
2026-08-28 16:21:04,018 INFO Wrote 5 matching line(s) to /home/eyamrog/PycharmProjects/cl_st1_melina/cl_st1_ph1_melina/corpus/01_now_dataset/02_now_text/text-19-07/19-07-za.txt
2026-08-28 16:21:04,702 INFO Wrote 4 matching line(s) to /home/eyamrog/PycharmProjects/cl_st1_melina/cl_st1_ph1_melina/corpus/01_now_dataset/02_now_text/text-19-08/19-08-au.txt
2026-08-28 16:21:04,749 INFO Wrote 2 matching line(s) to /home/eyamrog/PycharmProjects/cl_st1_melina/cl_st1_ph1_melina/corpus/01_now_dataset/02_now_text/text-19-08/19-08-bd.txt
2026-08-28 16:21:05,411 INFO Wrote 16 matching line(s) to /home/eyamrog/PycharmProjects/cl_st1_melina/cl_st1_ph1_melina/corpus/01_now_dataset/02_now_text/text-19-08/19-08-ca.txt
2026-08-28 16:21:06,396 INFO Wrote 18 matching line(s) to /home/eyamrog/PycharmProjects/cl_st1_melina/cl_st1_ph1_melina/corpus/01_now_dataset/02_now_text/text-19-08/19-08-gb.txt
2026-08-28 16:21:06,454 INFO Wrote 1 matching line(s) to /home/eyamrog/PycharmProjects/cl_st1_melina/cl_st1_ph1_melina/corpus/01_now_dataset/02_now_text/text-19-08/19-08-gh.txt
2026-08-28 16:21:06,520 INFO Wrote 1 matching line(s) to /home/eyamrog/PycharmProjects/cl_st1_melina/cl_st1_ph1_melina/corpus/01_now_dataset/02_now_text/text-19-08/19-08-hk.txt
2026-08-28 16:21:07,233 INFO Wrote 7 matching line(s) to /home/eyamrog/PycharmProjects/cl_st1_melina/cl_st1_ph1_melina/corpus/01_now_dataset/02_now_text/text-19-08/19-08-ie.txt
2026-08-28 16:21:07,920 INFO Wrote 12 matching line(s) to /home/eyamrog/PycharmProjects/cl_st1_melina/cl_st1_ph1_melina/corpus/01_now_dataset/02_now_text/text-19-08/19-08-in.txt
2026-08-28 16:21:07,940 INFO No matches found in 19-08-jm.txt; skipping output file
2026-08-28 16:21:08,088 INFO Wrote 3 matching line(s) to /home/eyamrog/PycharmProjects/cl_st1_melina/cl_st1_ph1_melina/corpus/01_now_dataset/02_now_text/text-19-08/19-08-ke.txt
2026-08-28 16:21:08,162 INFO Wrote 1 matching line(s) to /home/eyamrog/PycharmProjects/cl_st1_melina/cl_st1_ph1_melina/corpus/01_now_dataset/02_now_text/text-19-08/19-08-lk.txt
2026-08-28 16:21:08,330 INFO Wrote 1 matching line(s) to /home/eyamrog/PycharmProjects/cl_st1_melina/cl_st1_ph1_melina/corpus/01_now_dataset/02_now_text/text-19-08/19-08-my.txt
2026-08-28 16:21:08,703 INFO Wrote 11 matching line(s) to /home/eyamrog/PycharmProjects/cl_st1_melina/cl_st1_ph1_melina/corpus/01_now_dataset/02_now_text/text-19-08/19-08-ng.txt
2026-08-28 16:21:08,986 INFO Wrote 9 matching line(s) to /home/eyamrog/PycharmProjects/cl_st1_melina/cl_st1_ph1_melina/corpus/01_now_dataset/02_now_text/text-19-08/19-08-nz.txt
2026-08-28 16:21:09,218 INFO No matches found in 19-08-ph.txt; skipping output file
2026-08-28 16:21:09,346 INFO Wrote 1 matching line(s) to /home/eyamrog/PycharmProjects/cl_st1_melina/cl_st1_ph1_melina/corpus/01_now_dataset/02_now_text/text-19-08/19-08-pk.txt
2026-08-28 16:21:09,666 INFO Wrote 3 matching line(s) to /home/eyamrog/PycharmProjects/cl_st1_melina/cl_st1_ph1_melina/corpus/01_now_dataset/02_now_text/text-19-08/19-08-sg.txt
2026-08-28 16:21:09,687 INFO No matches found in 19-08-tz.txt; skipping output file
2026-08-28 16:21:10,800 INFO Wrote 53 matching line(s) to /home/eyamrog/PycharmProjects/cl_st1_melina/cl_st1_ph1_melina/corpus/01_now_dataset/02_now_text/text-19-08/19-08-us1.txt
2026-08-28 16:21:11,865 INFO Wrote 50 matching line(s) to /home/eyamrog/PycharmProjects/cl_st1_melina/cl_st1_ph1_melina/corpus/01_now_dataset/02_now_text/text-19-08/19-08-us2.txt
2026-08-28 16:21:12,905 INFO Wrote 52 matching line(s) to /home/eyamrog/PycharmProjects/cl_st1_melina/cl_st1_ph1_melina/corpus/01_now_dataset/02_now_text/text-19-08/19-08-us3.txt
2026-08-28 16:21:13,867 INFO Wrote 43 matching line(s) to /home/eyamrog/PycharmProjects/cl_st1_melina/cl_st1_ph1_melina/corpus/01_now_dataset/02_now_text/text-19-08/19-08-us4.txt
2026-08-28 16:21:14,863 INFO Wrote 36 matching line(s) to /home/eyamrog/PycharmProjects/cl_st1_melina/cl_st1_ph1_melina/corpus/01_now_dataset/02_now_text/text-19-08/19-08-us5.txt
2026-08-28 16:21:16,010 INFO Wrote 40 matching line(s) to /home/eyamrog/PycharmProjects/cl_st1_melina/cl_st1_ph1_melina/corpus/01_now_dataset/02_now_text/text-19-08/19-08-xx.txt
2026-08-28 16:21:16,417 INFO Wrote 11 matching line(s) to /home/eyamrog/PycharmProjects/cl_st1_melina/cl_st1_ph1_melina/corpus/01_now_dataset/02_now_text/text-19-08/19-08-za.txt
2026-08-28 16:21:18,653 INFO Wrote 11 matching line(s) to /home/eyamrog/PycharmProjects/cl_st1_melina/cl_st1_ph1_melina/corpus/01_now_dataset/02_now_text/text-19-09/19-09-au.txt
2026-08-28 16:21:18,788 INFO Wrote 1 matching line(s) to /home/eyamrog/PycharmProjects/cl_st1_melina/cl_st1_ph1_melina/corpus/01_now_dataset/02_now_text/text-19-09/19-09-bd.txt
2026-08-28 16:21:20,042 INFO Wrote 34 matching line(s) to /home/eyamrog/PycharmProjects/cl_st1_melina/cl_st1_ph1_melina/corpus/01_now_dataset/02_now_text/text-19-09/19-09-ca.txt
2026-08-28 16:21:20,777 INFO Wrote 10 matching line(s) to /home/eyamrog/PycharmProjects/cl_st1_melina/cl_st1_ph1_melina/corpus/01_now_dataset/02_now_text/text-19-09/19-09-gb1.txt
2026-08-28 16:21:21,516 INFO Wrote 11 matching line(s) to /home/eyamrog/PycharmProjects/cl_st1_melina/cl_st1_ph1_melina/corpus/01_now_dataset/02_now_text/text-19-09/19-09-gb2.txt
2026-08-28 16:21:21,616 INFO Wrote 1 matching line(s) to /home/eyamrog/PycharmProjects/cl_st1_melina/cl_st1_ph1_melina/corpus/01_now_dataset/02_now_text/text-19-09/19-09-gh.txt
2026-08-28 16:21:21,721 INFO Wrote 2 matching line(s) to /home/eyamrog/PycharmProjects/cl_st1_melina/cl_st1_ph1_melina/corpus/01_now_dataset/02_now_text/text-19-09/19-09-hk.txt
2026-08-28 16:21:22,416 INFO Wrote 6 matching line(s) to /home/eyamrog/PycharmProjects/cl_st1_melina/cl_st1_ph1_melina/corpus/01_now_dataset/02_now_text/text-19-09/19-09-ie1.txt
2026-08-28 16:21:23,108 INFO Wrote 10 matching line(s) to /home/eyamrog/PycharmProjects/cl_st1_melina/cl_st1_ph1_melina/corpus/01_now_dataset/02_now_text/text-19-09/19-09-ie2.txt
2026-08-28 16:21:23,784 INFO Wrote 9 matching line(s) to /home/eyamrog/PycharmProjects/cl_st1_melina/cl_st1_ph1_melina/corpus/01_now_dataset/02_now_text/text-19-09/19-09-in1.txt
2026-08-28 16:21:24,469 INFO Wrote 14 matching line(s) to /home/eyamrog/PycharmProjects/cl_st1_melina/cl_st1_ph1_melina/corpus/01_now_dataset/02_now_text/text-19-09/19-09-in2.txt
2026-08-28 16:21:24,499 INFO Wrote 1 matching line(s) to /home/eyamrog/PycharmProjects/cl_st1_melina/cl_st1_ph1_melina/corpus/01_now_dataset/02_now_text/text-19-09/19-09-jm.txt
2026-08-28 16:21:24,812 INFO Wrote 4 matching line(s) to /home/eyamrog/PycharmProjects/cl_st1_melina/cl_st1_ph1_melina/corpus/01_now_dataset/02_now_text/text-19-09/19-09-ke.txt
2026-08-28 16:21:24,928 INFO No matches found in 19-09-lk.txt; skipping output file
2026-08-28 16:21:25,198 INFO Wrote 2 matching line(s) to /home/eyamrog/PycharmProjects/cl_st1_melina/cl_st1_ph1_melina/corpus/01_now_dataset/02_now_text/text-19-09/19-09-my.txt
2026-08-28 16:21:25,784 INFO Wrote 6 matching line(s) to /home/eyamrog/PycharmProjects/cl_st1_melina/cl_st1_ph1_melina/corpus/01_now_dataset/02_now_text/text-19-09/19-09-ng.txt
2026-08-28 16:21:26,215 INFO Wrote 11 matching line(s) to /home/eyamrog/PycharmProjects/cl_st1_melina/cl_st1_ph1_melina/corpus/01_now_dataset/02_now_text/text-19-09/19-09-nz.txt
2026-08-28 16:21:26,679 INFO Wrote 3 matching line(s) to /home/eyamrog/PycharmProjects/cl_st1_melina/cl_st1_ph1_melina/corpus/01_now_dataset/02_now_text/text-19-09/19-09-ph.txt
2026-08-28 16:21:26,860 INFO Wrote 8 matching line(s) to /home/eyamrog/PycharmProjects/cl_st1_melina/cl_st1_ph1_melina/corpus/01_now_dataset/02_now_text/text-19-09/19-09-pk.txt
2026-08-28 16:21:27,278 INFO Wrote 3 matching line(s) to /home/eyamrog/PycharmProjects/cl_st1_melina/cl_st1_ph1_melina/corpus/01_now_dataset/02_now_text/text-19-09/19-09-sg.txt
2026-08-28 16:21:27,321 INFO Wrote 1 matching line(s) to /home/eyamrog/PycharmProjects/cl_st1_melina/cl_st1_ph1_melina/corpus/01_now_dataset/02_now_text/text-19-09/19-09-tz.txt
2026-08-28 16:21:28,502 INFO Wrote 33 matching line(s) to /home/eyamrog/PycharmProjects/cl_st1_melina/cl_st1_ph1_melina/corpus/01_now_dataset/02_now_text/text-19-09/19-09-us1.txt
2026-08-28 16:21:29,658 INFO Wrote 54 matching line(s) to /home/eyamrog/PycharmProjects/cl_st1_melina/cl_st1_ph1_melina/corpus/01_now_dataset/02_now_text/text-19-09/19-09-us2.txt
2026-08-28 16:21:30,911 INFO Wrote 37 matching line(s) to /home/eyamrog/PycharmProjects/cl_st1_melina/cl_st1_ph1_melina/corpus/01_now_dataset/02_now_text/text-19-09/19-09-us3.txt
2026-08-28 16:21:32,299 INFO Wrote 41 matching line(s) to /home/eyamrog/PycharmProjects/cl_st1_melina/cl_st1_ph1_melina/corpus/01_now_dataset/02_now_text/text-19-09/19-09-us4.txt
2026-08-28 16:21:34,582 INFO Wrote 45 matching line(s) to /home/eyamrog/PycharmProjects/cl_st1_melina/cl_st1_ph1_melina/corpus/01_now_dataset/02_now_text/text-19-09/19-09-us5.txt
2026-08-28 16:21:35,711 INFO Wrote 28 matching line(s) to /home/eyamrog/PycharmProjects/cl_st1_melina/cl_st1_ph1_melina/corpus/01_now_dataset/02_now_text/text-19-09/19-09-xx.txt
2026-08-28 16:21:36,454 INFO Wrote 11 matching line(s) to /home/eyamrog/PycharmProjects/cl_st1_melina/cl_st1_ph1_melina/corpus/01_now_dataset/02_now_text/text-19-09/19-09-za.txt
2026-08-28 16:21:37,367 INFO Wrote 4 matching line(s) to /home/eyamrog/PycharmProjects/cl_st1_melina/cl_st1_ph1_melina/corpus/01_now_dataset/02_now_text/text-19-10/19-10-au.txt
2026-08-28 16:21:37,430 INFO Wrote 7 matching line(s) to /home/eyamrog/PycharmProjects/cl_st1_melina/cl_st1_ph1_melina/corpus/01_now_dataset/02_now_text/text-19-10/19-10-bd.txt
2026-08-28 16:21:38,659 INFO Wrote 35 matching line(s) to /home/eyamrog/PycharmProjects/cl_st1_melina/cl_st1_ph1_melina/corpus/01_now_dataset/02_now_text/text-19-10/19-10-ca.txt
2026-08-28 16:21:39,444 INFO Wrote 5 matching line(s) to /home/eyamrog/PycharmProjects/cl_st1_melina/cl_st1_ph1_melina/corpus/01_now_dataset/02_now_text/text-19-10/19-10-gb1.txt
2026-08-28 16:21:40,241 INFO Wrote 26 matching line(s) to /home/eyamrog/PycharmProjects/cl_st1_melina/cl_st1_ph1_melina/corpus/01_now_dataset/02_now_text/text-19-10/19-10-gb2.txt
2026-08-28 16:21:40,306 INFO Wrote 2 matching line(s) to /home/eyamrog/PycharmProjects/cl_st1_melina/cl_st1_ph1_melina/corpus/01_now_dataset/02_now_text/text-19-10/19-10-gh.txt
2026-08-28 16:21:40,439 INFO Wrote 1 matching line(s) to /home/eyamrog/PycharmProjects/cl_st1_melina/cl_st1_ph1_melina/corpus/01_now_dataset/02_now_text/text-19-10/19-10-hk.txt
2026-08-28 16:21:41,733 INFO Wrote 9 matching line(s) to /home/eyamrog/PycharmProjects/cl_st1_melina/cl_st1_ph1_melina/corpus/01_now_dataset/02_now_text/text-19-10/19-10-ie.txt
2026-08-28 16:21:42,821 INFO Wrote 12 matching line(s) to /home/eyamrog/PycharmProjects/cl_st1_melina/cl_st1_ph1_melina/corpus/01_now_dataset/02_now_text/text-19-10/19-10-in.txt
2026-08-28 16:21:42,850 INFO No matches found in 19-10-jm.txt; skipping output file
2026-08-28 16:21:43,082 INFO Wrote 4 matching line(s) to /home/eyamrog/PycharmProjects/cl_st1_melina/cl_st1_ph1_melina/corpus/01_now_dataset/02_now_text/text-19-10/19-10-ke.txt
2026-08-28 16:21:43,157 INFO Wrote 1 matching line(s) to /home/eyamrog/PycharmProjects/cl_st1_melina/cl_st1_ph1_melina/corpus/01_now_dataset/02_now_text/text-19-10/19-10-lk.txt
2026-08-28 16:21:43,417 INFO Wrote 4 matching line(s) to /home/eyamrog/PycharmProjects/cl_st1_melina/cl_st1_ph1_melina/corpus/01_now_dataset/02_now_text/text-19-10/19-10-my.txt
2026-08-28 16:21:44,015 INFO Wrote 5 matching line(s) to /home/eyamrog/PycharmProjects/cl_st1_melina/cl_st1_ph1_melina/corpus/01_now_dataset/02_now_text/text-19-10/19-10-ng.txt
2026-08-28 16:21:44,322 INFO Wrote 6 matching line(s) to /home/eyamrog/PycharmProjects/cl_st1_melina/cl_st1_ph1_melina/corpus/01_now_dataset/02_now_text/text-19-10/19-10-nz.txt
2026-08-28 16:21:44,632 INFO Wrote 1 matching line(s) to /home/eyamrog/PycharmProjects/cl_st1_melina/cl_st1_ph1_melina/corpus/01_now_dataset/02_now_text/text-19-10/19-10-ph.txt
2026-08-28 16:21:44,856 INFO Wrote 6 matching line(s) to /home/eyamrog/PycharmProjects/cl_st1_melina/cl_st1_ph1_melina/corpus/01_now_dataset/02_now_text/text-19-10/19-10-pk.txt
2026-08-28 16:21:45,305 INFO No matches found in 19-10-sg.txt; skipping output file
2026-08-28 16:21:45,346 INFO Wrote 2 matching line(s) to /home/eyamrog/PycharmProjects/cl_st1_melina/cl_st1_ph1_melina/corpus/01_now_dataset/02_now_text/text-19-10/19-10-tz.txt
2026-08-28 16:21:46,620 INFO Wrote 27 matching line(s) to /home/eyamrog/PycharmProjects/cl_st1_melina/cl_st1_ph1_melina/corpus/01_now_dataset/02_now_text/text-19-10/19-10-us1.txt
2026-08-28 16:21:48,941 INFO Wrote 20 matching line(s) to /home/eyamrog/PycharmProjects/cl_st1_melina/cl_st1_ph1_melina/corpus/01_now_dataset/02_now_text/text-19-10/19-10-us2.txt
2026-08-28 16:21:50,217 INFO Wrote 12 matching line(s) to /home/eyamrog/PycharmProjects/cl_st1_melina/cl_st1_ph1_melina/corpus/01_now_dataset/02_now_text/text-19-10/19-10-us3.txt
2026-08-28 16:21:51,156 INFO Wrote 20 matching line(s) to /home/eyamrog/PycharmProjects/cl_st1_melina/cl_st1_ph1_melina/corpus/01_now_dataset/02_now_text/text-19-10/19-10-us4.txt
2026-08-28 16:21:52,027 INFO Wrote 17 matching line(s) to /home/eyamrog/PycharmProjects/cl_st1_melina/cl_st1_ph1_melina/corpus/01_now_dataset/02_now_text/text-19-10/19-10-us5.txt
2026-08-28 16:21:53,069 INFO Wrote 22 matching line(s) to /home/eyamrog/PycharmProjects/cl_st1_melina/cl_st1_ph1_melina/corpus/01_now_dataset/02_now_text/text-19-10/19-10-xx.txt
2026-08-28 16:21:53,677 INFO Wrote 16 matching line(s) to /home/eyamrog/PycharmProjects/cl_st1_melina/cl_st1_ph1_melina/corpus/01_now_dataset/02_now_text/text-19-10/19-10-za.txt
2026-08-28 16:21:54,690 INFO Wrote 6 matching line(s) to /home/eyamrog/PycharmProjects/cl_st1_melina/cl_st1_ph1_melina/corpus/01_now_dataset/02_now_text/text-19-11/19-11-au.txt
2026-08-28 16:21:54,764 INFO Wrote 3 matching line(s) to /home/eyamrog/PycharmProjects/cl_st1_melina/cl_st1_ph1_melina/corpus/01_now_dataset/02_now_text/text-19-11/19-11-bd.txt
2026-08-28 16:21:55,405 INFO Wrote 18 matching line(s) to /home/eyamrog/PycharmProjects/cl_st1_melina/cl_st1_ph1_melina/corpus/01_now_dataset/02_now_text/text-19-11/19-11-ca1.txt
2026-08-28 16:21:55,978 INFO Wrote 21 matching line(s) to /home/eyamrog/PycharmProjects/cl_st1_melina/cl_st1_ph1_melina/corpus/01_now_dataset/02_now_text/text-19-11/19-11-ca2.txt
2026-08-28 16:21:56,769 INFO Wrote 24 matching line(s) to /home/eyamrog/PycharmProjects/cl_st1_melina/cl_st1_ph1_melina/corpus/01_now_dataset/02_now_text/text-19-11/19-11-gb1.txt
2026-08-28 16:21:57,493 INFO Wrote 19 matching line(s) to /home/eyamrog/PycharmProjects/cl_st1_melina/cl_st1_ph1_melina/corpus/01_now_dataset/02_now_text/text-19-11/19-11-gb2.txt
2026-08-28 16:21:57,587 INFO Wrote 4 matching line(s) to /home/eyamrog/PycharmProjects/cl_st1_melina/cl_st1_ph1_melina/corpus/01_now_dataset/02_now_text/text-19-11/19-11-gh.txt
2026-08-28 16:21:57,685 INFO Wrote 3 matching line(s) to /home/eyamrog/PycharmProjects/cl_st1_melina/cl_st1_ph1_melina/corpus/01_now_dataset/02_now_text/text-19-11/19-11-hk.txt
2026-08-28 16:21:58,704 INFO Wrote 19 matching line(s) to /home/eyamrog/PycharmProjects/cl_st1_melina/cl_st1_ph1_melina/corpus/01_now_dataset/02_now_text/text-19-11/19-11-ie.txt
2026-08-28 16:21:59,324 INFO Wrote 16 matching line(s) to /home/eyamrog/PycharmProjects/cl_st1_melina/cl_st1_ph1_melina/corpus/01_now_dataset/02_now_text/text-19-11/19-11-in1.txt
2026-08-28 16:21:59,913 INFO Wrote 10 matching line(s) to /home/eyamrog/PycharmProjects/cl_st1_melina/cl_st1_ph1_melina/corpus/01_now_dataset/02_now_text/text-19-11/19-11-in2.txt
2026-08-28 16:21:59,949 INFO No matches found in 19-11-jm.txt; skipping output file
2026-08-28 16:22:00,196 INFO Wrote 6 matching line(s) to /home/eyamrog/PycharmProjects/cl_st1_melina/cl_st1_ph1_melina/corpus/01_now_dataset/02_now_text/text-19-11/19-11-ke.txt
2026-08-28 16:22:00,308 INFO Wrote 1 matching line(s) to /home/eyamrog/PycharmProjects/cl_st1_melina/cl_st1_ph1_melina/corpus/01_now_dataset/02_now_text/text-19-11/19-11-lk.txt
2026-08-28 16:22:00,612 INFO Wrote 11 matching line(s) to /home/eyamrog/PycharmProjects/cl_st1_melina/cl_st1_ph1_melina/corpus/01_now_dataset/02_now_text/text-19-11/19-11-my.txt
2026-08-28 16:22:01,237 INFO Wrote 11 matching line(s) to /home/eyamrog/PycharmProjects/cl_st1_melina/cl_st1_ph1_melina/corpus/01_now_dataset/02_now_text/text-19-11/19-11-ng.txt
2026-08-28 16:22:01,675 INFO Wrote 19 matching line(s) to /home/eyamrog/PycharmProjects/cl_st1_melina/cl_st1_ph1_melina/corpus/01_now_dataset/02_now_text/text-19-11/19-11-nz.txt
2026-08-28 16:22:02,274 INFO No matches found in 19-11-ph.txt; skipping output file
2026-08-28 16:22:02,720 INFO Wrote 17 matching line(s) to /home/eyamrog/PycharmProjects/cl_st1_melina/cl_st1_ph1_melina/corpus/01_now_dataset/02_now_text/text-19-11/19-11-pk.txt
2026-08-28 16:22:03,631 INFO Wrote 9 matching line(s) to /home/eyamrog/PycharmProjects/cl_st1_melina/cl_st1_ph1_melina/corpus/01_now_dataset/02_now_text/text-19-11/19-11-sg.txt
2026-08-28 16:22:03,681 INFO Wrote 1 matching line(s) to /home/eyamrog/PycharmProjects/cl_st1_melina/cl_st1_ph1_melina/corpus/01_now_dataset/02_now_text/text-19-11/19-11-tz.txt
2026-08-28 16:22:04,610 INFO Wrote 39 matching line(s) to /home/eyamrog/PycharmProjects/cl_st1_melina/cl_st1_ph1_melina/corpus/01_now_dataset/02_now_text/text-19-11/19-11-us1.txt
2026-08-28 16:22:05,468 INFO Wrote 38 matching line(s) to /home/eyamrog/PycharmProjects/cl_st1_melina/cl_st1_ph1_melina/corpus/01_now_dataset/02_now_text/text-19-11/19-11-us2.txt
2026-08-28 16:22:06,329 INFO Wrote 45 matching line(s) to /home/eyamrog/PycharmProjects/cl_st1_melina/cl_st1_ph1_melina/corpus/01_now_dataset/02_now_text/text-19-11/19-11-us3.txt
2026-08-28 16:22:07,111 INFO Wrote 25 matching line(s) to /home/eyamrog/PycharmProjects/cl_st1_melina/cl_st1_ph1_melina/corpus/01_now_dataset/02_now_text/text-19-11/19-11-us4.txt
2026-08-28 16:22:07,881 INFO Wrote 38 matching line(s) to /home/eyamrog/PycharmProjects/cl_st1_melina/cl_st1_ph1_melina/corpus/01_now_dataset/02_now_text/text-19-11/19-11-us5.txt
2026-08-28 16:22:08,603 INFO Wrote 33 matching line(s) to /home/eyamrog/PycharmProjects/cl_st1_melina/cl_st1_ph1_melina/corpus/01_now_dataset/02_now_text/text-19-11/19-11-us6.txt
2026-08-28 16:22:09,188 INFO Wrote 31 matching line(s) to /home/eyamrog/PycharmProjects/cl_st1_melina/cl_st1_ph1_melina/corpus/01_now_dataset/02_now_text/text-19-11/19-11-us7.txt
2026-08-28 16:22:09,873 INFO Wrote 38 matching line(s) to /home/eyamrog/PycharmProjects/cl_st1_melina/cl_st1_ph1_melina/corpus/01_now_dataset/02_now_text/text-19-11/19-11-us8.txt
2026-08-28 16:22:10,958 INFO Wrote 76 matching line(s) to /home/eyamrog/PycharmProjects/cl_st1_melina/cl_st1_ph1_melina/corpus/01_now_dataset/02_now_text/text-19-11/19-11-xx.txt
2026-08-28 16:22:11,608 INFO Wrote 18 matching line(s) to /home/eyamrog/PycharmProjects/cl_st1_melina/cl_st1_ph1_melina/corpus/01_now_dataset/02_now_text/text-19-11/19-11-za.txt
2026-08-28 16:22:12,613 INFO Wrote 10 matching line(s) to /home/eyamrog/PycharmProjects/cl_st1_melina/cl_st1_ph1_melina/corpus/01_now_dataset/02_now_text/text-19-12/19-12-au.txt
2026-08-28 16:22:12,675 INFO Wrote 4 matching line(s) to /home/eyamrog/PycharmProjects/cl_st1_melina/cl_st1_ph1_melina/corpus/01_now_dataset/02_now_text/text-19-12/19-12-bd.txt
2026-08-28 16:22:13,203 INFO Wrote 13 matching line(s) to /home/eyamrog/PycharmProjects/cl_st1_melina/cl_st1_ph1_melina/corpus/01_now_dataset/02_now_text/text-19-12/19-12-ca1.txt
2026-08-28 16:22:13,742 INFO Wrote 12 matching line(s) to /home/eyamrog/PycharmProjects/cl_st1_melina/cl_st1_ph1_melina/corpus/01_now_dataset/02_now_text/text-19-12/19-12-ca2.txt
2026-08-28 16:22:14,473 INFO Wrote 26 matching line(s) to /home/eyamrog/PycharmProjects/cl_st1_melina/cl_st1_ph1_melina/corpus/01_now_dataset/02_now_text/text-19-12/19-12-gb1.txt
2026-08-28 16:22:15,169 INFO Wrote 23 matching line(s) to /home/eyamrog/PycharmProjects/cl_st1_melina/cl_st1_ph1_melina/corpus/01_now_dataset/02_now_text/text-19-12/19-12-gb2.txt
2026-08-28 16:22:15,262 INFO Wrote 1 matching line(s) to /home/eyamrog/PycharmProjects/cl_st1_melina/cl_st1_ph1_melina/corpus/01_now_dataset/02_now_text/text-19-12/19-12-gh.txt
2026-08-28 16:22:15,344 INFO No matches found in 19-12-hk.txt; skipping output file
2026-08-28 16:22:16,333 INFO Wrote 13 matching line(s) to /home/eyamrog/PycharmProjects/cl_st1_melina/cl_st1_ph1_melina/corpus/01_now_dataset/02_now_text/text-19-12/19-12-ie.txt
2026-08-28 16:22:17,028 INFO Wrote 5 matching line(s) to /home/eyamrog/PycharmProjects/cl_st1_melina/cl_st1_ph1_melina/corpus/01_now_dataset/02_now_text/text-19-12/19-12-in1.txt
2026-08-28 16:22:18,913 INFO Wrote 7 matching line(s) to /home/eyamrog/PycharmProjects/cl_st1_melina/cl_st1_ph1_melina/corpus/01_now_dataset/02_now_text/text-19-12/19-12-in2.txt
2026-08-28 16:22:18,936 INFO No matches found in 19-12-jm.txt; skipping output file
2026-08-28 16:22:19,316 INFO Wrote 6 matching line(s) to /home/eyamrog/PycharmProjects/cl_st1_melina/cl_st1_ph1_melina/corpus/01_now_dataset/02_now_text/text-19-12/19-12-ke.txt
2026-08-28 16:22:19,412 INFO Wrote 2 matching line(s) to /home/eyamrog/PycharmProjects/cl_st1_melina/cl_st1_ph1_melina/corpus/01_now_dataset/02_now_text/text-19-12/19-12-lk.txt
2026-08-28 16:22:19,715 INFO Wrote 5 matching line(s) to /home/eyamrog/PycharmProjects/cl_st1_melina/cl_st1_ph1_melina/corpus/01_now_dataset/02_now_text/text-19-12/19-12-my.txt
2026-08-28 16:22:20,315 INFO Wrote 6 matching line(s) to /home/eyamrog/PycharmProjects/cl_st1_melina/cl_st1_ph1_melina/corpus/01_now_dataset/02_now_text/text-19-12/19-12-ng.txt
2026-08-28 16:22:20,680 INFO Wrote 13 matching line(s) to /home/eyamrog/PycharmProjects/cl_st1_melina/cl_st1_ph1_melina/corpus/01_now_dataset/02_now_text/text-19-12/19-12-nz.txt
2026-08-28 16:22:21,064 INFO No matches found in 19-12-ph.txt; skipping output file
2026-08-28 16:22:21,268 INFO Wrote 3 matching line(s) to /home/eyamrog/PycharmProjects/cl_st1_melina/cl_st1_ph1_melina/corpus/01_now_dataset/02_now_text/text-19-12/19-12-pk.txt
2026-08-28 16:22:21,636 INFO Wrote 3 matching line(s) to /home/eyamrog/PycharmProjects/cl_st1_melina/cl_st1_ph1_melina/corpus/01_now_dataset/02_now_text/text-19-12/19-12-sg.txt
2026-08-28 16:22:21,677 INFO Wrote 3 matching line(s) to /home/eyamrog/PycharmProjects/cl_st1_melina/cl_st1_ph1_melina/corpus/01_now_dataset/02_now_text/text-19-12/19-12-tz.txt
2026-08-28 16:22:22,543 INFO Wrote 28 matching line(s) to /home/eyamrog/PycharmProjects/cl_st1_melina/cl_st1_ph1_melina/corpus/01_now_dataset/02_now_text/text-19-12/19-12-us1.txt
2026-08-28 16:22:23,387 INFO Wrote 23 matching line(s) to /home/eyamrog/PycharmProjects/cl_st1_melina/cl_st1_ph1_melina/corpus/01_now_dataset/02_now_text/text-19-12/19-12-us2.txt
2026-08-28 16:22:24,243 INFO Wrote 22 matching line(s) to /home/eyamrog/PycharmProjects/cl_st1_melina/cl_st1_ph1_melina/corpus/01_now_dataset/02_now_text/text-19-12/19-12-us3.txt
2026-08-28 16:22:25,017 INFO Wrote 32 matching line(s) to /home/eyamrog/PycharmProjects/cl_st1_melina/cl_st1_ph1_melina/corpus/01_now_dataset/02_now_text/text-19-12/19-12-us4.txt
2026-08-28 16:22:25,807 INFO Wrote 20 matching line(s) to /home/eyamrog/PycharmProjects/cl_st1_melina/cl_st1_ph1_melina/corpus/01_now_dataset/02_now_text/text-19-12/19-12-us5.txt
2026-08-28 16:22:26,541 INFO Wrote 20 matching line(s) to /home/eyamrog/PycharmProjects/cl_st1_melina/cl_st1_ph1_melina/corpus/01_now_dataset/02_now_text/text-19-12/19-12-us6.txt
2026-08-28 16:22:27,133 INFO Wrote 15 matching line(s) to /home/eyamrog/PycharmProjects/cl_st1_melina/cl_st1_ph1_melina/corpus/01_now_dataset/02_now_text/text-19-12/19-12-us7.txt
2026-08-28 16:22:27,815 INFO Wrote 22 matching line(s) to /home/eyamrog/PycharmProjects/cl_st1_melina/cl_st1_ph1_melina/corpus/01_now_dataset/02_now_text/text-19-12/19-12-us8.txt
2026-08-28 16:22:28,469 INFO Wrote 15 matching line(s) to /home/eyamrog/PycharmProjects/cl_st1_melina/cl_st1_ph1_melina/corpus/01_now_dataset/02_now_text/text-19-12/19-12-xx1.txt
2026-08-28 16:22:29,140 INFO Wrote 31 matching line(s) to /home/eyamrog/PycharmProjects/cl_st1_melina/cl_st1_ph1_melina/corpus/01_now_dataset/02_now_text/text-19-12/19-12-xx2.txt
2026-08-28 16:22:30,149 INFO Wrote 20 matching line(s) to /home/eyamrog/PycharmProjects/cl_st1_melina/cl_st1_ph1_melina/corpus/01_now_dataset/02_now_text/text-20-01/20-01-au.txt
2026-08-28 16:22:30,210 INFO Wrote 6 matching line(s) to /home/eyamrog/PycharmProjects/cl_st1_melina/cl_st1_ph1_melina/corpus/01_now_dataset/02_now_text/text-20-01/20-01-bd.txt
2026-08-28 16:22:30,947 INFO Wrote 19 matching line(s) to /home/eyamrog/PycharmProjects/cl_st1_melina/cl_st1_ph1_melina/corpus/01_now_dataset/02_now_text/text-20-01/20-01-ca1.txt
2026-08-28 16:22:31,577 INFO Wrote 20 matching line(s) to /home/eyamrog/PycharmProjects/cl_st1_melina/cl_st1_ph1_melina/corpus/01_now_dataset/02_now_text/text-20-01/20-01-ca2.txt
2026-08-28 16:22:33,255 INFO Wrote 38 matching line(s) to /home/eyamrog/PycharmProjects/cl_st1_melina/cl_st1_ph1_melina/corpus/01_now_dataset/02_now_text/text-20-01/20-01-gb1.txt
2026-08-28 16:22:34,554 INFO Wrote 28 matching line(s) to /home/eyamrog/PycharmProjects/cl_st1_melina/cl_st1_ph1_melina/corpus/01_now_dataset/02_now_text/text-20-01/20-01-gb2.txt
2026-08-28 16:22:34,667 INFO No matches found in 20-01-gh.txt; skipping output file
2026-08-28 16:22:34,766 INFO Wrote 5 matching line(s) to /home/eyamrog/PycharmProjects/cl_st1_melina/cl_st1_ph1_melina/corpus/01_now_dataset/02_now_text/text-20-01/20-01-hk.txt
2026-08-28 16:22:35,834 INFO Wrote 21 matching line(s) to /home/eyamrog/PycharmProjects/cl_st1_melina/cl_st1_ph1_melina/corpus/01_now_dataset/02_now_text/text-20-01/20-01-ie.txt
2026-08-28 16:22:36,475 INFO Wrote 9 matching line(s) to /home/eyamrog/PycharmProjects/cl_st1_melina/cl_st1_ph1_melina/corpus/01_now_dataset/02_now_text/text-20-01/20-01-in1.txt
2026-08-28 16:22:37,087 INFO Wrote 9 matching line(s) to /home/eyamrog/PycharmProjects/cl_st1_melina/cl_st1_ph1_melina/corpus/01_now_dataset/02_now_text/text-20-01/20-01-in2.txt
2026-08-28 16:22:37,102 INFO No matches found in 20-01-jm.txt; skipping output file
2026-08-28 16:22:37,443 INFO Wrote 7 matching line(s) to /home/eyamrog/PycharmProjects/cl_st1_melina/cl_st1_ph1_melina/corpus/01_now_dataset/02_now_text/text-20-01/20-01-ke.txt
2026-08-28 16:22:37,564 INFO Wrote 1 matching line(s) to /home/eyamrog/PycharmProjects/cl_st1_melina/cl_st1_ph1_melina/corpus/01_now_dataset/02_now_text/text-20-01/20-01-lk.txt
2026-08-28 16:22:37,923 INFO Wrote 7 matching line(s) to /home/eyamrog/PycharmProjects/cl_st1_melina/cl_st1_ph1_melina/corpus/01_now_dataset/02_now_text/text-20-01/20-01-my.txt
2026-08-28 16:22:38,613 INFO Wrote 8 matching line(s) to /home/eyamrog/PycharmProjects/cl_st1_melina/cl_st1_ph1_melina/corpus/01_now_dataset/02_now_text/text-20-01/20-01-ng.txt
2026-08-28 16:22:39,048 INFO Wrote 11 matching line(s) to /home/eyamrog/PycharmProjects/cl_st1_melina/cl_st1_ph1_melina/corpus/01_now_dataset/02_now_text/text-20-01/20-01-nz.txt
2026-08-28 16:22:39,433 INFO Wrote 5 matching line(s) to /home/eyamrog/PycharmProjects/cl_st1_melina/cl_st1_ph1_melina/corpus/01_now_dataset/02_now_text/text-20-01/20-01-ph.txt
2026-08-28 16:22:39,690 INFO Wrote 14 matching line(s) to /home/eyamrog/PycharmProjects/cl_st1_melina/cl_st1_ph1_melina/corpus/01_now_dataset/02_now_text/text-20-01/20-01-pk.txt
2026-08-28 16:22:40,167 INFO Wrote 7 matching line(s) to /home/eyamrog/PycharmProjects/cl_st1_melina/cl_st1_ph1_melina/corpus/01_now_dataset/02_now_text/text-20-01/20-01-sg.txt
2026-08-28 16:22:40,209 INFO Wrote 2 matching line(s) to /home/eyamrog/PycharmProjects/cl_st1_melina/cl_st1_ph1_melina/corpus/01_now_dataset/02_now_text/text-20-01/20-01-tz.txt
2026-08-28 16:22:41,206 INFO Wrote 26 matching line(s) to /home/eyamrog/PycharmProjects/cl_st1_melina/cl_st1_ph1_melina/corpus/01_now_dataset/02_now_text/text-20-01/20-01-us1.txt
2026-08-28 16:22:42,146 INFO Wrote 32 matching line(s) to /home/eyamrog/PycharmProjects/cl_st1_melina/cl_st1_ph1_melina/corpus/01_now_dataset/02_now_text/text-20-01/20-01-us2.txt
2026-08-28 16:22:43,122 INFO Wrote 28 matching line(s) to /home/eyamrog/PycharmProjects/cl_st1_melina/cl_st1_ph1_melina/corpus/01_now_dataset/02_now_text/text-20-01/20-01-us3.txt
2026-08-28 16:22:43,967 INFO Wrote 28 matching line(s) to /home/eyamrog/PycharmProjects/cl_st1_melina/cl_st1_ph1_melina/corpus/01_now_dataset/02_now_text/text-20-01/20-01-us4.txt
2026-08-28 16:22:44,818 INFO Wrote 27 matching line(s) to /home/eyamrog/PycharmProjects/cl_st1_melina/cl_st1_ph1_melina/corpus/01_now_dataset/02_now_text/text-20-01/20-01-us5.txt
2026-08-28 16:22:45,619 INFO Wrote 15 matching line(s) to /home/eyamrog/PycharmProjects/cl_st1_melina/cl_st1_ph1_melina/corpus/01_now_dataset/02_now_text/text-20-01/20-01-us6.txt
2026-08-28 16:22:46,273 INFO Wrote 21 matching line(s) to /home/eyamrog/PycharmProjects/cl_st1_melina/cl_st1_ph1_melina/corpus/01_now_dataset/02_now_text/text-20-01/20-01-us7.txt
2026-08-28 16:22:47,123 INFO Wrote 22 matching line(s) to /home/eyamrog/PycharmProjects/cl_st1_melina/cl_st1_ph1_melina/corpus/01_now_dataset/02_now_text/text-20-01/20-01-us8.txt
2026-08-28 16:22:48,842 INFO Wrote 26 matching line(s) to /home/eyamrog/PycharmProjects/cl_st1_melina/cl_st1_ph1_melina/corpus/01_now_dataset/02_now_text/text-20-01/20-01-xx1.txt
2026-08-28 16:22:49,798 INFO Wrote 38 matching line(s) to /home/eyamrog/PycharmProjects/cl_st1_melina/cl_st1_ph1_melina/corpus/01_now_dataset/02_now_text/text-20-01/20-01-xx2.txt
2026-08-28 16:22:50,523 INFO Wrote 16 matching line(s) to /home/eyamrog/PycharmProjects/cl_st1_melina/cl_st1_ph1_melina/corpus/01_now_dataset/02_now_text/text-20-01/20-01-za.txt
2026-08-28 16:22:51,392 INFO Wrote 14 matching line(s) to /home/eyamrog/PycharmProjects/cl_st1_melina/cl_st1_ph1_melina/corpus/01_now_dataset/02_now_text/text-20-02/20-02-au.txt
2026-08-28 16:22:51,462 INFO Wrote 7 matching line(s) to /home/eyamrog/PycharmProjects/cl_st1_melina/cl_st1_ph1_melina/corpus/01_now_dataset/02_now_text/text-20-02/20-02-bd.txt
2026-08-28 16:22:52,033 INFO Wrote 14 matching line(s) to /home/eyamrog/PycharmProjects/cl_st1_melina/cl_st1_ph1_melina/corpus/01_now_dataset/02_now_text/text-20-02/20-02-ca1.txt
2026-08-28 16:22:52,583 INFO Wrote 8 matching line(s) to /home/eyamrog/PycharmProjects/cl_st1_melina/cl_st1_ph1_melina/corpus/01_now_dataset/02_now_text/text-20-02/20-02-ca2.txt
2026-08-28 16:22:53,341 INFO Wrote 20 matching line(s) to /home/eyamrog/PycharmProjects/cl_st1_melina/cl_st1_ph1_melina/corpus/01_now_dataset/02_now_text/text-20-02/20-02-gb1.txt
2026-08-28 16:22:54,046 INFO Wrote 18 matching line(s) to /home/eyamrog/PycharmProjects/cl_st1_melina/cl_st1_ph1_melina/corpus/01_now_dataset/02_now_text/text-20-02/20-02-gb2.txt
2026-08-28 16:22:54,121 INFO No matches found in 20-02-gh.txt; skipping output file
2026-08-28 16:22:54,217 INFO Wrote 2 matching line(s) to /home/eyamrog/PycharmProjects/cl_st1_melina/cl_st1_ph1_melina/corpus/01_now_dataset/02_now_text/text-20-02/20-02-hk.txt
2026-08-28 16:22:55,174 INFO Wrote 18 matching line(s) to /home/eyamrog/PycharmProjects/cl_st1_melina/cl_st1_ph1_melina/corpus/01_now_dataset/02_now_text/text-20-02/20-02-ie.txt
2026-08-28 16:22:55,768 INFO Wrote 5 matching line(s) to /home/eyamrog/PycharmProjects/cl_st1_melina/cl_st1_ph1_melina/corpus/01_now_dataset/02_now_text/text-20-02/20-02-in1.txt
2026-08-28 16:22:56,354 INFO Wrote 10 matching line(s) to /home/eyamrog/PycharmProjects/cl_st1_melina/cl_st1_ph1_melina/corpus/01_now_dataset/02_now_text/text-20-02/20-02-in2.txt
2026-08-28 16:22:56,366 INFO No matches found in 20-02-jm.txt; skipping output file
2026-08-28 16:22:56,618 INFO Wrote 8 matching line(s) to /home/eyamrog/PycharmProjects/cl_st1_melina/cl_st1_ph1_melina/corpus/01_now_dataset/02_now_text/text-20-02/20-02-ke.txt
2026-08-28 16:22:56,722 INFO No matches found in 20-02-lk.txt; skipping output file
2026-08-28 16:22:57,049 INFO Wrote 8 matching line(s) to /home/eyamrog/PycharmProjects/cl_st1_melina/cl_st1_ph1_melina/corpus/01_now_dataset/02_now_text/text-20-02/20-02-my.txt
2026-08-28 16:22:57,620 INFO Wrote 5 matching line(s) to /home/eyamrog/PycharmProjects/cl_st1_melina/cl_st1_ph1_melina/corpus/01_now_dataset/02_now_text/text-20-02/20-02-ng.txt
2026-08-28 16:22:58,020 INFO Wrote 10 matching line(s) to /home/eyamrog/PycharmProjects/cl_st1_melina/cl_st1_ph1_melina/corpus/01_now_dataset/02_now_text/text-20-02/20-02-nz.txt
2026-08-28 16:22:58,333 INFO Wrote 2 matching line(s) to /home/eyamrog/PycharmProjects/cl_st1_melina/cl_st1_ph1_melina/corpus/01_now_dataset/02_now_text/text-20-02/20-02-ph.txt
2026-08-28 16:22:58,615 INFO Wrote 18 matching line(s) to /home/eyamrog/PycharmProjects/cl_st1_melina/cl_st1_ph1_melina/corpus/01_now_dataset/02_now_text/text-20-02/20-02-pk.txt
2026-08-28 16:22:59,049 INFO Wrote 2 matching line(s) to /home/eyamrog/PycharmProjects/cl_st1_melina/cl_st1_ph1_melina/corpus/01_now_dataset/02_now_text/text-20-02/20-02-sg.txt
2026-08-28 16:22:59,089 INFO Wrote 1 matching line(s) to /home/eyamrog/PycharmProjects/cl_st1_melina/cl_st1_ph1_melina/corpus/01_now_dataset/02_now_text/text-20-02/20-02-tz.txt
2026-08-28 16:22:59,891 INFO Wrote 20 matching line(s) to /home/eyamrog/PycharmProjects/cl_st1_melina/cl_st1_ph1_melina/corpus/01_now_dataset/02_now_text/text-20-02/20-02-us1.txt
2026-08-28 16:23:00,640 INFO Wrote 33 matching line(s) to /home/eyamrog/PycharmProjects/cl_st1_melina/cl_st1_ph1_melina/corpus/01_now_dataset/02_now_text/text-20-02/20-02-us2.txt
2026-08-28 16:23:01,434 INFO Wrote 24 matching line(s) to /home/eyamrog/PycharmProjects/cl_st1_melina/cl_st1_ph1_melina/corpus/01_now_dataset/02_now_text/text-20-02/20-02-us3.txt
2026-08-28 16:23:02,185 INFO Wrote 10 matching line(s) to /home/eyamrog/PycharmProjects/cl_st1_melina/cl_st1_ph1_melina/corpus/01_now_dataset/02_now_text/text-20-02/20-02-us4.txt
2026-08-28 16:23:04,063 INFO Wrote 23 matching line(s) to /home/eyamrog/PycharmProjects/cl_st1_melina/cl_st1_ph1_melina/corpus/01_now_dataset/02_now_text/text-20-02/20-02-us5.txt
2026-08-28 16:23:04,787 INFO Wrote 20 matching line(s) to /home/eyamrog/PycharmProjects/cl_st1_melina/cl_st1_ph1_melina/corpus/01_now_dataset/02_now_text/text-20-02/20-02-us6.txt
2026-08-28 16:23:05,292 INFO Wrote 14 matching line(s) to /home/eyamrog/PycharmProjects/cl_st1_melina/cl_st1_ph1_melina/corpus/01_now_dataset/02_now_text/text-20-02/20-02-us7.txt
2026-08-28 16:23:05,897 INFO Wrote 25 matching line(s) to /home/eyamrog/PycharmProjects/cl_st1_melina/cl_st1_ph1_melina/corpus/01_now_dataset/02_now_text/text-20-02/20-02-us8.txt
2026-08-28 16:23:07,002 INFO Wrote 38 matching line(s) to /home/eyamrog/PycharmProjects/cl_st1_melina/cl_st1_ph1_melina/corpus/01_now_dataset/02_now_text/text-20-02/20-02-xx.txt
2026-08-28 16:23:07,642 INFO Wrote 14 matching line(s) to /home/eyamrog/PycharmProjects/cl_st1_melina/cl_st1_ph1_melina/corpus/01_now_dataset/02_now_text/text-20-02/20-02-za.txt
2026-08-28 16:23:08,761 INFO Wrote 7 matching line(s) to /home/eyamrog/PycharmProjects/cl_st1_melina/cl_st1_ph1_melina/corpus/01_now_dataset/02_now_text/text-20-03/20-03-au.txt
2026-08-28 16:23:08,827 INFO Wrote 2 matching line(s) to /home/eyamrog/PycharmProjects/cl_st1_melina/cl_st1_ph1_melina/corpus/01_now_dataset/02_now_text/text-20-03/20-03-bd.txt
2026-08-28 16:23:09,460 INFO Wrote 17 matching line(s) to /home/eyamrog/PycharmProjects/cl_st1_melina/cl_st1_ph1_melina/corpus/01_now_dataset/02_now_text/text-20-03/20-03-ca1.txt
2026-08-28 16:23:10,025 INFO Wrote 18 matching line(s) to /home/eyamrog/PycharmProjects/cl_st1_melina/cl_st1_ph1_melina/corpus/01_now_dataset/02_now_text/text-20-03/20-03-ca2.txt
2026-08-28 16:23:11,071 INFO Wrote 19 matching line(s) to /home/eyamrog/PycharmProjects/cl_st1_melina/cl_st1_ph1_melina/corpus/01_now_dataset/02_now_text/text-20-03/20-03-gb1.txt
2026-08-28 16:23:12,018 INFO Wrote 15 matching line(s) to /home/eyamrog/PycharmProjects/cl_st1_melina/cl_st1_ph1_melina/corpus/01_now_dataset/02_now_text/text-20-03/20-03-gb2.txt
2026-08-28 16:23:12,127 INFO Wrote 3 matching line(s) to /home/eyamrog/PycharmProjects/cl_st1_melina/cl_st1_ph1_melina/corpus/01_now_dataset/02_now_text/text-20-03/20-03-gh.txt
2026-08-28 16:23:12,266 INFO Wrote 5 matching line(s) to /home/eyamrog/PycharmProjects/cl_st1_melina/cl_st1_ph1_melina/corpus/01_now_dataset/02_now_text/text-20-03/20-03-hk.txt
2026-08-28 16:23:13,405 INFO Wrote 11 matching line(s) to /home/eyamrog/PycharmProjects/cl_st1_melina/cl_st1_ph1_melina/corpus/01_now_dataset/02_now_text/text-20-03/20-03-ie.txt
2026-08-28 16:23:14,125 INFO Wrote 6 matching line(s) to /home/eyamrog/PycharmProjects/cl_st1_melina/cl_st1_ph1_melina/corpus/01_now_dataset/02_now_text/text-20-03/20-03-in1.txt
2026-08-28 16:23:14,786 INFO Wrote 10 matching line(s) to /home/eyamrog/PycharmProjects/cl_st1_melina/cl_st1_ph1_melina/corpus/01_now_dataset/02_now_text/text-20-03/20-03-in2.txt
2026-08-28 16:23:14,803 INFO No matches found in 20-03-jm.txt; skipping output file
2026-08-28 16:23:15,071 INFO Wrote 7 matching line(s) to /home/eyamrog/PycharmProjects/cl_st1_melina/cl_st1_ph1_melina/corpus/01_now_dataset/02_now_text/text-20-03/20-03-ke.txt
2026-08-28 16:23:15,168 INFO Wrote 2 matching line(s) to /home/eyamrog/PycharmProjects/cl_st1_melina/cl_st1_ph1_melina/corpus/01_now_dataset/02_now_text/text-20-03/20-03-lk.txt
2026-08-28 16:23:15,489 INFO Wrote 5 matching line(s) to /home/eyamrog/PycharmProjects/cl_st1_melina/cl_st1_ph1_melina/corpus/01_now_dataset/02_now_text/text-20-03/20-03-my.txt
2026-08-28 16:23:16,059 INFO Wrote 9 matching line(s) to /home/eyamrog/PycharmProjects/cl_st1_melina/cl_st1_ph1_melina/corpus/01_now_dataset/02_now_text/text-20-03/20-03-ng.txt
2026-08-28 16:23:16,562 INFO Wrote 13 matching line(s) to /home/eyamrog/PycharmProjects/cl_st1_melina/cl_st1_ph1_melina/corpus/01_now_dataset/02_now_text/text-20-03/20-03-nz.txt
2026-08-28 16:23:16,949 INFO Wrote 2 matching line(s) to /home/eyamrog/PycharmProjects/cl_st1_melina/cl_st1_ph1_melina/corpus/01_now_dataset/02_now_text/text-20-03/20-03-ph.txt
2026-08-28 16:23:17,397 INFO Wrote 7 matching line(s) to /home/eyamrog/PycharmProjects/cl_st1_melina/cl_st1_ph1_melina/corpus/01_now_dataset/02_now_text/text-20-03/20-03-pk.txt
2026-08-28 16:23:18,820 INFO Wrote 3 matching line(s) to /home/eyamrog/PycharmProjects/cl_st1_melina/cl_st1_ph1_melina/corpus/01_now_dataset/02_now_text/text-20-03/20-03-sg.txt
2026-08-28 16:23:18,975 INFO Wrote 1 matching line(s) to /home/eyamrog/PycharmProjects/cl_st1_melina/cl_st1_ph1_melina/corpus/01_now_dataset/02_now_text/text-20-03/20-03-tz.txt
2026-08-28 16:23:20,030 INFO Wrote 19 matching line(s) to /home/eyamrog/PycharmProjects/cl_st1_melina/cl_st1_ph1_melina/corpus/01_now_dataset/02_now_text/text-20-03/20-03-us1.txt
2026-08-28 16:23:20,943 INFO Wrote 13 matching line(s) to /home/eyamrog/PycharmProjects/cl_st1_melina/cl_st1_ph1_melina/corpus/01_now_dataset/02_now_text/text-20-03/20-03-us2.txt
2026-08-28 16:23:21,897 INFO Wrote 14 matching line(s) to /home/eyamrog/PycharmProjects/cl_st1_melina/cl_st1_ph1_melina/corpus/01_now_dataset/02_now_text/text-20-03/20-03-us3.txt
2026-08-28 16:23:22,781 INFO Wrote 14 matching line(s) to /home/eyamrog/PycharmProjects/cl_st1_melina/cl_st1_ph1_melina/corpus/01_now_dataset/02_now_text/text-20-03/20-03-us4.txt
2026-08-28 16:23:23,692 INFO Wrote 16 matching line(s) to /home/eyamrog/PycharmProjects/cl_st1_melina/cl_st1_ph1_melina/corpus/01_now_dataset/02_now_text/text-20-03/20-03-us5.txt
2026-08-28 16:23:24,565 INFO Wrote 10 matching line(s) to /home/eyamrog/PycharmProjects/cl_st1_melina/cl_st1_ph1_melina/corpus/01_now_dataset/02_now_text/text-20-03/20-03-us6.txt
2026-08-28 16:23:25,225 INFO Wrote 11 matching line(s) to /home/eyamrog/PycharmProjects/cl_st1_melina/cl_st1_ph1_melina/corpus/01_now_dataset/02_now_text/text-20-03/20-03-us7.txt
2026-08-28 16:23:25,989 INFO Wrote 11 matching line(s) to /home/eyamrog/PycharmProjects/cl_st1_melina/cl_st1_ph1_melina/corpus/01_now_dataset/02_now_text/text-20-03/20-03-us8.txt
2026-08-28 16:23:26,658 INFO Wrote 18 matching line(s) to /home/eyamrog/PycharmProjects/cl_st1_melina/cl_st1_ph1_melina/corpus/01_now_dataset/02_now_text/text-20-03/20-03-xx1.txt
2026-08-28 16:23:27,312 INFO Wrote 26 matching line(s) to /home/eyamrog/PycharmProjects/cl_st1_melina/cl_st1_ph1_melina/corpus/01_now_dataset/02_now_text/text-20-03/20-03-xx2.txt
2026-08-28 16:23:28,053 INFO Wrote 10 matching line(s) to /home/eyamrog/PycharmProjects/cl_st1_melina/cl_st1_ph1_melina/corpus/01_now_dataset/02_now_text/text-20-03/20-03-za.txt
2026-08-28 16:23:29,213 INFO Wrote 9 matching line(s) to /home/eyamrog/PycharmProjects/cl_st1_melina/cl_st1_ph1_melina/corpus/01_now_dataset/02_now_text/text-20-04/20-04-au.txt
2026-08-28 16:23:29,321 INFO Wrote 3 matching line(s) to /home/eyamrog/PycharmProjects/cl_st1_melina/cl_st1_ph1_melina/corpus/01_now_dataset/02_now_text/text-20-04/20-04-bd.txt
2026-08-28 16:23:30,510 INFO Wrote 5 matching line(s) to /home/eyamrog/PycharmProjects/cl_st1_melina/cl_st1_ph1_melina/corpus/01_now_dataset/02_now_text/text-20-04/20-04-ca.txt
2026-08-28 16:23:32,750 INFO Wrote 31 matching line(s) to /home/eyamrog/PycharmProjects/cl_st1_melina/cl_st1_ph1_melina/corpus/01_now_dataset/02_now_text/text-20-04/20-04-gb.txt
2026-08-28 16:23:33,093 INFO No matches found in 20-04-gh.txt; skipping output file
2026-08-28 16:23:33,405 INFO Wrote 1 matching line(s) to /home/eyamrog/PycharmProjects/cl_st1_melina/cl_st1_ph1_melina/corpus/01_now_dataset/02_now_text/text-20-04/20-04-hk.txt
2026-08-28 16:23:35,053 INFO Wrote 12 matching line(s) to /home/eyamrog/PycharmProjects/cl_st1_melina/cl_st1_ph1_melina/corpus/01_now_dataset/02_now_text/text-20-04/20-04-ie.txt
2026-08-28 16:23:36,441 INFO Wrote 19 matching line(s) to /home/eyamrog/PycharmProjects/cl_st1_melina/cl_st1_ph1_melina/corpus/01_now_dataset/02_now_text/text-20-04/20-04-in.txt
2026-08-28 16:23:36,463 INFO No matches found in 20-04-jm.txt; skipping output file
2026-08-28 16:23:36,717 INFO Wrote 3 matching line(s) to /home/eyamrog/PycharmProjects/cl_st1_melina/cl_st1_ph1_melina/corpus/01_now_dataset/02_now_text/text-20-04/20-04-ke.txt
2026-08-28 16:23:36,838 INFO No matches found in 20-04-lk.txt; skipping output file
2026-08-28 16:23:37,177 INFO Wrote 3 matching line(s) to /home/eyamrog/PycharmProjects/cl_st1_melina/cl_st1_ph1_melina/corpus/01_now_dataset/02_now_text/text-20-04/20-04-my.txt
2026-08-28 16:23:37,765 INFO Wrote 5 matching line(s) to /home/eyamrog/PycharmProjects/cl_st1_melina/cl_st1_ph1_melina/corpus/01_now_dataset/02_now_text/text-20-04/20-04-ng.txt
2026-08-28 16:23:38,275 INFO Wrote 8 matching line(s) to /home/eyamrog/PycharmProjects/cl_st1_melina/cl_st1_ph1_melina/corpus/01_now_dataset/02_now_text/text-20-04/20-04-nz.txt
2026-08-28 16:23:38,589 INFO Wrote 1 matching line(s) to /home/eyamrog/PycharmProjects/cl_st1_melina/cl_st1_ph1_melina/corpus/01_now_dataset/02_now_text/text-20-04/20-04-ph.txt
2026-08-28 16:23:38,822 INFO Wrote 8 matching line(s) to /home/eyamrog/PycharmProjects/cl_st1_melina/cl_st1_ph1_melina/corpus/01_now_dataset/02_now_text/text-20-04/20-04-pk.txt
2026-08-28 16:23:39,279 INFO Wrote 7 matching line(s) to /home/eyamrog/PycharmProjects/cl_st1_melina/cl_st1_ph1_melina/corpus/01_now_dataset/02_now_text/text-20-04/20-04-sg.txt
2026-08-28 16:23:39,319 INFO No matches found in 20-04-tz.txt; skipping output file
2026-08-28 16:23:40,716 INFO Wrote 26 matching line(s) to /home/eyamrog/PycharmProjects/cl_st1_melina/cl_st1_ph1_melina/corpus/01_now_dataset/02_now_text/text-20-04/20-04-us1.txt
2026-08-28 16:23:42,081 INFO Wrote 9 matching line(s) to /home/eyamrog/PycharmProjects/cl_st1_melina/cl_st1_ph1_melina/corpus/01_now_dataset/02_now_text/text-20-04/20-04-us2.txt
2026-08-28 16:23:43,394 INFO Wrote 22 matching line(s) to /home/eyamrog/PycharmProjects/cl_st1_melina/cl_st1_ph1_melina/corpus/01_now_dataset/02_now_text/text-20-04/20-04-us3.txt
2026-08-28 16:23:44,682 INFO Wrote 19 matching line(s) to /home/eyamrog/PycharmProjects/cl_st1_melina/cl_st1_ph1_melina/corpus/01_now_dataset/02_now_text/text-20-04/20-04-us4.txt
2026-08-28 16:23:45,957 INFO Wrote 22 matching line(s) to /home/eyamrog/PycharmProjects/cl_st1_melina/cl_st1_ph1_melina/corpus/01_now_dataset/02_now_text/text-20-04/20-04-us5.txt
2026-08-28 16:23:46,711 INFO Wrote 7 matching line(s) to /home/eyamrog/PycharmProjects/cl_st1_melina/cl_st1_ph1_melina/corpus/01_now_dataset/02_now_text/text-20-04/20-04-za.txt
2026-08-28 16:23:48,683 INFO Wrote 5 matching line(s) to /home/eyamrog/PycharmProjects/cl_st1_melina/cl_st1_ph1_melina/corpus/01_now_dataset/02_now_text/text-20-05/20-05-au.txt
2026-08-28 16:23:48,843 INFO Wrote 4 matching line(s) to /home/eyamrog/PycharmProjects/cl_st1_melina/cl_st1_ph1_melina/corpus/01_now_dataset/02_now_text/text-20-05/20-05-bd.txt
2026-08-28 16:23:50,433 INFO Wrote 19 matching line(s) to /home/eyamrog/PycharmProjects/cl_st1_melina/cl_st1_ph1_melina/corpus/01_now_dataset/02_now_text/text-20-05/20-05-ca.txt
2026-08-28 16:23:52,300 INFO Wrote 30 matching line(s) to /home/eyamrog/PycharmProjects/cl_st1_melina/cl_st1_ph1_melina/corpus/01_now_dataset/02_now_text/text-20-05/20-05-gb.txt
2026-08-28 16:23:52,427 INFO Wrote 1 matching line(s) to /home/eyamrog/PycharmProjects/cl_st1_melina/cl_st1_ph1_melina/corpus/01_now_dataset/02_now_text/text-20-05/20-05-gh.txt
2026-08-28 16:23:52,574 INFO Wrote 7 matching line(s) to /home/eyamrog/PycharmProjects/cl_st1_melina/cl_st1_ph1_melina/corpus/01_now_dataset/02_now_text/text-20-05/20-05-hk.txt
2026-08-28 16:23:53,820 INFO Wrote 18 matching line(s) to /home/eyamrog/PycharmProjects/cl_st1_melina/cl_st1_ph1_melina/corpus/01_now_dataset/02_now_text/text-20-05/20-05-ie.txt
2026-08-28 16:23:55,162 INFO Wrote 15 matching line(s) to /home/eyamrog/PycharmProjects/cl_st1_melina/cl_st1_ph1_melina/corpus/01_now_dataset/02_now_text/text-20-05/20-05-in.txt
2026-08-28 16:23:55,194 INFO No matches found in 20-05-jm.txt; skipping output file
2026-08-28 16:23:55,452 INFO Wrote 10 matching line(s) to /home/eyamrog/PycharmProjects/cl_st1_melina/cl_st1_ph1_melina/corpus/01_now_dataset/02_now_text/text-20-05/20-05-ke.txt
2026-08-28 16:23:55,573 INFO Wrote 1 matching line(s) to /home/eyamrog/PycharmProjects/cl_st1_melina/cl_st1_ph1_melina/corpus/01_now_dataset/02_now_text/text-20-05/20-05-lk.txt
2026-08-28 16:23:55,889 INFO Wrote 3 matching line(s) to /home/eyamrog/PycharmProjects/cl_st1_melina/cl_st1_ph1_melina/corpus/01_now_dataset/02_now_text/text-20-05/20-05-my.txt
2026-08-28 16:23:56,601 INFO Wrote 3 matching line(s) to /home/eyamrog/PycharmProjects/cl_st1_melina/cl_st1_ph1_melina/corpus/01_now_dataset/02_now_text/text-20-05/20-05-ng.txt
2026-08-28 16:23:57,093 INFO Wrote 14 matching line(s) to /home/eyamrog/PycharmProjects/cl_st1_melina/cl_st1_ph1_melina/corpus/01_now_dataset/02_now_text/text-20-05/20-05-nz.txt
2026-08-28 16:23:57,423 INFO Wrote 1 matching line(s) to /home/eyamrog/PycharmProjects/cl_st1_melina/cl_st1_ph1_melina/corpus/01_now_dataset/02_now_text/text-20-05/20-05-ph.txt
2026-08-28 16:23:57,681 INFO Wrote 12 matching line(s) to /home/eyamrog/PycharmProjects/cl_st1_melina/cl_st1_ph1_melina/corpus/01_now_dataset/02_now_text/text-20-05/20-05-pk.txt
2026-08-28 16:23:58,204 INFO Wrote 5 matching line(s) to /home/eyamrog/PycharmProjects/cl_st1_melina/cl_st1_ph1_melina/corpus/01_now_dataset/02_now_text/text-20-05/20-05-sg.txt
2026-08-28 16:23:58,245 INFO No matches found in 20-05-tz.txt; skipping output file
2026-08-28 16:23:59,887 INFO Wrote 23 matching line(s) to /home/eyamrog/PycharmProjects/cl_st1_melina/cl_st1_ph1_melina/corpus/01_now_dataset/02_now_text/text-20-05/20-05-us1.txt
2026-08-28 16:24:01,538 INFO Wrote 43 matching line(s) to /home/eyamrog/PycharmProjects/cl_st1_melina/cl_st1_ph1_melina/corpus/01_now_dataset/02_now_text/text-20-05/20-05-us2.txt
2026-08-28 16:24:04,525 INFO Wrote 28 matching line(s) to /home/eyamrog/PycharmProjects/cl_st1_melina/cl_st1_ph1_melina/corpus/01_now_dataset/02_now_text/text-20-05/20-05-us3.txt
2026-08-28 16:24:06,081 INFO Wrote 22 matching line(s) to /home/eyamrog/PycharmProjects/cl_st1_melina/cl_st1_ph1_melina/corpus/01_now_dataset/02_now_text/text-20-05/20-05-us4.txt
2026-08-28 16:24:07,579 INFO Wrote 25 matching line(s) to /home/eyamrog/PycharmProjects/cl_st1_melina/cl_st1_ph1_melina/corpus/01_now_dataset/02_now_text/text-20-05/20-05-us5.txt
2026-08-28 16:24:08,331 INFO Wrote 6 matching line(s) to /home/eyamrog/PycharmProjects/cl_st1_melina/cl_st1_ph1_melina/corpus/01_now_dataset/02_now_text/text-20-05/20-05-za.txt
2026-08-28 16:24:09,404 INFO Wrote 6 matching line(s) to /home/eyamrog/PycharmProjects/cl_st1_melina/cl_st1_ph1_melina/corpus/01_now_dataset/02_now_text/text-20-06/20_06-au.txt
2026-08-28 16:24:09,472 INFO Wrote 2 matching line(s) to /home/eyamrog/PycharmProjects/cl_st1_melina/cl_st1_ph1_melina/corpus/01_now_dataset/02_now_text/text-20-06/20_06-bd.txt
2026-08-28 16:24:10,162 INFO Wrote 10 matching line(s) to /home/eyamrog/PycharmProjects/cl_st1_melina/cl_st1_ph1_melina/corpus/01_now_dataset/02_now_text/text-20-06/20_06-ca1.txt
2026-08-28 16:24:10,772 INFO Wrote 12 matching line(s) to /home/eyamrog/PycharmProjects/cl_st1_melina/cl_st1_ph1_melina/corpus/01_now_dataset/02_now_text/text-20-06/20_06-ca2.txt
2026-08-28 16:24:11,696 INFO Wrote 7 matching line(s) to /home/eyamrog/PycharmProjects/cl_st1_melina/cl_st1_ph1_melina/corpus/01_now_dataset/02_now_text/text-20-06/20_06-gb1.txt
2026-08-28 16:24:12,525 INFO Wrote 9 matching line(s) to /home/eyamrog/PycharmProjects/cl_st1_melina/cl_st1_ph1_melina/corpus/01_now_dataset/02_now_text/text-20-06/20_06-gb2.txt
2026-08-28 16:24:12,649 INFO No matches found in 20_06-gh.txt; skipping output file
2026-08-28 16:24:12,766 INFO No matches found in 20_06-hk.txt; skipping output file
2026-08-28 16:24:13,838 INFO Wrote 5 matching line(s) to /home/eyamrog/PycharmProjects/cl_st1_melina/cl_st1_ph1_melina/corpus/01_now_dataset/02_now_text/text-20-06/20_06-ie.txt
2026-08-28 16:24:14,501 INFO Wrote 10 matching line(s) to /home/eyamrog/PycharmProjects/cl_st1_melina/cl_st1_ph1_melina/corpus/01_now_dataset/02_now_text/text-20-06/20_06-in1.txt
2026-08-28 16:24:15,130 INFO Wrote 4 matching line(s) to /home/eyamrog/PycharmProjects/cl_st1_melina/cl_st1_ph1_melina/corpus/01_now_dataset/02_now_text/text-20-06/20_06-in2.txt
2026-08-28 16:24:15,161 INFO Wrote 1 matching line(s) to /home/eyamrog/PycharmProjects/cl_st1_melina/cl_st1_ph1_melina/corpus/01_now_dataset/02_now_text/text-20-06/20_06-jm.txt
2026-08-28 16:24:15,399 INFO Wrote 8 matching line(s) to /home/eyamrog/PycharmProjects/cl_st1_melina/cl_st1_ph1_melina/corpus/01_now_dataset/02_now_text/text-20-06/20_06-ke.txt
2026-08-28 16:24:15,518 INFO No matches found in 20_06-lk.txt; skipping output file
2026-08-28 16:24:15,749 INFO Wrote 3 matching line(s) to /home/eyamrog/PycharmProjects/cl_st1_melina/cl_st1_ph1_melina/corpus/01_now_dataset/02_now_text/text-20-06/20_06-my.txt
2026-08-28 16:24:16,363 INFO Wrote 7 matching line(s) to /home/eyamrog/PycharmProjects/cl_st1_melina/cl_st1_ph1_melina/corpus/01_now_dataset/02_now_text/text-20-06/20_06-ng.txt
2026-08-28 16:24:16,816 INFO Wrote 5 matching line(s) to /home/eyamrog/PycharmProjects/cl_st1_melina/cl_st1_ph1_melina/corpus/01_now_dataset/02_now_text/text-20-06/20_06-nz.txt
2026-08-28 16:24:17,186 INFO Wrote 1 matching line(s) to /home/eyamrog/PycharmProjects/cl_st1_melina/cl_st1_ph1_melina/corpus/01_now_dataset/02_now_text/text-20-06/20_06-ph.txt
2026-08-28 16:24:17,580 INFO Wrote 8 matching line(s) to /home/eyamrog/PycharmProjects/cl_st1_melina/cl_st1_ph1_melina/corpus/01_now_dataset/02_now_text/text-20-06/20_06-pk.txt
2026-08-28 16:24:18,603 INFO No matches found in 20_06-sg.txt; skipping output file
2026-08-28 16:24:18,670 INFO No matches found in 20_06-tz.txt; skipping output file
2026-08-28 16:24:20,322 INFO Wrote 15 matching line(s) to /home/eyamrog/PycharmProjects/cl_st1_melina/cl_st1_ph1_melina/corpus/01_now_dataset/02_now_text/text-20-06/20_06-us1.txt
2026-08-28 16:24:21,578 INFO Wrote 22 matching line(s) to /home/eyamrog/PycharmProjects/cl_st1_melina/cl_st1_ph1_melina/corpus/01_now_dataset/02_now_text/text-20-06/20_06-us2.txt
2026-08-28 16:24:22,910 INFO Wrote 28 matching line(s) to /home/eyamrog/PycharmProjects/cl_st1_melina/cl_st1_ph1_melina/corpus/01_now_dataset/02_now_text/text-20-06/20_06-us3.txt
2026-08-28 16:24:24,163 INFO Wrote 17 matching line(s) to /home/eyamrog/PycharmProjects/cl_st1_melina/cl_st1_ph1_melina/corpus/01_now_dataset/02_now_text/text-20-06/20_06-us4.txt
2026-08-28 16:24:25,445 INFO Wrote 21 matching line(s) to /home/eyamrog/PycharmProjects/cl_st1_melina/cl_st1_ph1_melina/corpus/01_now_dataset/02_now_text/text-20-06/20_06-us5.txt
2026-08-28 16:24:26,688 INFO Wrote 17 matching line(s) to /home/eyamrog/PycharmProjects/cl_st1_melina/cl_st1_ph1_melina/corpus/01_now_dataset/02_now_text/text-20-06/20_06-us6.txt
2026-08-28 16:24:27,815 INFO Wrote 20 matching line(s) to /home/eyamrog/PycharmProjects/cl_st1_melina/cl_st1_ph1_melina/corpus/01_now_dataset/02_now_text/text-20-06/20_06-us7.txt
2026-08-28 16:24:29,005 INFO Wrote 25 matching line(s) to /home/eyamrog/PycharmProjects/cl_st1_melina/cl_st1_ph1_melina/corpus/01_now_dataset/02_now_text/text-20-06/20_06-us8.txt
2026-08-28 16:24:29,566 INFO Wrote 4 matching line(s) to /home/eyamrog/PycharmProjects/cl_st1_melina/cl_st1_ph1_melina/corpus/01_now_dataset/02_now_text/text-20-06/20_06-xx.txt
2026-08-28 16:24:30,304 INFO Wrote 16 matching line(s) to /home/eyamrog/PycharmProjects/cl_st1_melina/cl_st1_ph1_melina/corpus/01_now_dataset/02_now_text/text-20-06/20_06-za.txt
2026-08-28 16:24:31,458 INFO Wrote 12 matching line(s) to /home/eyamrog/PycharmProjects/cl_st1_melina/cl_st1_ph1_melina/corpus/01_now_dataset/02_now_text/text-20-07/20_07-au.txt
2026-08-28 16:24:31,550 INFO Wrote 1 matching line(s) to /home/eyamrog/PycharmProjects/cl_st1_melina/cl_st1_ph1_melina/corpus/01_now_dataset/02_now_text/text-20-07/20_07-bd.txt
2026-08-28 16:24:32,438 INFO Wrote 5 matching line(s) to /home/eyamrog/PycharmProjects/cl_st1_melina/cl_st1_ph1_melina/corpus/01_now_dataset/02_now_text/text-20-07/20_07-ca1.txt
2026-08-28 16:24:33,839 INFO Wrote 10 matching line(s) to /home/eyamrog/PycharmProjects/cl_st1_melina/cl_st1_ph1_melina/corpus/01_now_dataset/02_now_text/text-20-07/20_07-ca2.txt
2026-08-28 16:24:34,821 INFO Wrote 10 matching line(s) to /home/eyamrog/PycharmProjects/cl_st1_melina/cl_st1_ph1_melina/corpus/01_now_dataset/02_now_text/text-20-07/20_07-gb1.txt
2026-08-28 16:24:35,633 INFO Wrote 3 matching line(s) to /home/eyamrog/PycharmProjects/cl_st1_melina/cl_st1_ph1_melina/corpus/01_now_dataset/02_now_text/text-20-07/20_07-gb2.txt
2026-08-28 16:24:35,758 INFO No matches found in 20_07-gh.txt; skipping output file
2026-08-28 16:24:35,866 INFO Wrote 2 matching line(s) to /home/eyamrog/PycharmProjects/cl_st1_melina/cl_st1_ph1_melina/corpus/01_now_dataset/02_now_text/text-20-07/20_07-hk.txt
2026-08-28 16:24:36,943 INFO Wrote 8 matching line(s) to /home/eyamrog/PycharmProjects/cl_st1_melina/cl_st1_ph1_melina/corpus/01_now_dataset/02_now_text/text-20-07/20_07-ie.txt
2026-08-28 16:24:37,572 INFO Wrote 13 matching line(s) to /home/eyamrog/PycharmProjects/cl_st1_melina/cl_st1_ph1_melina/corpus/01_now_dataset/02_now_text/text-20-07/20_07-in1.txt
2026-08-28 16:24:38,207 INFO Wrote 11 matching line(s) to /home/eyamrog/PycharmProjects/cl_st1_melina/cl_st1_ph1_melina/corpus/01_now_dataset/02_now_text/text-20-07/20_07-in2.txt
2026-08-28 16:24:38,236 INFO No matches found in 20_07-jm.txt; skipping output file
2026-08-28 16:24:38,482 INFO Wrote 7 matching line(s) to /home/eyamrog/PycharmProjects/cl_st1_melina/cl_st1_ph1_melina/corpus/01_now_dataset/02_now_text/text-20-07/20_07-ke.txt
2026-08-28 16:24:38,595 INFO Wrote 4 matching line(s) to /home/eyamrog/PycharmProjects/cl_st1_melina/cl_st1_ph1_melina/corpus/01_now_dataset/02_now_text/text-20-07/20_07-lk.txt
2026-08-28 16:24:38,840 INFO No matches found in 20_07-my.txt; skipping output file
2026-08-28 16:24:39,528 INFO Wrote 3 matching line(s) to /home/eyamrog/PycharmProjects/cl_st1_melina/cl_st1_ph1_melina/corpus/01_now_dataset/02_now_text/text-20-07/20_07-ng.txt
2026-08-28 16:24:39,989 INFO Wrote 8 matching line(s) to /home/eyamrog/PycharmProjects/cl_st1_melina/cl_st1_ph1_melina/corpus/01_now_dataset/02_now_text/text-20-07/20_07-nz.txt
2026-08-28 16:24:40,365 INFO Wrote 1 matching line(s) to /home/eyamrog/PycharmProjects/cl_st1_melina/cl_st1_ph1_melina/corpus/01_now_dataset/02_now_text/text-20-07/20_07-ph.txt
2026-08-28 16:24:40,641 INFO Wrote 11 matching line(s) to /home/eyamrog/PycharmProjects/cl_st1_melina/cl_st1_ph1_melina/corpus/01_now_dataset/02_now_text/text-20-07/20_07-pk.txt
2026-08-28 16:24:41,026 INFO Wrote 3 matching line(s) to /home/eyamrog/PycharmProjects/cl_st1_melina/cl_st1_ph1_melina/corpus/01_now_dataset/02_now_text/text-20-07/20_07-sg.txt
2026-08-28 16:24:41,063 INFO Wrote 1 matching line(s) to /home/eyamrog/PycharmProjects/cl_st1_melina/cl_st1_ph1_melina/corpus/01_now_dataset/02_now_text/text-20-07/20_07-tz.txt
2026-08-28 16:24:42,251 INFO Wrote 16 matching line(s) to /home/eyamrog/PycharmProjects/cl_st1_melina/cl_st1_ph1_melina/corpus/01_now_dataset/02_now_text/text-20-07/20_07-us1.txt
2026-08-28 16:24:43,443 INFO Wrote 19 matching line(s) to /home/eyamrog/PycharmProjects/cl_st1_melina/cl_st1_ph1_melina/corpus/01_now_dataset/02_now_text/text-20-07/20_07-us2.txt
2026-08-28 16:24:44,696 INFO Wrote 25 matching line(s) to /home/eyamrog/PycharmProjects/cl_st1_melina/cl_st1_ph1_melina/corpus/01_now_dataset/02_now_text/text-20-07/20_07-us3.txt
2026-08-28 16:24:45,864 INFO Wrote 25 matching line(s) to /home/eyamrog/PycharmProjects/cl_st1_melina/cl_st1_ph1_melina/corpus/01_now_dataset/02_now_text/text-20-07/20_07-us4.txt
2026-08-28 16:24:47,191 INFO Wrote 17 matching line(s) to /home/eyamrog/PycharmProjects/cl_st1_melina/cl_st1_ph1_melina/corpus/01_now_dataset/02_now_text/text-20-07/20_07-us5.txt
2026-08-28 16:24:49,634 INFO Wrote 23 matching line(s) to /home/eyamrog/PycharmProjects/cl_st1_melina/cl_st1_ph1_melina/corpus/01_now_dataset/02_now_text/text-20-07/20_07-us6.txt
2026-08-28 16:24:50,607 INFO Wrote 22 matching line(s) to /home/eyamrog/PycharmProjects/cl_st1_melina/cl_st1_ph1_melina/corpus/01_now_dataset/02_now_text/text-20-07/20_07-us7.txt
2026-08-28 16:24:51,744 INFO Wrote 11 matching line(s) to /home/eyamrog/PycharmProjects/cl_st1_melina/cl_st1_ph1_melina/corpus/01_now_dataset/02_now_text/text-20-07/20_07-us8.txt
2026-08-28 16:24:52,227 INFO Wrote 9 matching line(s) to /home/eyamrog/PycharmProjects/cl_st1_melina/cl_st1_ph1_melina/corpus/01_now_dataset/02_now_text/text-20-07/20_07-xx.txt
2026-08-28 16:24:52,915 INFO Wrote 10 matching line(s) to /home/eyamrog/PycharmProjects/cl_st1_melina/cl_st1_ph1_melina/corpus/01_now_dataset/02_now_text/text-20-07/20_07-za.txt
2026-08-28 16:24:54,075 INFO Wrote 8 matching line(s) to /home/eyamrog/PycharmProjects/cl_st1_melina/cl_st1_ph1_melina/corpus/01_now_dataset/02_now_text/text-20-08/20-08-au.txt
2026-08-28 16:24:54,159 INFO Wrote 5 matching line(s) to /home/eyamrog/PycharmProjects/cl_st1_melina/cl_st1_ph1_melina/corpus/01_now_dataset/02_now_text/text-20-08/20-08-bd.txt
2026-08-28 16:24:55,420 INFO Wrote 19 matching line(s) to /home/eyamrog/PycharmProjects/cl_st1_melina/cl_st1_ph1_melina/corpus/01_now_dataset/02_now_text/text-20-08/20-08-ca.txt
2026-08-28 16:24:57,547 INFO Wrote 27 matching line(s) to /home/eyamrog/PycharmProjects/cl_st1_melina/cl_st1_ph1_melina/corpus/01_now_dataset/02_now_text/text-20-08/20-08-gb.txt
2026-08-28 16:24:57,686 INFO Wrote 1 matching line(s) to /home/eyamrog/PycharmProjects/cl_st1_melina/cl_st1_ph1_melina/corpus/01_now_dataset/02_now_text/text-20-08/20-08-gh.txt
2026-08-28 16:24:57,823 INFO Wrote 8 matching line(s) to /home/eyamrog/PycharmProjects/cl_st1_melina/cl_st1_ph1_melina/corpus/01_now_dataset/02_now_text/text-20-08/20-08-hk.txt
2026-08-28 16:24:59,103 INFO Wrote 20 matching line(s) to /home/eyamrog/PycharmProjects/cl_st1_melina/cl_st1_ph1_melina/corpus/01_now_dataset/02_now_text/text-20-08/20-08-ie.txt
2026-08-28 16:25:00,384 INFO Wrote 31 matching line(s) to /home/eyamrog/PycharmProjects/cl_st1_melina/cl_st1_ph1_melina/corpus/01_now_dataset/02_now_text/text-20-08/20-08-in.txt
2026-08-28 16:25:00,408 INFO No matches found in 20-08-jm.txt; skipping output file
2026-08-28 16:25:00,671 INFO Wrote 6 matching line(s) to /home/eyamrog/PycharmProjects/cl_st1_melina/cl_st1_ph1_melina/corpus/01_now_dataset/02_now_text/text-20-08/20-08-ke.txt
2026-08-28 16:25:00,814 INFO Wrote 4 matching line(s) to /home/eyamrog/PycharmProjects/cl_st1_melina/cl_st1_ph1_melina/corpus/01_now_dataset/02_now_text/text-20-08/20-08-lk.txt
2026-08-28 16:25:01,161 INFO Wrote 11 matching line(s) to /home/eyamrog/PycharmProjects/cl_st1_melina/cl_st1_ph1_melina/corpus/01_now_dataset/02_now_text/text-20-08/20-08-my.txt
2026-08-28 16:25:01,817 INFO Wrote 10 matching line(s) to /home/eyamrog/PycharmProjects/cl_st1_melina/cl_st1_ph1_melina/corpus/01_now_dataset/02_now_text/text-20-08/20-08-ng.txt
2026-08-28 16:25:02,454 INFO Wrote 12 matching line(s) to /home/eyamrog/PycharmProjects/cl_st1_melina/cl_st1_ph1_melina/corpus/01_now_dataset/02_now_text/text-20-08/20-08-nz.txt
2026-08-28 16:25:03,405 INFO Wrote 3 matching line(s) to /home/eyamrog/PycharmProjects/cl_st1_melina/cl_st1_ph1_melina/corpus/01_now_dataset/02_now_text/text-20-08/20-08-ph.txt
2026-08-28 16:25:04,012 INFO Wrote 16 matching line(s) to /home/eyamrog/PycharmProjects/cl_st1_melina/cl_st1_ph1_melina/corpus/01_now_dataset/02_now_text/text-20-08/20-08-pk.txt
2026-08-28 16:25:04,656 INFO Wrote 4 matching line(s) to /home/eyamrog/PycharmProjects/cl_st1_melina/cl_st1_ph1_melina/corpus/01_now_dataset/02_now_text/text-20-08/20-08-sg.txt
2026-08-28 16:25:04,695 INFO No matches found in 20-08-tz.txt; skipping output file
2026-08-28 16:25:06,887 INFO Wrote 67 matching line(s) to /home/eyamrog/PycharmProjects/cl_st1_melina/cl_st1_ph1_melina/corpus/01_now_dataset/02_now_text/text-20-08/20-08-us1.txt
2026-08-28 16:25:08,965 INFO Wrote 64 matching line(s) to /home/eyamrog/PycharmProjects/cl_st1_melina/cl_st1_ph1_melina/corpus/01_now_dataset/02_now_text/text-20-08/20-08-us2.txt
2026-08-28 16:25:10,921 INFO Wrote 46 matching line(s) to /home/eyamrog/PycharmProjects/cl_st1_melina/cl_st1_ph1_melina/corpus/01_now_dataset/02_now_text/text-20-08/20-08-us3.txt
2026-08-28 16:25:12,837 INFO Wrote 61 matching line(s) to /home/eyamrog/PycharmProjects/cl_st1_melina/cl_st1_ph1_melina/corpus/01_now_dataset/02_now_text/text-20-08/20-08-us4.txt
2026-08-28 16:25:14,728 INFO Wrote 46 matching line(s) to /home/eyamrog/PycharmProjects/cl_st1_melina/cl_st1_ph1_melina/corpus/01_now_dataset/02_now_text/text-20-08/20-08-us5.txt
2026-08-28 16:25:15,462 INFO Wrote 11 matching line(s) to /home/eyamrog/PycharmProjects/cl_st1_melina/cl_st1_ph1_melina/corpus/01_now_dataset/02_now_text/text-20-08/20-08-za.txt
2026-08-28 16:25:16,327 INFO Wrote 9 matching line(s) to /home/eyamrog/PycharmProjects/cl_st1_melina/cl_st1_ph1_melina/corpus/01_now_dataset/02_now_text/text-20-09/20-09-au.txt
2026-08-28 16:25:16,396 INFO Wrote 3 matching line(s) to /home/eyamrog/PycharmProjects/cl_st1_melina/cl_st1_ph1_melina/corpus/01_now_dataset/02_now_text/text-20-09/20-09-bd.txt
2026-08-28 16:25:18,525 INFO Wrote 16 matching line(s) to /home/eyamrog/PycharmProjects/cl_st1_melina/cl_st1_ph1_melina/corpus/01_now_dataset/02_now_text/text-20-09/20-09-ca.txt
2026-08-28 16:25:20,571 INFO Wrote 26 matching line(s) to /home/eyamrog/PycharmProjects/cl_st1_melina/cl_st1_ph1_melina/corpus/01_now_dataset/02_now_text/text-20-09/20-09-gb.txt
2026-08-28 16:25:20,679 INFO No matches found in 20-09-gh.txt; skipping output file
2026-08-28 16:25:20,793 INFO Wrote 3 matching line(s) to /home/eyamrog/PycharmProjects/cl_st1_melina/cl_st1_ph1_melina/corpus/01_now_dataset/02_now_text/text-20-09/20-09-hk.txt
2026-08-28 16:25:21,748 INFO Wrote 15 matching line(s) to /home/eyamrog/PycharmProjects/cl_st1_melina/cl_st1_ph1_melina/corpus/01_now_dataset/02_now_text/text-20-09/20-09-ie.txt
2026-08-28 16:25:22,873 INFO Wrote 20 matching line(s) to /home/eyamrog/PycharmProjects/cl_st1_melina/cl_st1_ph1_melina/corpus/01_now_dataset/02_now_text/text-20-09/20-09-in.txt
2026-08-28 16:25:22,889 INFO No matches found in 20-09-jm.txt; skipping output file
2026-08-28 16:25:23,061 INFO Wrote 4 matching line(s) to /home/eyamrog/PycharmProjects/cl_st1_melina/cl_st1_ph1_melina/corpus/01_now_dataset/02_now_text/text-20-09/20-09-ke.txt
2026-08-28 16:25:23,189 INFO Wrote 2 matching line(s) to /home/eyamrog/PycharmProjects/cl_st1_melina/cl_st1_ph1_melina/corpus/01_now_dataset/02_now_text/text-20-09/20-09-lk.txt
2026-08-28 16:25:23,486 INFO Wrote 6 matching line(s) to /home/eyamrog/PycharmProjects/cl_st1_melina/cl_st1_ph1_melina/corpus/01_now_dataset/02_now_text/text-20-09/20-09-my.txt
2026-08-28 16:25:24,183 INFO Wrote 3 matching line(s) to /home/eyamrog/PycharmProjects/cl_st1_melina/cl_st1_ph1_melina/corpus/01_now_dataset/02_now_text/text-20-09/20-09-ng.txt
2026-08-28 16:25:24,599 INFO Wrote 10 matching line(s) to /home/eyamrog/PycharmProjects/cl_st1_melina/cl_st1_ph1_melina/corpus/01_now_dataset/02_now_text/text-20-09/20-09-nz.txt
2026-08-28 16:25:24,872 INFO Wrote 1 matching line(s) to /home/eyamrog/PycharmProjects/cl_st1_melina/cl_st1_ph1_melina/corpus/01_now_dataset/02_now_text/text-20-09/20-09-ph.txt
2026-08-28 16:25:25,103 INFO Wrote 15 matching line(s) to /home/eyamrog/PycharmProjects/cl_st1_melina/cl_st1_ph1_melina/corpus/01_now_dataset/02_now_text/text-20-09/20-09-pk.txt
2026-08-28 16:25:25,564 INFO Wrote 4 matching line(s) to /home/eyamrog/PycharmProjects/cl_st1_melina/cl_st1_ph1_melina/corpus/01_now_dataset/02_now_text/text-20-09/20-09-sg.txt
2026-08-28 16:25:25,596 INFO No matches found in 20-09-tz.txt; skipping output file
2026-08-28 16:25:27,586 INFO Wrote 37 matching line(s) to /home/eyamrog/PycharmProjects/cl_st1_melina/cl_st1_ph1_melina/corpus/01_now_dataset/02_now_text/text-20-09/20-09-us1.txt
2026-08-28 16:25:29,481 INFO Wrote 35 matching line(s) to /home/eyamrog/PycharmProjects/cl_st1_melina/cl_st1_ph1_melina/corpus/01_now_dataset/02_now_text/text-20-09/20-09-us2.txt
2026-08-28 16:25:31,251 INFO Wrote 28 matching line(s) to /home/eyamrog/PycharmProjects/cl_st1_melina/cl_st1_ph1_melina/corpus/01_now_dataset/02_now_text/text-20-09/20-09-us3.txt
2026-08-28 16:25:33,473 INFO Wrote 33 matching line(s) to /home/eyamrog/PycharmProjects/cl_st1_melina/cl_st1_ph1_melina/corpus/01_now_dataset/02_now_text/text-20-09/20-09-us4.txt
2026-08-28 16:25:35,657 INFO Wrote 37 matching line(s) to /home/eyamrog/PycharmProjects/cl_st1_melina/cl_st1_ph1_melina/corpus/01_now_dataset/02_now_text/text-20-09/20-09-us5.txt
2026-08-28 16:25:36,441 INFO Wrote 8 matching line(s) to /home/eyamrog/PycharmProjects/cl_st1_melina/cl_st1_ph1_melina/corpus/01_now_dataset/02_now_text/text-20-09/20-09-za.txt
2026-08-28 16:25:37,473 INFO Wrote 5 matching line(s) to /home/eyamrog/PycharmProjects/cl_st1_melina/cl_st1_ph1_melina/corpus/01_now_dataset/02_now_text/text-20-10/20-10-au.txt
2026-08-28 16:25:37,538 INFO Wrote 2 matching line(s) to /home/eyamrog/PycharmProjects/cl_st1_melina/cl_st1_ph1_melina/corpus/01_now_dataset/02_now_text/text-20-10/20-10-bd.txt
2026-08-28 16:25:38,683 INFO Wrote 11 matching line(s) to /home/eyamrog/PycharmProjects/cl_st1_melina/cl_st1_ph1_melina/corpus/01_now_dataset/02_now_text/text-20-10/20-10-ca.txt
2026-08-28 16:25:40,555 INFO Wrote 13 matching line(s) to /home/eyamrog/PycharmProjects/cl_st1_melina/cl_st1_ph1_melina/corpus/01_now_dataset/02_now_text/text-20-10/20-10-gb.txt
2026-08-28 16:25:40,664 INFO Wrote 1 matching line(s) to /home/eyamrog/PycharmProjects/cl_st1_melina/cl_st1_ph1_melina/corpus/01_now_dataset/02_now_text/text-20-10/20-10-gh.txt
2026-08-28 16:25:40,749 INFO Wrote 3 matching line(s) to /home/eyamrog/PycharmProjects/cl_st1_melina/cl_st1_ph1_melina/corpus/01_now_dataset/02_now_text/text-20-10/20-10-hk.txt
2026-08-28 16:25:41,836 INFO Wrote 11 matching line(s) to /home/eyamrog/PycharmProjects/cl_st1_melina/cl_st1_ph1_melina/corpus/01_now_dataset/02_now_text/text-20-10/20-10-ie.txt
2026-08-28 16:25:43,039 INFO Wrote 10 matching line(s) to /home/eyamrog/PycharmProjects/cl_st1_melina/cl_st1_ph1_melina/corpus/01_now_dataset/02_now_text/text-20-10/20-10-in.txt
2026-08-28 16:25:43,052 INFO No matches found in 20-10-jm.txt; skipping output file
2026-08-28 16:25:43,249 INFO Wrote 1 matching line(s) to /home/eyamrog/PycharmProjects/cl_st1_melina/cl_st1_ph1_melina/corpus/01_now_dataset/02_now_text/text-20-10/20-10-ke.txt
2026-08-28 16:25:43,394 INFO No matches found in 20-10-lk.txt; skipping output file
2026-08-28 16:25:43,614 INFO Wrote 1 matching line(s) to /home/eyamrog/PycharmProjects/cl_st1_melina/cl_st1_ph1_melina/corpus/01_now_dataset/02_now_text/text-20-10/20-10-my.txt
2026-08-28 16:25:44,270 INFO Wrote 5 matching line(s) to /home/eyamrog/PycharmProjects/cl_st1_melina/cl_st1_ph1_melina/corpus/01_now_dataset/02_now_text/text-20-10/20-10-ng.txt
2026-08-28 16:25:44,678 INFO Wrote 3 matching line(s) to /home/eyamrog/PycharmProjects/cl_st1_melina/cl_st1_ph1_melina/corpus/01_now_dataset/02_now_text/text-20-10/20-10-nz.txt
2026-08-28 16:25:45,039 INFO Wrote 3 matching line(s) to /home/eyamrog/PycharmProjects/cl_st1_melina/cl_st1_ph1_melina/corpus/01_now_dataset/02_now_text/text-20-10/20-10-ph.txt
2026-08-28 16:25:45,310 INFO Wrote 10 matching line(s) to /home/eyamrog/PycharmProjects/cl_st1_melina/cl_st1_ph1_melina/corpus/01_now_dataset/02_now_text/text-20-10/20-10-pk.txt
2026-08-28 16:25:45,828 INFO Wrote 3 matching line(s) to /home/eyamrog/PycharmProjects/cl_st1_melina/cl_st1_ph1_melina/corpus/01_now_dataset/02_now_text/text-20-10/20-10-sg.txt
2026-08-28 16:25:45,866 INFO No matches found in 20-10-tz.txt; skipping output file
2026-08-28 16:25:47,390 INFO Wrote 23 matching line(s) to /home/eyamrog/PycharmProjects/cl_st1_melina/cl_st1_ph1_melina/corpus/01_now_dataset/02_now_text/text-20-10/20-10-us1.txt
2026-08-28 16:25:48,847 INFO Wrote 18 matching line(s) to /home/eyamrog/PycharmProjects/cl_st1_melina/cl_st1_ph1_melina/corpus/01_now_dataset/02_now_text/text-20-10/20-10-us2.txt
2026-08-28 16:25:50,286 INFO Wrote 18 matching line(s) to /home/eyamrog/PycharmProjects/cl_st1_melina/cl_st1_ph1_melina/corpus/01_now_dataset/02_now_text/text-20-10/20-10-us3.txt
2026-08-28 16:25:51,751 INFO Wrote 11 matching line(s) to /home/eyamrog/PycharmProjects/cl_st1_melina/cl_st1_ph1_melina/corpus/01_now_dataset/02_now_text/text-20-10/20-10-us4.txt
2026-08-28 16:25:53,184 INFO Wrote 15 matching line(s) to /home/eyamrog/PycharmProjects/cl_st1_melina/cl_st1_ph1_melina/corpus/01_now_dataset/02_now_text/text-20-10/20-10-us5.txt
2026-08-28 16:25:53,825 INFO Wrote 4 matching line(s) to /home/eyamrog/PycharmProjects/cl_st1_melina/cl_st1_ph1_melina/corpus/01_now_dataset/02_now_text/text-20-10/20-10-za.txt
2026-08-28 16:25:54,658 INFO Wrote 5 matching line(s) to /home/eyamrog/PycharmProjects/cl_st1_melina/cl_st1_ph1_melina/corpus/01_now_dataset/02_now_text/text-20-11/20-11-au.txt
2026-08-28 16:25:54,719 INFO No matches found in 20-11-bd.txt; skipping output file
2026-08-28 16:25:55,742 INFO Wrote 12 matching line(s) to /home/eyamrog/PycharmProjects/cl_st1_melina/cl_st1_ph1_melina/corpus/01_now_dataset/02_now_text/text-20-11/20-11-ca.txt
2026-08-28 16:25:57,184 INFO Wrote 43 matching line(s) to /home/eyamrog/PycharmProjects/cl_st1_melina/cl_st1_ph1_melina/corpus/01_now_dataset/02_now_text/text-20-11/20-11-gb.txt
2026-08-28 16:25:57,304 INFO Wrote 2 matching line(s) to /home/eyamrog/PycharmProjects/cl_st1_melina/cl_st1_ph1_melina/corpus/01_now_dataset/02_now_text/text-20-11/20-11-gh.txt
2026-08-28 16:25:57,382 INFO No matches found in 20-11-hk.txt; skipping output file
2026-08-28 16:25:58,349 INFO Wrote 8 matching line(s) to /home/eyamrog/PycharmProjects/cl_st1_melina/cl_st1_ph1_melina/corpus/01_now_dataset/02_now_text/text-20-11/20-11-ie.txt
2026-08-28 16:25:59,407 INFO Wrote 7 matching line(s) to /home/eyamrog/PycharmProjects/cl_st1_melina/cl_st1_ph1_melina/corpus/01_now_dataset/02_now_text/text-20-11/20-11-in.txt
2026-08-28 16:25:59,429 INFO Wrote 2 matching line(s) to /home/eyamrog/PycharmProjects/cl_st1_melina/cl_st1_ph1_melina/corpus/01_now_dataset/02_now_text/text-20-11/20-11-jm.txt
2026-08-28 16:25:59,603 INFO Wrote 3 matching line(s) to /home/eyamrog/PycharmProjects/cl_st1_melina/cl_st1_ph1_melina/corpus/01_now_dataset/02_now_text/text-20-11/20-11-ke.txt
2026-08-28 16:25:59,771 INFO Wrote 2 matching line(s) to /home/eyamrog/PycharmProjects/cl_st1_melina/cl_st1_ph1_melina/corpus/01_now_dataset/02_now_text/text-20-11/20-11-lk.txt
2026-08-28 16:25:59,967 INFO Wrote 1 matching line(s) to /home/eyamrog/PycharmProjects/cl_st1_melina/cl_st1_ph1_melina/corpus/01_now_dataset/02_now_text/text-20-11/20-11-my.txt
2026-08-28 16:26:00,444 INFO Wrote 7 matching line(s) to /home/eyamrog/PycharmProjects/cl_st1_melina/cl_st1_ph1_melina/corpus/01_now_dataset/02_now_text/text-20-11/20-11-ng.txt
2026-08-28 16:26:00,826 INFO Wrote 8 matching line(s) to /home/eyamrog/PycharmProjects/cl_st1_melina/cl_st1_ph1_melina/corpus/01_now_dataset/02_now_text/text-20-11/20-11-nz.txt
2026-08-28 16:26:01,104 INFO Wrote 3 matching line(s) to /home/eyamrog/PycharmProjects/cl_st1_melina/cl_st1_ph1_melina/corpus/01_now_dataset/02_now_text/text-20-11/20-11-ph.txt
2026-08-28 16:26:01,279 INFO Wrote 7 matching line(s) to /home/eyamrog/PycharmProjects/cl_st1_melina/cl_st1_ph1_melina/corpus/01_now_dataset/02_now_text/text-20-11/20-11-pk.txt
2026-08-28 16:26:01,611 INFO Wrote 4 matching line(s) to /home/eyamrog/PycharmProjects/cl_st1_melina/cl_st1_ph1_melina/corpus/01_now_dataset/02_now_text/text-20-11/20-11-sg.txt
2026-08-28 16:26:01,640 INFO No matches found in 20-11-tz.txt; skipping output file
2026-08-28 16:26:03,307 INFO Wrote 16 matching line(s) to /home/eyamrog/PycharmProjects/cl_st1_melina/cl_st1_ph1_melina/corpus/01_now_dataset/02_now_text/text-20-11/20-11-us1.txt
2026-08-28 16:26:05,015 INFO Wrote 18 matching line(s) to /home/eyamrog/PycharmProjects/cl_st1_melina/cl_st1_ph1_melina/corpus/01_now_dataset/02_now_text/text-20-11/20-11-us2.txt
2026-08-28 16:26:08,230 INFO Wrote 16 matching line(s) to /home/eyamrog/PycharmProjects/cl_st1_melina/cl_st1_ph1_melina/corpus/01_now_dataset/02_now_text/text-20-11/20-11-us3.txt
2026-08-28 16:26:09,701 INFO Wrote 35 matching line(s) to /home/eyamrog/PycharmProjects/cl_st1_melina/cl_st1_ph1_melina/corpus/01_now_dataset/02_now_text/text-20-11/20-11-us4.txt
2026-08-28 16:26:11,119 INFO Wrote 30 matching line(s) to /home/eyamrog/PycharmProjects/cl_st1_melina/cl_st1_ph1_melina/corpus/01_now_dataset/02_now_text/text-20-11/20-11-us5.txt
2026-08-28 16:26:11,661 INFO Wrote 6 matching line(s) to /home/eyamrog/PycharmProjects/cl_st1_melina/cl_st1_ph1_melina/corpus/01_now_dataset/02_now_text/text-20-11/20-11-za.txt
2026-08-28 16:26:12,327 INFO Wrote 3 matching line(s) to /home/eyamrog/PycharmProjects/cl_st1_melina/cl_st1_ph1_melina/corpus/01_now_dataset/02_now_text/text-20-12/20-12-au.txt
2026-08-28 16:26:12,386 INFO No matches found in 20-12-bd.txt; skipping output file
2026-08-28 16:26:13,405 INFO Wrote 13 matching line(s) to /home/eyamrog/PycharmProjects/cl_st1_melina/cl_st1_ph1_melina/corpus/01_now_dataset/02_now_text/text-20-12/20-12-ca.txt
2026-08-28 16:26:14,497 INFO Wrote 66 matching line(s) to /home/eyamrog/PycharmProjects/cl_st1_melina/cl_st1_ph1_melina/corpus/01_now_dataset/02_now_text/text-20-12/20-12-gb.txt
2026-08-28 16:26:14,600 INFO No matches found in 20-12-gh.txt; skipping output file
2026-08-28 16:26:14,663 INFO Wrote 1 matching line(s) to /home/eyamrog/PycharmProjects/cl_st1_melina/cl_st1_ph1_melina/corpus/01_now_dataset/02_now_text/text-20-12/20-12-hk.txt
2026-08-28 16:26:15,478 INFO Wrote 12 matching line(s) to /home/eyamrog/PycharmProjects/cl_st1_melina/cl_st1_ph1_melina/corpus/01_now_dataset/02_now_text/text-20-12/20-12-ie.txt
2026-08-28 16:26:16,487 INFO Wrote 12 matching line(s) to /home/eyamrog/PycharmProjects/cl_st1_melina/cl_st1_ph1_melina/corpus/01_now_dataset/02_now_text/text-20-12/20-12-in.txt
2026-08-28 16:26:16,512 INFO No matches found in 20-12-jm.txt; skipping output file
2026-08-28 16:26:16,679 INFO Wrote 1 matching line(s) to /home/eyamrog/PycharmProjects/cl_st1_melina/cl_st1_ph1_melina/corpus/01_now_dataset/02_now_text/text-20-12/20-12-ke.txt
2026-08-28 16:26:16,818 INFO Wrote 5 matching line(s) to /home/eyamrog/PycharmProjects/cl_st1_melina/cl_st1_ph1_melina/corpus/01_now_dataset/02_now_text/text-20-12/20-12-lk.txt
2026-08-28 16:26:16,985 INFO Wrote 2 matching line(s) to /home/eyamrog/PycharmProjects/cl_st1_melina/cl_st1_ph1_melina/corpus/01_now_dataset/02_now_text/text-20-12/20-12-my.txt
2026-08-28 16:26:17,449 INFO Wrote 3 matching line(s) to /home/eyamrog/PycharmProjects/cl_st1_melina/cl_st1_ph1_melina/corpus/01_now_dataset/02_now_text/text-20-12/20-12-ng.txt
2026-08-28 16:26:17,697 INFO Wrote 1 matching line(s) to /home/eyamrog/PycharmProjects/cl_st1_melina/cl_st1_ph1_melina/corpus/01_now_dataset/02_now_text/text-20-12/20-12-nz.txt
2026-08-28 16:26:17,959 INFO No matches found in 20-12-ph.txt; skipping output file
2026-08-28 16:26:18,111 INFO Wrote 9 matching line(s) to /home/eyamrog/PycharmProjects/cl_st1_melina/cl_st1_ph1_melina/corpus/01_now_dataset/02_now_text/text-20-12/20-12-pk.txt
2026-08-28 16:26:18,378 INFO Wrote 3 matching line(s) to /home/eyamrog/PycharmProjects/cl_st1_melina/cl_st1_ph1_melina/corpus/01_now_dataset/02_now_text/text-20-12/20-12-sg.txt
2026-08-28 16:26:18,404 INFO No matches found in 20-12-tz.txt; skipping output file
2026-08-28 16:26:20,500 INFO Wrote 35 matching line(s) to /home/eyamrog/PycharmProjects/cl_st1_melina/cl_st1_ph1_melina/corpus/01_now_dataset/02_now_text/text-20-12/20-12-us1.txt
2026-08-28 16:26:23,316 INFO Wrote 33 matching line(s) to /home/eyamrog/PycharmProjects/cl_st1_melina/cl_st1_ph1_melina/corpus/01_now_dataset/02_now_text/text-20-12/20-12-us2.txt
2026-08-28 16:26:25,003 INFO Wrote 21 matching line(s) to /home/eyamrog/PycharmProjects/cl_st1_melina/cl_st1_ph1_melina/corpus/01_now_dataset/02_now_text/text-20-12/20-12-us3.txt
2026-08-28 16:26:26,699 INFO Wrote 19 matching line(s) to /home/eyamrog/PycharmProjects/cl_st1_melina/cl_st1_ph1_melina/corpus/01_now_dataset/02_now_text/text-20-12/20-12-us4.txt
2026-08-28 16:26:28,306 INFO Wrote 21 matching line(s) to /home/eyamrog/PycharmProjects/cl_st1_melina/cl_st1_ph1_melina/corpus/01_now_dataset/02_now_text/text-20-12/20-12-us5.txt
2026-08-28 16:26:28,748 INFO Wrote 6 matching line(s) to /home/eyamrog/PycharmProjects/cl_st1_melina/cl_st1_ph1_melina/corpus/01_now_dataset/02_now_text/text-20-12/20-12-za.txt
2026-08-28 16:26:29,420 INFO Wrote 3 matching line(s) to /home/eyamrog/PycharmProjects/cl_st1_melina/cl_st1_ph1_melina/corpus/01_now_dataset/02_now_text/text-21-01/21-01-au.txt
2026-08-28 16:26:29,494 INFO Wrote 1 matching line(s) to /home/eyamrog/PycharmProjects/cl_st1_melina/cl_st1_ph1_melina/corpus/01_now_dataset/02_now_text/text-21-01/21-01-bd.txt
2026-08-28 16:26:30,700 INFO Wrote 17 matching line(s) to /home/eyamrog/PycharmProjects/cl_st1_melina/cl_st1_ph1_melina/corpus/01_now_dataset/02_now_text/text-21-01/21-01-ca.txt
2026-08-28 16:26:31,842 INFO Wrote 51 matching line(s) to /home/eyamrog/PycharmProjects/cl_st1_melina/cl_st1_ph1_melina/corpus/01_now_dataset/02_now_text/text-21-01/21-01-gb.txt
2026-08-28 16:26:31,947 INFO No matches found in 21-01-gh.txt; skipping output file
2026-08-28 16:26:32,014 INFO Wrote 2 matching line(s) to /home/eyamrog/PycharmProjects/cl_st1_melina/cl_st1_ph1_melina/corpus/01_now_dataset/02_now_text/text-21-01/21-01-hk.txt
2026-08-28 16:26:32,806 INFO Wrote 5 matching line(s) to /home/eyamrog/PycharmProjects/cl_st1_melina/cl_st1_ph1_melina/corpus/01_now_dataset/02_now_text/text-21-01/21-01-ie.txt
2026-08-28 16:26:33,794 INFO Wrote 6 matching line(s) to /home/eyamrog/PycharmProjects/cl_st1_melina/cl_st1_ph1_melina/corpus/01_now_dataset/02_now_text/text-21-01/21-01-in.txt
2026-08-28 16:26:33,825 INFO Wrote 2 matching line(s) to /home/eyamrog/PycharmProjects/cl_st1_melina/cl_st1_ph1_melina/corpus/01_now_dataset/02_now_text/text-21-01/21-01-jm.txt
2026-08-28 16:26:34,016 INFO Wrote 4 matching line(s) to /home/eyamrog/PycharmProjects/cl_st1_melina/cl_st1_ph1_melina/corpus/01_now_dataset/02_now_text/text-21-01/21-01-ke.txt
2026-08-28 16:26:34,165 INFO No matches found in 21-01-lk.txt; skipping output file
2026-08-28 16:26:34,332 INFO No matches found in 21-01-my.txt; skipping output file
2026-08-28 16:26:34,867 INFO Wrote 4 matching line(s) to /home/eyamrog/PycharmProjects/cl_st1_melina/cl_st1_ph1_melina/corpus/01_now_dataset/02_now_text/text-21-01/21-01-ng.txt
2026-08-28 16:26:35,247 INFO Wrote 10 matching line(s) to /home/eyamrog/PycharmProjects/cl_st1_melina/cl_st1_ph1_melina/corpus/01_now_dataset/02_now_text/text-21-01/21-01-nz.txt
2026-08-28 16:26:35,714 INFO No matches found in 21-01-ph.txt; skipping output file
2026-08-28 16:26:36,222 INFO Wrote 5 matching line(s) to /home/eyamrog/PycharmProjects/cl_st1_melina/cl_st1_ph1_melina/corpus/01_now_dataset/02_now_text/text-21-01/21-01-pk.txt
2026-08-28 16:26:36,733 INFO Wrote 1 matching line(s) to /home/eyamrog/PycharmProjects/cl_st1_melina/cl_st1_ph1_melina/corpus/01_now_dataset/02_now_text/text-21-01/21-01-sg.txt
2026-08-28 16:26:36,783 INFO No matches found in 21-01-tz.txt; skipping output file
2026-08-28 16:26:39,098 INFO Wrote 40 matching line(s) to /home/eyamrog/PycharmProjects/cl_st1_melina/cl_st1_ph1_melina/corpus/01_now_dataset/02_now_text/text-21-01/21-01-us1.txt
2026-08-28 16:26:41,230 INFO Wrote 36 matching line(s) to /home/eyamrog/PycharmProjects/cl_st1_melina/cl_st1_ph1_melina/corpus/01_now_dataset/02_now_text/text-21-01/21-01-us2.txt
2026-08-28 16:26:43,192 INFO Wrote 35 matching line(s) to /home/eyamrog/PycharmProjects/cl_st1_melina/cl_st1_ph1_melina/corpus/01_now_dataset/02_now_text/text-21-01/21-01-us3.txt
2026-08-28 16:26:45,091 INFO Wrote 42 matching line(s) to /home/eyamrog/PycharmProjects/cl_st1_melina/cl_st1_ph1_melina/corpus/01_now_dataset/02_now_text/text-21-01/21-01-us4.txt
2026-08-28 16:26:46,971 INFO Wrote 39 matching line(s) to /home/eyamrog/PycharmProjects/cl_st1_melina/cl_st1_ph1_melina/corpus/01_now_dataset/02_now_text/text-21-01/21-01-us5.txt
2026-08-28 16:26:47,422 INFO Wrote 6 matching line(s) to /home/eyamrog/PycharmProjects/cl_st1_melina/cl_st1_ph1_melina/corpus/01_now_dataset/02_now_text/text-21-01/21-01-za.txt
2026-08-28 16:26:48,186 INFO Wrote 9 matching line(s) to /home/eyamrog/PycharmProjects/cl_st1_melina/cl_st1_ph1_melina/corpus/01_now_dataset/02_now_text/text-21-02/21-02-au.txt
2026-08-28 16:26:48,254 INFO Wrote 5 matching line(s) to /home/eyamrog/PycharmProjects/cl_st1_melina/cl_st1_ph1_melina/corpus/01_now_dataset/02_now_text/text-21-02/21-02-bd.txt
2026-08-28 16:26:49,373 INFO Wrote 11 matching line(s) to /home/eyamrog/PycharmProjects/cl_st1_melina/cl_st1_ph1_melina/corpus/01_now_dataset/02_now_text/text-21-02/21-02-ca.txt
2026-08-28 16:26:51,560 INFO Wrote 52 matching line(s) to /home/eyamrog/PycharmProjects/cl_st1_melina/cl_st1_ph1_melina/corpus/01_now_dataset/02_now_text/text-21-02/21-02-gb.txt
2026-08-28 16:26:51,705 INFO Wrote 4 matching line(s) to /home/eyamrog/PycharmProjects/cl_st1_melina/cl_st1_ph1_melina/corpus/01_now_dataset/02_now_text/text-21-02/21-02-gh.txt
2026-08-28 16:26:51,798 INFO Wrote 2 matching line(s) to /home/eyamrog/PycharmProjects/cl_st1_melina/cl_st1_ph1_melina/corpus/01_now_dataset/02_now_text/text-21-02/21-02-hk.txt
2026-08-28 16:26:52,800 INFO Wrote 11 matching line(s) to /home/eyamrog/PycharmProjects/cl_st1_melina/cl_st1_ph1_melina/corpus/01_now_dataset/02_now_text/text-21-02/21-02-ie.txt
2026-08-28 16:26:53,724 INFO Wrote 4 matching line(s) to /home/eyamrog/PycharmProjects/cl_st1_melina/cl_st1_ph1_melina/corpus/01_now_dataset/02_now_text/text-21-02/21-02-in.txt
2026-08-28 16:26:53,745 INFO No matches found in 21-02-jm.txt; skipping output file
2026-08-28 16:26:53,907 INFO Wrote 6 matching line(s) to /home/eyamrog/PycharmProjects/cl_st1_melina/cl_st1_ph1_melina/corpus/01_now_dataset/02_now_text/text-21-02/21-02-ke.txt
2026-08-28 16:26:54,038 INFO No matches found in 21-02-lk.txt; skipping output file
2026-08-28 16:26:54,197 INFO Wrote 4 matching line(s) to /home/eyamrog/PycharmProjects/cl_st1_melina/cl_st1_ph1_melina/corpus/01_now_dataset/02_now_text/text-21-02/21-02-my.txt
2026-08-28 16:26:54,624 INFO Wrote 5 matching line(s) to /home/eyamrog/PycharmProjects/cl_st1_melina/cl_st1_ph1_melina/corpus/01_now_dataset/02_now_text/text-21-02/21-02-ng.txt
2026-08-28 16:26:54,912 INFO Wrote 7 matching line(s) to /home/eyamrog/PycharmProjects/cl_st1_melina/cl_st1_ph1_melina/corpus/01_now_dataset/02_now_text/text-21-02/21-02-nz.txt
2026-08-28 16:26:55,147 INFO Wrote 3 matching line(s) to /home/eyamrog/PycharmProjects/cl_st1_melina/cl_st1_ph1_melina/corpus/01_now_dataset/02_now_text/text-21-02/21-02-ph.txt
2026-08-28 16:26:55,294 INFO Wrote 7 matching line(s) to /home/eyamrog/PycharmProjects/cl_st1_melina/cl_st1_ph1_melina/corpus/01_now_dataset/02_now_text/text-21-02/21-02-pk.txt
2026-08-28 16:26:55,538 INFO Wrote 2 matching line(s) to /home/eyamrog/PycharmProjects/cl_st1_melina/cl_st1_ph1_melina/corpus/01_now_dataset/02_now_text/text-21-02/21-02-sg.txt
2026-08-28 16:26:55,567 INFO No matches found in 21-02-tz.txt; skipping output file
2026-08-28 16:26:57,615 INFO Wrote 33 matching line(s) to /home/eyamrog/PycharmProjects/cl_st1_melina/cl_st1_ph1_melina/corpus/01_now_dataset/02_now_text/text-21-02/21-02-us1.txt
2026-08-28 16:26:59,480 INFO Wrote 45 matching line(s) to /home/eyamrog/PycharmProjects/cl_st1_melina/cl_st1_ph1_melina/corpus/01_now_dataset/02_now_text/text-21-02/21-02-us2.txt
2026-08-28 16:27:01,313 INFO Wrote 28 matching line(s) to /home/eyamrog/PycharmProjects/cl_st1_melina/cl_st1_ph1_melina/corpus/01_now_dataset/02_now_text/text-21-02/21-02-us3.txt
2026-08-28 16:27:02,954 INFO Wrote 31 matching line(s) to /home/eyamrog/PycharmProjects/cl_st1_melina/cl_st1_ph1_melina/corpus/01_now_dataset/02_now_text/text-21-02/21-02-us4.txt
2026-08-28 16:27:04,547 INFO Wrote 32 matching line(s) to /home/eyamrog/PycharmProjects/cl_st1_melina/cl_st1_ph1_melina/corpus/01_now_dataset/02_now_text/text-21-02/21-02-us5.txt
2026-08-28 16:27:04,990 INFO Wrote 6 matching line(s) to /home/eyamrog/PycharmProjects/cl_st1_melina/cl_st1_ph1_melina/corpus/01_now_dataset/02_now_text/text-21-02/21-02-za.txt
2026-08-28 16:27:07,259 INFO Wrote 7 matching line(s) to /home/eyamrog/PycharmProjects/cl_st1_melina/cl_st1_ph1_melina/corpus/01_now_dataset/02_now_text/text-21-03/21-03-au.txt
2026-08-28 16:27:07,364 INFO Wrote 1 matching line(s) to /home/eyamrog/PycharmProjects/cl_st1_melina/cl_st1_ph1_melina/corpus/01_now_dataset/02_now_text/text-21-03/21-03-bd.txt
2026-08-28 16:27:08,662 INFO Wrote 19 matching line(s) to /home/eyamrog/PycharmProjects/cl_st1_melina/cl_st1_ph1_melina/corpus/01_now_dataset/02_now_text/text-21-03/21-03-ca.txt
2026-08-28 16:27:10,132 INFO Wrote 87 matching line(s) to /home/eyamrog/PycharmProjects/cl_st1_melina/cl_st1_ph1_melina/corpus/01_now_dataset/02_now_text/text-21-03/21-03-gb.txt
2026-08-28 16:27:10,224 INFO Wrote 2 matching line(s) to /home/eyamrog/PycharmProjects/cl_st1_melina/cl_st1_ph1_melina/corpus/01_now_dataset/02_now_text/text-21-03/21-03-gh.txt
2026-08-28 16:27:10,303 INFO Wrote 3 matching line(s) to /home/eyamrog/PycharmProjects/cl_st1_melina/cl_st1_ph1_melina/corpus/01_now_dataset/02_now_text/text-21-03/21-03-hk.txt
2026-08-28 16:27:11,254 INFO Wrote 8 matching line(s) to /home/eyamrog/PycharmProjects/cl_st1_melina/cl_st1_ph1_melina/corpus/01_now_dataset/02_now_text/text-21-03/21-03-ie.txt
2026-08-28 16:27:12,409 INFO Wrote 11 matching line(s) to /home/eyamrog/PycharmProjects/cl_st1_melina/cl_st1_ph1_melina/corpus/01_now_dataset/02_now_text/text-21-03/21-03-in.txt
2026-08-28 16:27:12,440 INFO Wrote 2 matching line(s) to /home/eyamrog/PycharmProjects/cl_st1_melina/cl_st1_ph1_melina/corpus/01_now_dataset/02_now_text/text-21-03/21-03-jm.txt
2026-08-28 16:27:12,624 INFO Wrote 2 matching line(s) to /home/eyamrog/PycharmProjects/cl_st1_melina/cl_st1_ph1_melina/corpus/01_now_dataset/02_now_text/text-21-03/21-03-ke.txt
2026-08-28 16:27:12,743 INFO No matches found in 21-03-lk.txt; skipping output file
2026-08-28 16:27:12,932 INFO Wrote 1 matching line(s) to /home/eyamrog/PycharmProjects/cl_st1_melina/cl_st1_ph1_melina/corpus/01_now_dataset/02_now_text/text-21-03/21-03-my.txt
2026-08-28 16:27:13,428 INFO Wrote 4 matching line(s) to /home/eyamrog/PycharmProjects/cl_st1_melina/cl_st1_ph1_melina/corpus/01_now_dataset/02_now_text/text-21-03/21-03-ng.txt
2026-08-28 16:27:13,763 INFO Wrote 12 matching line(s) to /home/eyamrog/PycharmProjects/cl_st1_melina/cl_st1_ph1_melina/corpus/01_now_dataset/02_now_text/text-21-03/21-03-nz.txt
2026-08-28 16:27:14,077 INFO Wrote 2 matching line(s) to /home/eyamrog/PycharmProjects/cl_st1_melina/cl_st1_ph1_melina/corpus/01_now_dataset/02_now_text/text-21-03/21-03-ph.txt
2026-08-28 16:27:14,241 INFO Wrote 4 matching line(s) to /home/eyamrog/PycharmProjects/cl_st1_melina/cl_st1_ph1_melina/corpus/01_now_dataset/02_now_text/text-21-03/21-03-pk.txt
2026-08-28 16:27:14,563 INFO Wrote 6 matching line(s) to /home/eyamrog/PycharmProjects/cl_st1_melina/cl_st1_ph1_melina/corpus/01_now_dataset/02_now_text/text-21-03/21-03-sg.txt
2026-08-28 16:27:14,596 INFO No matches found in 21-03-tz.txt; skipping output file
2026-08-28 16:27:16,845 INFO Wrote 38 matching line(s) to /home/eyamrog/PycharmProjects/cl_st1_melina/cl_st1_ph1_melina/corpus/01_now_dataset/02_now_text/text-21-03/21-03-us1.txt
2026-08-28 16:27:18,938 INFO Wrote 47 matching line(s) to /home/eyamrog/PycharmProjects/cl_st1_melina/cl_st1_ph1_melina/corpus/01_now_dataset/02_now_text/text-21-03/21-03-us2.txt
2026-08-28 16:27:22,460 INFO Wrote 33 matching line(s) to /home/eyamrog/PycharmProjects/cl_st1_melina/cl_st1_ph1_melina/corpus/01_now_dataset/02_now_text/text-21-03/21-03-us3.txt
2026-08-28 16:27:24,394 INFO Wrote 24 matching line(s) to /home/eyamrog/PycharmProjects/cl_st1_melina/cl_st1_ph1_melina/corpus/01_now_dataset/02_now_text/text-21-03/21-03-us4.txt
2026-08-28 16:27:26,193 INFO Wrote 31 matching line(s) to /home/eyamrog/PycharmProjects/cl_st1_melina/cl_st1_ph1_melina/corpus/01_now_dataset/02_now_text/text-21-03/21-03-us5.txt
2026-08-28 16:27:26,695 INFO Wrote 7 matching line(s) to /home/eyamrog/PycharmProjects/cl_st1_melina/cl_st1_ph1_melina/corpus/01_now_dataset/02_now_text/text-21-03/21-03-za.txt
2026-08-28 16:27:27,697 INFO Wrote 311 matching line(s) to /home/eyamrog/PycharmProjects/cl_st1_melina/cl_st1_ph1_melina/corpus/01_now_dataset/02_now_text/text-25-01/25-01-au.txt
2026-08-28 16:27:27,832 INFO Wrote 21 matching line(s) to /home/eyamrog/PycharmProjects/cl_st1_melina/cl_st1_ph1_melina/corpus/01_now_dataset/02_now_text/text-25-01/25-01-bd.txt
2026-08-28 16:27:29,356 INFO Wrote 270 matching line(s) to /home/eyamrog/PycharmProjects/cl_st1_melina/cl_st1_ph1_melina/corpus/01_now_dataset/02_now_text/text-25-01/25-01-ca.txt
2026-08-28 16:27:34,376 INFO Wrote 1325 matching line(s) to /home/eyamrog/PycharmProjects/cl_st1_melina/cl_st1_ph1_melina/corpus/01_now_dataset/02_now_text/text-25-01/25-01-gb.txt
2026-08-28 16:27:34,539 INFO Wrote 14 matching line(s) to /home/eyamrog/PycharmProjects/cl_st1_melina/cl_st1_ph1_melina/corpus/01_now_dataset/02_now_text/text-25-01/25-01-gh.txt
2026-08-28 16:27:34,613 INFO Wrote 19 matching line(s) to /home/eyamrog/PycharmProjects/cl_st1_melina/cl_st1_ph1_melina/corpus/01_now_dataset/02_now_text/text-25-01/25-01-hk.txt
2026-08-28 16:27:36,756 INFO Wrote 499 matching line(s) to /home/eyamrog/PycharmProjects/cl_st1_melina/cl_st1_ph1_melina/corpus/01_now_dataset/02_now_text/text-25-01/25-01-ie.txt
2026-08-28 16:27:40,537 INFO Wrote 908 matching line(s) to /home/eyamrog/PycharmProjects/cl_st1_melina/cl_st1_ph1_melina/corpus/01_now_dataset/02_now_text/text-25-01/25-01-in.txt
2026-08-28 16:27:40,565 INFO Wrote 5 matching line(s) to /home/eyamrog/PycharmProjects/cl_st1_melina/cl_st1_ph1_melina/corpus/01_now_dataset/02_now_text/text-25-01/25-01-jm.txt
2026-08-28 16:27:40,791 INFO Wrote 44 matching line(s) to /home/eyamrog/PycharmProjects/cl_st1_melina/cl_st1_ph1_melina/corpus/01_now_dataset/02_now_text/text-25-01/25-01-ke.txt
2026-08-28 16:27:40,940 INFO Wrote 25 matching line(s) to /home/eyamrog/PycharmProjects/cl_st1_melina/cl_st1_ph1_melina/corpus/01_now_dataset/02_now_text/text-25-01/25-01-lk.txt
2026-08-28 16:27:41,188 INFO Wrote 118 matching line(s) to /home/eyamrog/PycharmProjects/cl_st1_melina/cl_st1_ph1_melina/corpus/01_now_dataset/02_now_text/text-25-01/25-01-my.txt
2026-08-28 16:27:42,109 INFO Wrote 140 matching line(s) to /home/eyamrog/PycharmProjects/cl_st1_melina/cl_st1_ph1_melina/corpus/01_now_dataset/02_now_text/text-25-01/25-01-ng.txt
2026-08-28 16:27:42,524 INFO Wrote 200 matching line(s) to /home/eyamrog/PycharmProjects/cl_st1_melina/cl_st1_ph1_melina/corpus/01_now_dataset/02_now_text/text-25-01/25-01-nz.txt
2026-08-28 16:27:42,937 INFO Wrote 102 matching line(s) to /home/eyamrog/PycharmProjects/cl_st1_melina/cl_st1_ph1_melina/corpus/01_now_dataset/02_now_text/text-25-01/25-01-ph.txt
2026-08-28 16:27:43,366 INFO Wrote 362 matching line(s) to /home/eyamrog/PycharmProjects/cl_st1_melina/cl_st1_ph1_melina/corpus/01_now_dataset/02_now_text/text-25-01/25-01-pk.txt
2026-08-28 16:27:43,789 INFO Wrote 166 matching line(s) to /home/eyamrog/PycharmProjects/cl_st1_melina/cl_st1_ph1_melina/corpus/01_now_dataset/02_now_text/text-25-01/25-01-sg.txt
2026-08-28 16:27:43,858 INFO Wrote 6 matching line(s) to /home/eyamrog/PycharmProjects/cl_st1_melina/cl_st1_ph1_melina/corpus/01_now_dataset/02_now_text/text-25-01/25-01-tz.txt
2026-08-28 16:27:45,239 INFO Wrote 352 matching line(s) to /home/eyamrog/PycharmProjects/cl_st1_melina/cl_st1_ph1_melina/corpus/01_now_dataset/02_now_text/text-25-01/25-01-us1.txt
2026-08-28 16:27:46,640 INFO Wrote 364 matching line(s) to /home/eyamrog/PycharmProjects/cl_st1_melina/cl_st1_ph1_melina/corpus/01_now_dataset/02_now_text/text-25-01/25-01-us2.txt
2026-08-28 16:27:48,004 INFO Wrote 353 matching line(s) to /home/eyamrog/PycharmProjects/cl_st1_melina/cl_st1_ph1_melina/corpus/01_now_dataset/02_now_text/text-25-01/25-01-us3.txt
2026-08-28 16:27:49,326 INFO Wrote 369 matching line(s) to /home/eyamrog/PycharmProjects/cl_st1_melina/cl_st1_ph1_melina/corpus/01_now_dataset/02_now_text/text-25-01/25-01-us4.txt
2026-08-28 16:27:51,991 INFO Wrote 331 matching line(s) to /home/eyamrog/PycharmProjects/cl_st1_melina/cl_st1_ph1_melina/corpus/01_now_dataset/02_now_text/text-25-01/25-01-us5.txt
2026-08-28 16:27:52,788 INFO Wrote 102 matching line(s) to /home/eyamrog/PycharmProjects/cl_st1_melina/cl_st1_ph1_melina/corpus/01_now_dataset/02_now_text/text-25-01/25-01-za.txt
2026-08-28 16:27:53,841 INFO Wrote 370 matching line(s) to /home/eyamrog/PycharmProjects/cl_st1_melina/cl_st1_ph1_melina/corpus/01_now_dataset/02_now_text/text-25-02/25-02-au.txt
2026-08-28 16:27:53,964 INFO Wrote 18 matching line(s) to /home/eyamrog/PycharmProjects/cl_st1_melina/cl_st1_ph1_melina/corpus/01_now_dataset/02_now_text/text-25-02/25-02-bd.txt
2026-08-28 16:27:55,348 INFO Wrote 301 matching line(s) to /home/eyamrog/PycharmProjects/cl_st1_melina/cl_st1_ph1_melina/corpus/01_now_dataset/02_now_text/text-25-02/25-02-ca.txt
2026-08-28 16:27:59,806 INFO Wrote 1340 matching line(s) to /home/eyamrog/PycharmProjects/cl_st1_melina/cl_st1_ph1_melina/corpus/01_now_dataset/02_now_text/text-25-02/25-02-gb.txt
2026-08-28 16:27:59,976 INFO Wrote 16 matching line(s) to /home/eyamrog/PycharmProjects/cl_st1_melina/cl_st1_ph1_melina/corpus/01_now_dataset/02_now_text/text-25-02/25-02-gh.txt
2026-08-28 16:28:00,049 INFO Wrote 25 matching line(s) to /home/eyamrog/PycharmProjects/cl_st1_melina/cl_st1_ph1_melina/corpus/01_now_dataset/02_now_text/text-25-02/25-02-hk.txt
2026-08-28 16:28:01,159 INFO Wrote 517 matching line(s) to /home/eyamrog/PycharmProjects/cl_st1_melina/cl_st1_ph1_melina/corpus/01_now_dataset/02_now_text/text-25-02/25-02-ie.txt
2026-08-28 16:28:04,370 INFO Wrote 763 matching line(s) to /home/eyamrog/PycharmProjects/cl_st1_melina/cl_st1_ph1_melina/corpus/01_now_dataset/02_now_text/text-25-02/25-02-in.txt
2026-08-28 16:28:04,397 INFO Wrote 5 matching line(s) to /home/eyamrog/PycharmProjects/cl_st1_melina/cl_st1_ph1_melina/corpus/01_now_dataset/02_now_text/text-25-02/25-02-jm.txt
2026-08-28 16:28:04,627 INFO Wrote 43 matching line(s) to /home/eyamrog/PycharmProjects/cl_st1_melina/cl_st1_ph1_melina/corpus/01_now_dataset/02_now_text/text-25-02/25-02-ke.txt
2026-08-28 16:28:04,704 INFO Wrote 15 matching line(s) to /home/eyamrog/PycharmProjects/cl_st1_melina/cl_st1_ph1_melina/corpus/01_now_dataset/02_now_text/text-25-02/25-02-lk.txt
2026-08-28 16:28:04,940 INFO Wrote 118 matching line(s) to /home/eyamrog/PycharmProjects/cl_st1_melina/cl_st1_ph1_melina/corpus/01_now_dataset/02_now_text/text-25-02/25-02-my.txt
2026-08-28 16:28:07,010 INFO Wrote 152 matching line(s) to /home/eyamrog/PycharmProjects/cl_st1_melina/cl_st1_ph1_melina/corpus/01_now_dataset/02_now_text/text-25-02/25-02-ng.txt
2026-08-28 16:28:07,615 INFO Wrote 167 matching line(s) to /home/eyamrog/PycharmProjects/cl_st1_melina/cl_st1_ph1_melina/corpus/01_now_dataset/02_now_text/text-25-02/25-02-nz.txt
2026-08-28 16:28:08,009 INFO Wrote 85 matching line(s) to /home/eyamrog/PycharmProjects/cl_st1_melina/cl_st1_ph1_melina/corpus/01_now_dataset/02_now_text/text-25-02/25-02-ph.txt
2026-08-28 16:28:08,391 INFO Wrote 314 matching line(s) to /home/eyamrog/PycharmProjects/cl_st1_melina/cl_st1_ph1_melina/corpus/01_now_dataset/02_now_text/text-25-02/25-02-pk.txt
2026-08-28 16:28:08,797 INFO Wrote 127 matching line(s) to /home/eyamrog/PycharmProjects/cl_st1_melina/cl_st1_ph1_melina/corpus/01_now_dataset/02_now_text/text-25-02/25-02-sg.txt
2026-08-28 16:28:08,854 INFO Wrote 12 matching line(s) to /home/eyamrog/PycharmProjects/cl_st1_melina/cl_st1_ph1_melina/corpus/01_now_dataset/02_now_text/text-25-02/25-02-tz.txt
2026-08-28 16:28:10,070 INFO Wrote 361 matching line(s) to /home/eyamrog/PycharmProjects/cl_st1_melina/cl_st1_ph1_melina/corpus/01_now_dataset/02_now_text/text-25-02/25-02-us1.txt
2026-08-28 16:28:11,280 INFO Wrote 397 matching line(s) to /home/eyamrog/PycharmProjects/cl_st1_melina/cl_st1_ph1_melina/corpus/01_now_dataset/02_now_text/text-25-02/25-02-us2.txt
2026-08-28 16:28:12,483 INFO Wrote 365 matching line(s) to /home/eyamrog/PycharmProjects/cl_st1_melina/cl_st1_ph1_melina/corpus/01_now_dataset/02_now_text/text-25-02/25-02-us3.txt
2026-08-28 16:28:13,627 INFO Wrote 359 matching line(s) to /home/eyamrog/PycharmProjects/cl_st1_melina/cl_st1_ph1_melina/corpus/01_now_dataset/02_now_text/text-25-02/25-02-us4.txt
2026-08-28 16:28:14,756 INFO Wrote 394 matching line(s) to /home/eyamrog/PycharmProjects/cl_st1_melina/cl_st1_ph1_melina/corpus/01_now_dataset/02_now_text/text-25-02/25-02-us5.txt
2026-08-28 16:28:15,289 INFO Wrote 119 matching line(s) to /home/eyamrog/PycharmProjects/cl_st1_melina/cl_st1_ph1_melina/corpus/01_now_dataset/02_now_text/text-25-02/25-02-za.txt
2026-08-28 16:28:16,418 INFO Wrote 221 matching line(s) to /home/eyamrog/PycharmProjects/cl_st1_melina/cl_st1_ph1_melina/corpus/01_now_dataset/02_now_text/text-25-03/25-03-au.txt
2026-08-28 16:28:16,544 INFO Wrote 25 matching line(s) to /home/eyamrog/PycharmProjects/cl_st1_melina/cl_st1_ph1_melina/corpus/01_now_dataset/02_now_text/text-25-03/25-03-bd.txt
2026-08-28 16:28:18,023 INFO Wrote 210 matching line(s) to /home/eyamrog/PycharmProjects/cl_st1_melina/cl_st1_ph1_melina/corpus/01_now_dataset/02_now_text/text-25-03/25-03-ca.txt
2026-08-28 16:28:24,504 INFO Wrote 1031 matching line(s) to /home/eyamrog/PycharmProjects/cl_st1_melina/cl_st1_ph1_melina/corpus/01_now_dataset/02_now_text/text-25-03/25-03-gb.txt
2026-08-28 16:28:24,670 INFO Wrote 9 matching line(s) to /home/eyamrog/PycharmProjects/cl_st1_melina/cl_st1_ph1_melina/corpus/01_now_dataset/02_now_text/text-25-03/25-03-gh.txt
2026-08-28 16:28:24,767 INFO Wrote 23 matching line(s) to /home/eyamrog/PycharmProjects/cl_st1_melina/cl_st1_ph1_melina/corpus/01_now_dataset/02_now_text/text-25-03/25-03-hk.txt
2026-08-28 16:28:25,933 INFO Wrote 338 matching line(s) to /home/eyamrog/PycharmProjects/cl_st1_melina/cl_st1_ph1_melina/corpus/01_now_dataset/02_now_text/text-25-03/25-03-ie.txt
2026-08-28 16:28:29,383 INFO Wrote 788 matching line(s) to /home/eyamrog/PycharmProjects/cl_st1_melina/cl_st1_ph1_melina/corpus/01_now_dataset/02_now_text/text-25-03/25-03-in.txt
2026-08-28 16:28:29,416 INFO Wrote 4 matching line(s) to /home/eyamrog/PycharmProjects/cl_st1_melina/cl_st1_ph1_melina/corpus/01_now_dataset/02_now_text/text-25-03/25-03-jm.txt
2026-08-28 16:28:29,673 INFO Wrote 20 matching line(s) to /home/eyamrog/PycharmProjects/cl_st1_melina/cl_st1_ph1_melina/corpus/01_now_dataset/02_now_text/text-25-03/25-03-ke.txt
2026-08-28 16:28:29,761 INFO Wrote 26 matching line(s) to /home/eyamrog/PycharmProjects/cl_st1_melina/cl_st1_ph1_melina/corpus/01_now_dataset/02_now_text/text-25-03/25-03-lk.txt
2026-08-28 16:28:30,016 INFO Wrote 79 matching line(s) to /home/eyamrog/PycharmProjects/cl_st1_melina/cl_st1_ph1_melina/corpus/01_now_dataset/02_now_text/text-25-03/25-03-my.txt
2026-08-28 16:28:30,979 INFO Wrote 101 matching line(s) to /home/eyamrog/PycharmProjects/cl_st1_melina/cl_st1_ph1_melina/corpus/01_now_dataset/02_now_text/text-25-03/25-03-ng.txt
2026-08-28 16:28:31,469 INFO Wrote 156 matching line(s) to /home/eyamrog/PycharmProjects/cl_st1_melina/cl_st1_ph1_melina/corpus/01_now_dataset/02_now_text/text-25-03/25-03-nz.txt
2026-08-28 16:28:31,823 INFO Wrote 54 matching line(s) to /home/eyamrog/PycharmProjects/cl_st1_melina/cl_st1_ph1_melina/corpus/01_now_dataset/02_now_text/text-25-03/25-03-ph.txt
2026-08-28 16:28:32,229 INFO Wrote 316 matching line(s) to /home/eyamrog/PycharmProjects/cl_st1_melina/cl_st1_ph1_melina/corpus/01_now_dataset/02_now_text/text-25-03/25-03-pk.txt
2026-08-28 16:28:32,651 INFO Wrote 108 matching line(s) to /home/eyamrog/PycharmProjects/cl_st1_melina/cl_st1_ph1_melina/corpus/01_now_dataset/02_now_text/text-25-03/25-03-sg.txt
2026-08-28 16:28:32,695 INFO Wrote 4 matching line(s) to /home/eyamrog/PycharmProjects/cl_st1_melina/cl_st1_ph1_melina/corpus/01_now_dataset/02_now_text/text-25-03/25-03-tz.txt
2026-08-28 16:28:34,075 INFO Wrote 335 matching line(s) to /home/eyamrog/PycharmProjects/cl_st1_melina/cl_st1_ph1_melina/corpus/01_now_dataset/02_now_text/text-25-03/25-03-us1.txt
2026-08-28 16:28:35,785 INFO Wrote 332 matching line(s) to /home/eyamrog/PycharmProjects/cl_st1_melina/cl_st1_ph1_melina/corpus/01_now_dataset/02_now_text/text-25-03/25-03-us2.txt
2026-08-28 16:28:38,027 INFO Wrote 373 matching line(s) to /home/eyamrog/PycharmProjects/cl_st1_melina/cl_st1_ph1_melina/corpus/01_now_dataset/02_now_text/text-25-03/25-03-us3.txt
2026-08-28 16:28:39,328 INFO Wrote 377 matching line(s) to /home/eyamrog/PycharmProjects/cl_st1_melina/cl_st1_ph1_melina/corpus/01_now_dataset/02_now_text/text-25-03/25-03-us4.txt
2026-08-28 16:28:40,601 INFO Wrote 318 matching line(s) to /home/eyamrog/PycharmProjects/cl_st1_melina/cl_st1_ph1_melina/corpus/01_now_dataset/02_now_text/text-25-03/25-03-us5.txt
2026-08-28 16:28:41,169 INFO Wrote 118 matching line(s) to /home/eyamrog/PycharmProjects/cl_st1_melina/cl_st1_ph1_melina/corpus/01_now_dataset/02_now_text/text-25-03/25-03-za.txt
2026-08-28 16:28:42,241 INFO Wrote 197 matching line(s) to /home/eyamrog/PycharmProjects/cl_st1_melina/cl_st1_ph1_melina/corpus/01_now_dataset/02_now_text/text-25-04/25-04-au.txt
2026-08-28 16:28:42,351 INFO Wrote 55 matching line(s) to /home/eyamrog/PycharmProjects/cl_st1_melina/cl_st1_ph1_melina/corpus/01_now_dataset/02_now_text/text-25-04/25-04-bd.txt
2026-08-28 16:28:43,807 INFO Wrote 237 matching line(s) to /home/eyamrog/PycharmProjects/cl_st1_melina/cl_st1_ph1_melina/corpus/01_now_dataset/02_now_text/text-25-04/25-04-ca.txt
2026-08-28 16:28:48,785 INFO Wrote 1016 matching line(s) to /home/eyamrog/PycharmProjects/cl_st1_melina/cl_st1_ph1_melina/corpus/01_now_dataset/02_now_text/text-25-04/25-04-gb.txt
2026-08-28 16:28:48,973 INFO Wrote 24 matching line(s) to /home/eyamrog/PycharmProjects/cl_st1_melina/cl_st1_ph1_melina/corpus/01_now_dataset/02_now_text/text-25-04/25-04-gh.txt
2026-08-28 16:28:49,056 INFO Wrote 10 matching line(s) to /home/eyamrog/PycharmProjects/cl_st1_melina/cl_st1_ph1_melina/corpus/01_now_dataset/02_now_text/text-25-04/25-04-hk.txt
2026-08-28 16:28:50,390 INFO Wrote 312 matching line(s) to /home/eyamrog/PycharmProjects/cl_st1_melina/cl_st1_ph1_melina/corpus/01_now_dataset/02_now_text/text-25-04/25-04-ie.txt
2026-08-28 16:28:55,032 INFO Wrote 666 matching line(s) to /home/eyamrog/PycharmProjects/cl_st1_melina/cl_st1_ph1_melina/corpus/01_now_dataset/02_now_text/text-25-04/25-04-in.txt
2026-08-28 16:28:55,062 INFO Wrote 2 matching line(s) to /home/eyamrog/PycharmProjects/cl_st1_melina/cl_st1_ph1_melina/corpus/01_now_dataset/02_now_text/text-25-04/25-04-jm.txt
2026-08-28 16:28:55,302 INFO Wrote 67 matching line(s) to /home/eyamrog/PycharmProjects/cl_st1_melina/cl_st1_ph1_melina/corpus/01_now_dataset/02_now_text/text-25-04/25-04-ke.txt
2026-08-28 16:28:55,379 INFO Wrote 20 matching line(s) to /home/eyamrog/PycharmProjects/cl_st1_melina/cl_st1_ph1_melina/corpus/01_now_dataset/02_now_text/text-25-04/25-04-lk.txt
2026-08-28 16:28:55,637 INFO Wrote 98 matching line(s) to /home/eyamrog/PycharmProjects/cl_st1_melina/cl_st1_ph1_melina/corpus/01_now_dataset/02_now_text/text-25-04/25-04-my.txt
2026-08-28 16:28:56,520 INFO Wrote 74 matching line(s) to /home/eyamrog/PycharmProjects/cl_st1_melina/cl_st1_ph1_melina/corpus/01_now_dataset/02_now_text/text-25-04/25-04-ng.txt
2026-08-28 16:28:56,968 INFO Wrote 146 matching line(s) to /home/eyamrog/PycharmProjects/cl_st1_melina/cl_st1_ph1_melina/corpus/01_now_dataset/02_now_text/text-25-04/25-04-nz.txt
2026-08-28 16:28:57,297 INFO Wrote 57 matching line(s) to /home/eyamrog/PycharmProjects/cl_st1_melina/cl_st1_ph1_melina/corpus/01_now_dataset/02_now_text/text-25-04/25-04-ph.txt
2026-08-28 16:28:57,710 INFO Wrote 426 matching line(s) to /home/eyamrog/PycharmProjects/cl_st1_melina/cl_st1_ph1_melina/corpus/01_now_dataset/02_now_text/text-25-04/25-04-pk.txt
2026-08-28 16:28:58,153 INFO Wrote 108 matching line(s) to /home/eyamrog/PycharmProjects/cl_st1_melina/cl_st1_ph1_melina/corpus/01_now_dataset/02_now_text/text-25-04/25-04-sg.txt
2026-08-28 16:28:58,191 INFO Wrote 16 matching line(s) to /home/eyamrog/PycharmProjects/cl_st1_melina/cl_st1_ph1_melina/corpus/01_now_dataset/02_now_text/text-25-04/25-04-tz.txt
2026-08-28 16:28:59,574 INFO Wrote 330 matching line(s) to /home/eyamrog/PycharmProjects/cl_st1_melina/cl_st1_ph1_melina/corpus/01_now_dataset/02_now_text/text-25-04/25-04-us1.txt
2026-08-28 16:29:00,948 INFO Wrote 298 matching line(s) to /home/eyamrog/PycharmProjects/cl_st1_melina/cl_st1_ph1_melina/corpus/01_now_dataset/02_now_text/text-25-04/25-04-us2.txt
2026-08-28 16:29:02,309 INFO Wrote 319 matching line(s) to /home/eyamrog/PycharmProjects/cl_st1_melina/cl_st1_ph1_melina/corpus/01_now_dataset/02_now_text/text-25-04/25-04-us3.txt
2026-08-28 16:29:03,642 INFO Wrote 333 matching line(s) to /home/eyamrog/PycharmProjects/cl_st1_melina/cl_st1_ph1_melina/corpus/01_now_dataset/02_now_text/text-25-04/25-04-us4.txt
2026-08-28 16:29:04,976 INFO Wrote 320 matching line(s) to /home/eyamrog/PycharmProjects/cl_st1_melina/cl_st1_ph1_melina/corpus/01_now_dataset/02_now_text/text-25-04/25-04-us5.txt
2026-08-28 16:29:06,585 INFO Wrote 90 matching line(s) to /home/eyamrog/PycharmProjects/cl_st1_melina/cl_st1_ph1_melina/corpus/01_now_dataset/02_now_text/text-25-04/25-04-za.txt
2026-08-28 16:29:08,324 INFO Wrote 339 matching line(s) to /home/eyamrog/PycharmProjects/cl_st1_melina/cl_st1_ph1_melina/corpus/01_now_dataset/02_now_text/text-25-05/25-05-au.txt
2026-08-28 16:29:08,423 INFO Wrote 39 matching line(s) to /home/eyamrog/PycharmProjects/cl_st1_melina/cl_st1_ph1_melina/corpus/01_now_dataset/02_now_text/text-25-05/25-05-bd.txt
2026-08-28 16:29:09,924 INFO Wrote 271 matching line(s) to /home/eyamrog/PycharmProjects/cl_st1_melina/cl_st1_ph1_melina/corpus/01_now_dataset/02_now_text/text-25-05/25-05-ca.txt
2026-08-28 16:29:15,581 INFO Wrote 1416 matching line(s) to /home/eyamrog/PycharmProjects/cl_st1_melina/cl_st1_ph1_melina/corpus/01_now_dataset/02_now_text/text-25-05/25-05-gb.txt
2026-08-28 16:29:15,792 INFO Wrote 14 matching line(s) to /home/eyamrog/PycharmProjects/cl_st1_melina/cl_st1_ph1_melina/corpus/01_now_dataset/02_now_text/text-25-05/25-05-gh.txt
2026-08-28 16:29:15,868 INFO Wrote 13 matching line(s) to /home/eyamrog/PycharmProjects/cl_st1_melina/cl_st1_ph1_melina/corpus/01_now_dataset/02_now_text/text-25-05/25-05-hk.txt
2026-08-28 16:29:17,020 INFO Wrote 563 matching line(s) to /home/eyamrog/PycharmProjects/cl_st1_melina/cl_st1_ph1_melina/corpus/01_now_dataset/02_now_text/text-25-05/25-05-ie.txt
2026-08-28 16:29:20,612 INFO Wrote 848 matching line(s) to /home/eyamrog/PycharmProjects/cl_st1_melina/cl_st1_ph1_melina/corpus/01_now_dataset/02_now_text/text-25-05/25-05-in.txt
2026-08-28 16:29:20,643 INFO Wrote 2 matching line(s) to /home/eyamrog/PycharmProjects/cl_st1_melina/cl_st1_ph1_melina/corpus/01_now_dataset/02_now_text/text-25-05/25-05-jm.txt
2026-08-28 16:29:20,881 INFO Wrote 51 matching line(s) to /home/eyamrog/PycharmProjects/cl_st1_melina/cl_st1_ph1_melina/corpus/01_now_dataset/02_now_text/text-25-05/25-05-ke.txt
2026-08-28 16:29:20,963 INFO Wrote 26 matching line(s) to /home/eyamrog/PycharmProjects/cl_st1_melina/cl_st1_ph1_melina/corpus/01_now_dataset/02_now_text/text-25-05/25-05-lk.txt
2026-08-28 16:29:21,217 INFO Wrote 93 matching line(s) to /home/eyamrog/PycharmProjects/cl_st1_melina/cl_st1_ph1_melina/corpus/01_now_dataset/02_now_text/text-25-05/25-05-my.txt
2026-08-28 16:29:22,117 INFO Wrote 82 matching line(s) to /home/eyamrog/PycharmProjects/cl_st1_melina/cl_st1_ph1_melina/corpus/01_now_dataset/02_now_text/text-25-05/25-05-ng.txt
2026-08-28 16:29:22,562 INFO Wrote 190 matching line(s) to /home/eyamrog/PycharmProjects/cl_st1_melina/cl_st1_ph1_melina/corpus/01_now_dataset/02_now_text/text-25-05/25-05-nz.txt
2026-08-28 16:29:22,914 INFO Wrote 42 matching line(s) to /home/eyamrog/PycharmProjects/cl_st1_melina/cl_st1_ph1_melina/corpus/01_now_dataset/02_now_text/text-25-05/25-05-ph.txt
2026-08-28 16:29:23,354 INFO Wrote 412 matching line(s) to /home/eyamrog/PycharmProjects/cl_st1_melina/cl_st1_ph1_melina/corpus/01_now_dataset/02_now_text/text-25-05/25-05-pk.txt
2026-08-28 16:29:23,781 INFO Wrote 108 matching line(s) to /home/eyamrog/PycharmProjects/cl_st1_melina/cl_st1_ph1_melina/corpus/01_now_dataset/02_now_text/text-25-05/25-05-sg.txt
2026-08-28 16:29:23,815 INFO Wrote 2 matching line(s) to /home/eyamrog/PycharmProjects/cl_st1_melina/cl_st1_ph1_melina/corpus/01_now_dataset/02_now_text/text-25-05/25-05-tz.txt
2026-08-28 16:29:25,122 INFO Wrote 398 matching line(s) to /home/eyamrog/PycharmProjects/cl_st1_melina/cl_st1_ph1_melina/corpus/01_now_dataset/02_now_text/text-25-05/25-05-us1.txt
2026-08-28 16:29:26,426 INFO Wrote 442 matching line(s) to /home/eyamrog/PycharmProjects/cl_st1_melina/cl_st1_ph1_melina/corpus/01_now_dataset/02_now_text/text-25-05/25-05-us2.txt
2026-08-28 16:29:27,700 INFO Wrote 354 matching line(s) to /home/eyamrog/PycharmProjects/cl_st1_melina/cl_st1_ph1_melina/corpus/01_now_dataset/02_now_text/text-25-05/25-05-us3.txt
2026-08-28 16:29:29,361 INFO Wrote 370 matching line(s) to /home/eyamrog/PycharmProjects/cl_st1_melina/cl_st1_ph1_melina/corpus/01_now_dataset/02_now_text/text-25-05/25-05-us4.txt
2026-08-28 16:29:31,142 INFO Wrote 340 matching line(s) to /home/eyamrog/PycharmProjects/cl_st1_melina/cl_st1_ph1_melina/corpus/01_now_dataset/02_now_text/text-25-05/25-05-us5.txt
2026-08-28 16:29:31,713 INFO Wrote 92 matching line(s) to /home/eyamrog/PycharmProjects/cl_st1_melina/cl_st1_ph1_melina/corpus/01_now_dataset/02_now_text/text-25-05/25-05-za.txt
2026-08-28 16:29:32,791 INFO Wrote 346 matching line(s) to /home/eyamrog/PycharmProjects/cl_st1_melina/cl_st1_ph1_melina/corpus/01_now_dataset/02_now_text/text-25-06/25_06-au.txt
2026-08-28 16:29:32,867 INFO Wrote 54 matching line(s) to /home/eyamrog/PycharmProjects/cl_st1_melina/cl_st1_ph1_melina/corpus/01_now_dataset/02_now_text/text-25-06/25_06-bd.txt
2026-08-28 16:29:34,208 INFO Wrote 357 matching line(s) to /home/eyamrog/PycharmProjects/cl_st1_melina/cl_st1_ph1_melina/corpus/01_now_dataset/02_now_text/text-25-06/25_06-ca.txt
2026-08-28 16:29:39,054 INFO Wrote 1524 matching line(s) to /home/eyamrog/PycharmProjects/cl_st1_melina/cl_st1_ph1_melina/corpus/01_now_dataset/02_now_text/text-25-06/25_06-gb.txt
2026-08-28 16:29:39,238 INFO Wrote 18 matching line(s) to /home/eyamrog/PycharmProjects/cl_st1_melina/cl_st1_ph1_melina/corpus/01_now_dataset/02_now_text/text-25-06/25_06-gh.txt
2026-08-28 16:29:39,306 INFO Wrote 22 matching line(s) to /home/eyamrog/PycharmProjects/cl_st1_melina/cl_st1_ph1_melina/corpus/01_now_dataset/02_now_text/text-25-06/25_06-hk.txt
2026-08-28 16:29:40,375 INFO Wrote 451 matching line(s) to /home/eyamrog/PycharmProjects/cl_st1_melina/cl_st1_ph1_melina/corpus/01_now_dataset/02_now_text/text-25-06/25_06-ie.txt
2026-08-28 16:29:44,141 INFO Wrote 1076 matching line(s) to /home/eyamrog/PycharmProjects/cl_st1_melina/cl_st1_ph1_melina/corpus/01_now_dataset/02_now_text/text-25-06/25_06-in.txt
2026-08-28 16:29:44,190 INFO Wrote 3 matching line(s) to /home/eyamrog/PycharmProjects/cl_st1_melina/cl_st1_ph1_melina/corpus/01_now_dataset/02_now_text/text-25-06/25_06-jm.txt
2026-08-28 16:29:44,531 INFO Wrote 36 matching line(s) to /home/eyamrog/PycharmProjects/cl_st1_melina/cl_st1_ph1_melina/corpus/01_now_dataset/02_now_text/text-25-06/25_06-ke.txt
2026-08-28 16:29:44,661 INFO Wrote 58 matching line(s) to /home/eyamrog/PycharmProjects/cl_st1_melina/cl_st1_ph1_melina/corpus/01_now_dataset/02_now_text/text-25-06/25_06-lk.txt
2026-08-28 16:29:44,978 INFO Wrote 80 matching line(s) to /home/eyamrog/PycharmProjects/cl_st1_melina/cl_st1_ph1_melina/corpus/01_now_dataset/02_now_text/text-25-06/25_06-my.txt
2026-08-28 16:29:46,006 INFO Wrote 92 matching line(s) to /home/eyamrog/PycharmProjects/cl_st1_melina/cl_st1_ph1_melina/corpus/01_now_dataset/02_now_text/text-25-06/25_06-ng.txt
2026-08-28 16:29:46,439 INFO Wrote 204 matching line(s) to /home/eyamrog/PycharmProjects/cl_st1_melina/cl_st1_ph1_melina/corpus/01_now_dataset/02_now_text/text-25-06/25_06-nz.txt
2026-08-28 16:29:46,742 INFO Wrote 43 matching line(s) to /home/eyamrog/PycharmProjects/cl_st1_melina/cl_st1_ph1_melina/corpus/01_now_dataset/02_now_text/text-25-06/25_06-ph.txt
2026-08-28 16:29:47,146 INFO Wrote 459 matching line(s) to /home/eyamrog/PycharmProjects/cl_st1_melina/cl_st1_ph1_melina/corpus/01_now_dataset/02_now_text/text-25-06/25_06-pk.txt
2026-08-28 16:29:47,560 INFO Wrote 81 matching line(s) to /home/eyamrog/PycharmProjects/cl_st1_melina/cl_st1_ph1_melina/corpus/01_now_dataset/02_now_text/text-25-06/25_06-sg.txt
2026-08-28 16:29:47,592 INFO Wrote 6 matching line(s) to /home/eyamrog/PycharmProjects/cl_st1_melina/cl_st1_ph1_melina/corpus/01_now_dataset/02_now_text/text-25-06/25_06-tz.txt
2026-08-28 16:29:48,817 INFO Wrote 330 matching line(s) to /home/eyamrog/PycharmProjects/cl_st1_melina/cl_st1_ph1_melina/corpus/01_now_dataset/02_now_text/text-25-06/25_06-us1.txt
2026-08-28 16:29:50,061 INFO Wrote 339 matching line(s) to /home/eyamrog/PycharmProjects/cl_st1_melina/cl_st1_ph1_melina/corpus/01_now_dataset/02_now_text/text-25-06/25_06-us2.txt
2026-08-28 16:29:51,306 INFO Wrote 302 matching line(s) to /home/eyamrog/PycharmProjects/cl_st1_melina/cl_st1_ph1_melina/corpus/01_now_dataset/02_now_text/text-25-06/25_06-us3.txt
2026-08-28 16:29:52,517 INFO Wrote 330 matching line(s) to /home/eyamrog/PycharmProjects/cl_st1_melina/cl_st1_ph1_melina/corpus/01_now_dataset/02_now_text/text-25-06/25_06-us4.txt
2026-08-28 16:29:53,674 INFO Wrote 296 matching line(s) to /home/eyamrog/PycharmProjects/cl_st1_melina/cl_st1_ph1_melina/corpus/01_now_dataset/02_now_text/text-25-06/25_06-us5.txt
2026-08-28 16:29:54,247 INFO Wrote 120 matching line(s) to /home/eyamrog/PycharmProjects/cl_st1_melina/cl_st1_ph1_melina/corpus/01_now_dataset/02_now_text/text-25-06/25_06-za.txt
2026-08-28 16:29:54,309 INFO No matches found in 10-01-au.txt; skipping output file
2026-08-28 16:29:54,316 INFO No matches found in 10-01-bd.txt; skipping output file
2026-08-28 16:29:54,510 INFO Wrote 9 matching line(s) to /home/eyamrog/PycharmProjects/cl_st1_melina/cl_st1_ph1_melina/corpus/01_now_dataset/02_now_text/text_10-01-kus/10-01-ca.txt
2026-08-28 16:29:54,965 INFO Wrote 14 matching line(s) to /home/eyamrog/PycharmProjects/cl_st1_melina/cl_st1_ph1_melina/corpus/01_now_dataset/02_now_text/text_10-01-kus/10-01-gb.txt
2026-08-28 16:29:54,973 INFO No matches found in 10-01-gh.txt; skipping output file
2026-08-28 16:29:54,975 INFO No matches found in 10-01-hk.txt; skipping output file
2026-08-28 16:29:55,004 INFO Wrote 1 matching line(s) to /home/eyamrog/PycharmProjects/cl_st1_melina/cl_st1_ph1_melina/corpus/01_now_dataset/02_now_text/text_10-01-kus/10-01-ie.txt
2026-08-28 16:29:55,131 INFO Wrote 5 matching line(s) to /home/eyamrog/PycharmProjects/cl_st1_melina/cl_st1_ph1_melina/corpus/01_now_dataset/02_now_text/text_10-01-kus/10-01-in.txt
2026-08-28 16:29:55,154 INFO Wrote 3 matching line(s) to /home/eyamrog/PycharmProjects/cl_st1_melina/cl_st1_ph1_melina/corpus/01_now_dataset/02_now_text/text_10-01-kus/10-01-jm.txt
2026-08-28 16:29:55,154 INFO No matches found in 10-01-ke.txt; skipping output file
2026-08-28 16:29:55,164 INFO No matches found in 10-01-lk.txt; skipping output file
2026-08-28 16:29:55,166 INFO No matches found in 10-01-my.txt; skipping output file
2026-08-28 16:29:55,174 INFO No matches found in 10-01-ng.txt; skipping output file
2026-08-28 16:29:55,195 INFO Wrote 1 matching line(s) to /home/eyamrog/PycharmProjects/cl_st1_melina/cl_st1_ph1_melina/corpus/01_now_dataset/02_now_text/text_10-01-kus/10-01-nz.txt
2026-08-28 16:29:55,199 INFO No matches found in 10-01-ph.txt; skipping output file
2026-08-28 16:29:55,203 INFO No matches found in 10-01-pk.txt; skipping output file
2026-08-28 16:29:55,205 INFO No matches found in 10-01-sg.txt; skipping output file
2026-08-28 16:29:55,206 INFO No matches found in 10-01-tz.txt; skipping output file
2026-08-28 16:29:55,819 INFO Wrote 18 matching line(s) to /home/eyamrog/PycharmProjects/cl_st1_melina/cl_st1_ph1_melina/corpus/01_now_dataset/02_now_text/text_10-01-kus/10-01-us.txt
2026-08-28 16:29:55,831 INFO No matches found in 10-01-za.txt; skipping output file
2026-08-28 16:29:55,903 INFO Wrote 2 matching line(s) to /home/eyamrog/PycharmProjects/cl_st1_melina/cl_st1_ph1_melina/corpus/01_now_dataset/02_now_text/text_10-02-kvz/10-02-au.txt
2026-08-28 16:29:55,910 INFO No matches found in 10-02-bd.txt; skipping output file
2026-08-28 16:29:56,101 INFO Wrote 9 matching line(s) to /home/eyamrog/PycharmProjects/cl_st1_melina/cl_st1_ph1_melina/corpus/01_now_dataset/02_now_text/text_10-02-kvz/10-02-ca.txt
2026-08-28 16:29:56,533 INFO Wrote 36 matching line(s) to /home/eyamrog/PycharmProjects/cl_st1_melina/cl_st1_ph1_melina/corpus/01_now_dataset/02_now_text/text_10-02-kvz/10-02-gb.txt
2026-08-28 16:29:56,543 INFO No matches found in 10-02-gh.txt; skipping output file
2026-08-28 16:29:56,544 INFO No matches found in 10-02-hk.txt; skipping output file
2026-08-28 16:29:56,571 INFO Wrote 3 matching line(s) to /home/eyamrog/PycharmProjects/cl_st1_melina/cl_st1_ph1_melina/corpus/01_now_dataset/02_now_text/text_10-02-kvz/10-02-ie.txt
2026-08-28 16:29:56,714 INFO Wrote 5 matching line(s) to /home/eyamrog/PycharmProjects/cl_st1_melina/cl_st1_ph1_melina/corpus/01_now_dataset/02_now_text/text_10-02-kvz/10-02-in.txt
2026-08-28 16:29:56,732 INFO Wrote 1 matching line(s) to /home/eyamrog/PycharmProjects/cl_st1_melina/cl_st1_ph1_melina/corpus/01_now_dataset/02_now_text/text_10-02-kvz/10-02-jm.txt
2026-08-28 16:29:56,732 INFO No matches found in 10-02-ke.txt; skipping output file
2026-08-28 16:29:56,739 INFO No matches found in 10-02-lk.txt; skipping output file
2026-08-28 16:29:56,741 INFO No matches found in 10-02-my.txt; skipping output file
2026-08-28 16:29:56,747 INFO No matches found in 10-02-ng.txt; skipping output file
2026-08-28 16:29:56,769 INFO Wrote 1 matching line(s) to /home/eyamrog/PycharmProjects/cl_st1_melina/cl_st1_ph1_melina/corpus/01_now_dataset/02_now_text/text_10-02-kvz/10-02-nz.txt
2026-08-28 16:29:56,774 INFO No matches found in 10-02-ph.txt; skipping output file
2026-08-28 16:29:56,776 INFO No matches found in 10-02-pk.txt; skipping output file
2026-08-28 16:29:56,778 INFO No matches found in 10-02-sg.txt; skipping output file
2026-08-28 16:29:56,779 INFO No matches found in 10-02-tz.txt; skipping output file
2026-08-28 16:29:57,349 INFO Wrote 29 matching line(s) to /home/eyamrog/PycharmProjects/cl_st1_melina/cl_st1_ph1_melina/corpus/01_now_dataset/02_now_text/text_10-02-kvz/10-02-us.txt
2026-08-28 16:29:57,366 INFO Wrote 2 matching line(s) to /home/eyamrog/PycharmProjects/cl_st1_melina/cl_st1_ph1_melina/corpus/01_now_dataset/02_now_text/text_10-02-kvz/10-02-za.txt
2026-08-28 16:29:57,445 INFO Wrote 1 matching line(s) to /home/eyamrog/PycharmProjects/cl_st1_melina/cl_st1_ph1_melina/corpus/01_now_dataset/02_now_text/text_10-03-ovi/10-03-au.txt
2026-08-28 16:29:57,450 INFO No matches found in 10-03-bd.txt; skipping output file
2026-08-28 16:29:57,672 INFO Wrote 8 matching line(s) to /home/eyamrog/PycharmProjects/cl_st1_melina/cl_st1_ph1_melina/corpus/01_now_dataset/02_now_text/text_10-03-ovi/10-03-ca.txt
2026-08-28 16:29:58,139 INFO Wrote 18 matching line(s) to /home/eyamrog/PycharmProjects/cl_st1_melina/cl_st1_ph1_melina/corpus/01_now_dataset/02_now_text/text_10-03-ovi/10-03-gb.txt
2026-08-28 16:29:58,151 INFO No matches found in 10-03-gh.txt; skipping output file
2026-08-28 16:29:58,154 INFO No matches found in 10-03-hk.txt; skipping output file
2026-08-28 16:29:58,188 INFO No matches found in 10-03-ie.txt; skipping output file
2026-08-28 16:29:58,358 INFO Wrote 5 matching line(s) to /home/eyamrog/PycharmProjects/cl_st1_melina/cl_st1_ph1_melina/corpus/01_now_dataset/02_now_text/text_10-03-ovi/10-03-in.txt
2026-08-28 16:29:58,380 INFO Wrote 3 matching line(s) to /home/eyamrog/PycharmProjects/cl_st1_melina/cl_st1_ph1_melina/corpus/01_now_dataset/02_now_text/text_10-03-ovi/10-03-jm.txt
2026-08-28 16:29:58,380 INFO No matches found in 10-03-ke.txt; skipping output file
2026-08-28 16:29:58,388 INFO No matches found in 10-03-lk.txt; skipping output file
2026-08-28 16:29:58,394 INFO No matches found in 10-03-my.txt; skipping output file
2026-08-28 16:29:58,401 INFO No matches found in 10-03-ng.txt; skipping output file
2026-08-28 16:29:58,427 INFO No matches found in 10-03-nz.txt; skipping output file
2026-08-28 16:29:58,432 INFO No matches found in 10-03-ph.txt; skipping output file
2026-08-28 16:29:58,436 INFO No matches found in 10-03-pk.txt; skipping output file
2026-08-28 16:29:58,440 INFO No matches found in 10-03-sg.txt; skipping output file
2026-08-28 16:29:58,441 INFO No matches found in 10-03-tz.txt; skipping output file
2026-08-28 16:29:59,054 INFO Wrote 24 matching line(s) to /home/eyamrog/PycharmProjects/cl_st1_melina/cl_st1_ph1_melina/corpus/01_now_dataset/02_now_text/text_10-03-ovi/10-03-us.txt
2026-08-28 16:29:59,075 INFO Wrote 1 matching line(s) to /home/eyamrog/PycharmProjects/cl_st1_melina/cl_st1_ph1_melina/corpus/01_now_dataset/02_now_text/text_10-03-ovi/10-03-za.txt
2026-08-28 16:29:59,149 INFO Wrote 1 matching line(s) to /home/eyamrog/PycharmProjects/cl_st1_melina/cl_st1_ph1_melina/corpus/01_now_dataset/02_now_text/text_10-04-laq/10-04-au.txt
2026-08-28 16:29:59,154 INFO No matches found in 10-04-bd.txt; skipping output file
2026-08-28 16:29:59,403 INFO Wrote 8 matching line(s) to /home/eyamrog/PycharmProjects/cl_st1_melina/cl_st1_ph1_melina/corpus/01_now_dataset/02_now_text/text_10-04-laq/10-04-ca.txt
2026-08-28 16:29:59,871 INFO Wrote 25 matching line(s) to /home/eyamrog/PycharmProjects/cl_st1_melina/cl_st1_ph1_melina/corpus/01_now_dataset/02_now_text/text_10-04-laq/10-04-gb.txt
2026-08-28 16:29:59,885 INFO No matches found in 10-04-gh.txt; skipping output file
2026-08-28 16:29:59,886 INFO No matches found in 10-04-hk.txt; skipping output file
2026-08-28 16:29:59,917 INFO No matches found in 10-04-ie.txt; skipping output file
2026-08-28 16:30:00,102 INFO Wrote 8 matching line(s) to /home/eyamrog/PycharmProjects/cl_st1_melina/cl_st1_ph1_melina/corpus/01_now_dataset/02_now_text/text_10-04-laq/10-04-in.txt
2026-08-28 16:30:00,125 INFO Wrote 2 matching line(s) to /home/eyamrog/PycharmProjects/cl_st1_melina/cl_st1_ph1_melina/corpus/01_now_dataset/02_now_text/text_10-04-laq/10-04-jm.txt
2026-08-28 16:30:00,125 INFO No matches found in 10-04-ke.txt; skipping output file
2026-08-28 16:30:00,132 INFO No matches found in 10-04-lk.txt; skipping output file
2026-08-28 16:30:00,135 INFO No matches found in 10-04-my.txt; skipping output file
2026-08-28 16:30:00,139 INFO No matches found in 10-04-ng.txt; skipping output file
2026-08-28 16:30:00,168 INFO No matches found in 10-04-nz.txt; skipping output file
2026-08-28 16:30:00,172 INFO No matches found in 10-04-ph.txt; skipping output file
2026-08-28 16:30:00,184 INFO No matches found in 10-04-pk.txt; skipping output file
2026-08-28 16:30:00,188 INFO No matches found in 10-04-sg.txt; skipping output file
2026-08-28 16:30:00,741 INFO Wrote 22 matching line(s) to /home/eyamrog/PycharmProjects/cl_st1_melina/cl_st1_ph1_melina/corpus/01_now_dataset/02_now_text/text_10-04-laq/10-04-us.txt
2026-08-28 16:30:00,764 INFO Wrote 1 matching line(s) to /home/eyamrog/PycharmProjects/cl_st1_melina/cl_st1_ph1_melina/corpus/01_now_dataset/02_now_text/text_10-04-laq/10-04-za.txt
2026-08-28 16:30:00,832 INFO Wrote 4 matching line(s) to /home/eyamrog/PycharmProjects/cl_st1_melina/cl_st1_ph1_melina/corpus/01_now_dataset/02_now_text/text_10-05-wbb/10-05-au.txt
2026-08-28 16:30:00,837 INFO No matches found in 10-05-bd.txt; skipping output file
2026-08-28 16:30:01,067 INFO Wrote 7 matching line(s) to /home/eyamrog/PycharmProjects/cl_st1_melina/cl_st1_ph1_melina/corpus/01_now_dataset/02_now_text/text_10-05-wbb/10-05-ca.txt
2026-08-28 16:30:01,544 INFO Wrote 21 matching line(s) to /home/eyamrog/PycharmProjects/cl_st1_melina/cl_st1_ph1_melina/corpus/01_now_dataset/02_now_text/text_10-05-wbb/10-05-gb.txt
2026-08-28 16:30:01,560 INFO No matches found in 10-05-gh.txt; skipping output file
2026-08-28 16:30:01,562 INFO No matches found in 10-05-hk.txt; skipping output file
2026-08-28 16:30:01,590 INFO No matches found in 10-05-ie.txt; skipping output file
2026-08-28 16:30:01,778 INFO Wrote 12 matching line(s) to /home/eyamrog/PycharmProjects/cl_st1_melina/cl_st1_ph1_melina/corpus/01_now_dataset/02_now_text/text_10-05-wbb/10-05-in.txt
2026-08-28 16:30:01,803 INFO Wrote 1 matching line(s) to /home/eyamrog/PycharmProjects/cl_st1_melina/cl_st1_ph1_melina/corpus/01_now_dataset/02_now_text/text_10-05-wbb/10-05-jm.txt
2026-08-28 16:30:01,804 INFO No matches found in 10-05-ke.txt; skipping output file
2026-08-28 16:30:01,811 INFO No matches found in 10-05-lk.txt; skipping output file
2026-08-28 16:30:01,814 INFO No matches found in 10-05-my.txt; skipping output file
2026-08-28 16:30:01,822 INFO No matches found in 10-05-ng.txt; skipping output file
2026-08-28 16:30:01,849 INFO No matches found in 10-05-nz.txt; skipping output file
2026-08-28 16:30:01,853 INFO No matches found in 10-05-ph.txt; skipping output file
2026-08-28 16:30:01,872 INFO Wrote 2 matching line(s) to /home/eyamrog/PycharmProjects/cl_st1_melina/cl_st1_ph1_melina/corpus/01_now_dataset/02_now_text/text_10-05-wbb/10-05-pk.txt
2026-08-28 16:30:01,876 INFO No matches found in 10-05-sg.txt; skipping output file
2026-08-28 16:30:01,876 INFO No matches found in 10-05-tz.txt; skipping output file
2026-08-28 16:30:02,479 INFO Wrote 25 matching line(s) to /home/eyamrog/PycharmProjects/cl_st1_melina/cl_st1_ph1_melina/corpus/01_now_dataset/02_now_text/text_10-05-wbb/10-05-us.txt
2026-08-28 16:30:02,506 INFO No matches found in 10-05-za.txt; skipping output file
2026-08-28 16:30:02,587 INFO Wrote 9 matching line(s) to /home/eyamrog/PycharmProjects/cl_st1_melina/cl_st1_ph1_melina/corpus/01_now_dataset/02_now_text/text_10-06-bwq/10-06-au.txt
2026-08-28 16:30:02,593 INFO No matches found in 10-06-bd.txt; skipping output file
2026-08-28 16:30:02,844 INFO Wrote 17 matching line(s) to /home/eyamrog/PycharmProjects/cl_st1_melina/cl_st1_ph1_melina/corpus/01_now_dataset/02_now_text/text_10-06-bwq/10-06-ca.txt
2026-08-28 16:30:03,362 INFO Wrote 70 matching line(s) to /home/eyamrog/PycharmProjects/cl_st1_melina/cl_st1_ph1_melina/corpus/01_now_dataset/02_now_text/text_10-06-bwq/10-06-gb.txt
2026-08-28 16:30:03,374 INFO No matches found in 10-06-gh.txt; skipping output file
2026-08-28 16:30:03,376 INFO No matches found in 10-06-hk.txt; skipping output file
2026-08-28 16:30:03,409 INFO Wrote 4 matching line(s) to /home/eyamrog/PycharmProjects/cl_st1_melina/cl_st1_ph1_melina/corpus/01_now_dataset/02_now_text/text_10-06-bwq/10-06-ie.txt
2026-08-28 16:30:03,612 INFO Wrote 23 matching line(s) to /home/eyamrog/PycharmProjects/cl_st1_melina/cl_st1_ph1_melina/corpus/01_now_dataset/02_now_text/text_10-06-bwq/10-06-in.txt
2026-08-28 16:30:03,634 INFO No matches found in 10-06-jm.txt; skipping output file
2026-08-28 16:30:03,635 INFO No matches found in 10-06-ke.txt; skipping output file
2026-08-28 16:30:03,638 INFO No matches found in 10-06-lk.txt; skipping output file
2026-08-28 16:30:03,645 INFO Wrote 1 matching line(s) to /home/eyamrog/PycharmProjects/cl_st1_melina/cl_st1_ph1_melina/corpus/01_now_dataset/02_now_text/text_10-06-bwq/10-06-my.txt
2026-08-28 16:30:03,654 INFO No matches found in 10-06-ng.txt; skipping output file
2026-08-28 16:30:03,685 INFO No matches found in 10-06-nz.txt; skipping output file
2026-08-28 16:30:03,690 INFO No matches found in 10-06-ph.txt; skipping output file
2026-08-28 16:30:03,708 INFO No matches found in 10-06-pk.txt; skipping output file
2026-08-28 16:30:03,712 INFO No matches found in 10-06-sg.txt; skipping output file
2026-08-28 16:30:03,713 INFO No matches found in 10-06-tz.txt; skipping output file
2026-08-28 16:30:04,341 INFO Wrote 83 matching line(s) to /home/eyamrog/PycharmProjects/cl_st1_melina/cl_st1_ph1_melina/corpus/01_now_dataset/02_now_text/text_10-06-bwq/10-06-us.txt
2026-08-28 16:30:04,369 INFO Wrote 1 matching line(s) to /home/eyamrog/PycharmProjects/cl_st1_melina/cl_st1_ph1_melina/corpus/01_now_dataset/02_now_text/text_10-06-bwq/10-06-za.txt
2026-08-28 16:30:04,449 INFO Wrote 1 matching line(s) to /home/eyamrog/PycharmProjects/cl_st1_melina/cl_st1_ph1_melina/corpus/01_now_dataset/02_now_text/text_10-07-uek/10-07-au.txt
2026-08-28 16:30:04,455 INFO No matches found in 10-07-bd.txt; skipping output file
2026-08-28 16:30:04,687 INFO Wrote 6 matching line(s) to /home/eyamrog/PycharmProjects/cl_st1_melina/cl_st1_ph1_melina/corpus/01_now_dataset/02_now_text/text_10-07-uek/10-07-ca.txt
2026-08-28 16:30:05,170 INFO Wrote 32 matching line(s) to /home/eyamrog/PycharmProjects/cl_st1_melina/cl_st1_ph1_melina/corpus/01_now_dataset/02_now_text/text_10-07-uek/10-07-gb.txt
2026-08-28 16:30:05,182 INFO No matches found in 10-07-gh.txt; skipping output file
2026-08-28 16:30:05,184 INFO No matches found in 10-07-hk.txt; skipping output file
2026-08-28 16:30:05,217 INFO No matches found in 10-07-ie.txt; skipping output file
2026-08-28 16:30:05,427 INFO Wrote 9 matching line(s) to /home/eyamrog/PycharmProjects/cl_st1_melina/cl_st1_ph1_melina/corpus/01_now_dataset/02_now_text/text_10-07-uek/10-07-in.txt
2026-08-28 16:30:05,451 INFO No matches found in 10-07-jm.txt; skipping output file
2026-08-28 16:30:05,452 INFO No matches found in 10-07-ke.txt; skipping output file
2026-08-28 16:30:05,455 INFO No matches found in 10-07-lk.txt; skipping output file
2026-08-28 16:30:05,459 INFO No matches found in 10-07-my.txt; skipping output file
2026-08-28 16:30:05,467 INFO No matches found in 10-07-ng.txt; skipping output file
2026-08-28 16:30:05,493 INFO Wrote 1 matching line(s) to /home/eyamrog/PycharmProjects/cl_st1_melina/cl_st1_ph1_melina/corpus/01_now_dataset/02_now_text/text_10-07-uek/10-07-nz.txt
2026-08-28 16:30:05,498 INFO No matches found in 10-07-ph.txt; skipping output file
2026-08-28 16:30:05,521 INFO Wrote 1 matching line(s) to /home/eyamrog/PycharmProjects/cl_st1_melina/cl_st1_ph1_melina/corpus/01_now_dataset/02_now_text/text_10-07-uek/10-07-pk.txt
2026-08-28 16:30:05,524 INFO No matches found in 10-07-sg.txt; skipping output file
2026-08-28 16:30:06,111 INFO Wrote 39 matching line(s) to /home/eyamrog/PycharmProjects/cl_st1_melina/cl_st1_ph1_melina/corpus/01_now_dataset/02_now_text/text_10-07-uek/10-07-us.txt
2026-08-28 16:30:06,150 INFO No matches found in 10-07-za.txt; skipping output file
2026-08-28 16:30:06,234 INFO Wrote 5 matching line(s) to /home/eyamrog/PycharmProjects/cl_st1_melina/cl_st1_ph1_melina/corpus/01_now_dataset/02_now_text/text_10-08-lqd/10-08-au.txt
2026-08-28 16:30:06,242 INFO No matches found in 10-08-bd.txt; skipping output file
2026-08-28 16:30:06,478 INFO Wrote 7 matching line(s) to /home/eyamrog/PycharmProjects/cl_st1_melina/cl_st1_ph1_melina/corpus/01_now_dataset/02_now_text/text_10-08-lqd/10-08-ca.txt
2026-08-28 16:30:06,936 INFO Wrote 22 matching line(s) to /home/eyamrog/PycharmProjects/cl_st1_melina/cl_st1_ph1_melina/corpus/01_now_dataset/02_now_text/text_10-08-lqd/10-08-gb.txt
2026-08-28 16:30:06,949 INFO No matches found in 10-08-gh.txt; skipping output file
2026-08-28 16:30:06,953 INFO No matches found in 10-08-hk.txt; skipping output file
2026-08-28 16:30:06,991 INFO Wrote 2 matching line(s) to /home/eyamrog/PycharmProjects/cl_st1_melina/cl_st1_ph1_melina/corpus/01_now_dataset/02_now_text/text_10-08-lqd/10-08-ie.txt
2026-08-28 16:30:07,209 INFO Wrote 7 matching line(s) to /home/eyamrog/PycharmProjects/cl_st1_melina/cl_st1_ph1_melina/corpus/01_now_dataset/02_now_text/text_10-08-lqd/10-08-in.txt
2026-08-28 16:30:07,233 INFO Wrote 1 matching line(s) to /home/eyamrog/PycharmProjects/cl_st1_melina/cl_st1_ph1_melina/corpus/01_now_dataset/02_now_text/text_10-08-lqd/10-08-jm.txt
2026-08-28 16:30:07,233 INFO No matches found in 10-08-ke.txt; skipping output file
2026-08-28 16:30:07,240 INFO No matches found in 10-08-lk.txt; skipping output file
2026-08-28 16:30:07,247 INFO No matches found in 10-08-my.txt; skipping output file
2026-08-28 16:30:07,256 INFO No matches found in 10-08-ng.txt; skipping output file
2026-08-28 16:30:07,286 INFO Wrote 2 matching line(s) to /home/eyamrog/PycharmProjects/cl_st1_melina/cl_st1_ph1_melina/corpus/01_now_dataset/02_now_text/text_10-08-lqd/10-08-nz.txt
2026-08-28 16:30:07,291 INFO No matches found in 10-08-ph.txt; skipping output file
2026-08-28 16:30:07,312 INFO Wrote 2 matching line(s) to /home/eyamrog/PycharmProjects/cl_st1_melina/cl_st1_ph1_melina/corpus/01_now_dataset/02_now_text/text_10-08-lqd/10-08-pk.txt
2026-08-28 16:30:07,315 INFO No matches found in 10-08-sg.txt; skipping output file
2026-08-28 16:30:07,315 INFO No matches found in 10-08-tz.txt; skipping output file
2026-08-28 16:30:07,947 INFO Wrote 15 matching line(s) to /home/eyamrog/PycharmProjects/cl_st1_melina/cl_st1_ph1_melina/corpus/01_now_dataset/02_now_text/text_10-08-lqd/10-08-us.txt
2026-08-28 16:30:07,986 INFO No matches found in 10-08-za.txt; skipping output file
2026-08-28 16:30:08,077 INFO Wrote 1 matching line(s) to /home/eyamrog/PycharmProjects/cl_st1_melina/cl_st1_ph1_melina/corpus/01_now_dataset/02_now_text/text_10-09-udn/10-09-au.txt
2026-08-28 16:30:08,082 INFO No matches found in 10-09-bd.txt; skipping output file
2026-08-28 16:30:08,341 INFO Wrote 7 matching line(s) to /home/eyamrog/PycharmProjects/cl_st1_melina/cl_st1_ph1_melina/corpus/01_now_dataset/02_now_text/text_10-09-udn/10-09-ca.txt
2026-08-28 16:30:08,825 INFO Wrote 28 matching line(s) to /home/eyamrog/PycharmProjects/cl_st1_melina/cl_st1_ph1_melina/corpus/01_now_dataset/02_now_text/text_10-09-udn/10-09-gb.txt
2026-08-28 16:30:08,838 INFO No matches found in 10-09-gh.txt; skipping output file
2026-08-28 16:30:08,840 INFO No matches found in 10-09-hk.txt; skipping output file
2026-08-28 16:30:08,879 INFO No matches found in 10-09-ie.txt; skipping output file
2026-08-28 16:30:09,071 INFO Wrote 6 matching line(s) to /home/eyamrog/PycharmProjects/cl_st1_melina/cl_st1_ph1_melina/corpus/01_now_dataset/02_now_text/text_10-09-udn/10-09-in.txt
2026-08-28 16:30:09,093 INFO No matches found in 10-09-jm.txt; skipping output file
2026-08-28 16:30:09,094 INFO No matches found in 10-09-ke.txt; skipping output file
2026-08-28 16:30:09,098 INFO No matches found in 10-09-lk.txt; skipping output file
2026-08-28 16:30:09,106 INFO No matches found in 10-09-my.txt; skipping output file
2026-08-28 16:30:09,121 INFO No matches found in 10-09-ng.txt; skipping output file
2026-08-28 16:30:09,161 INFO No matches found in 10-09-nz.txt; skipping output file
2026-08-28 16:30:09,166 INFO No matches found in 10-09-ph.txt; skipping output file
2026-08-28 16:30:09,187 INFO Wrote 2 matching line(s) to /home/eyamrog/PycharmProjects/cl_st1_melina/cl_st1_ph1_melina/corpus/01_now_dataset/02_now_text/text_10-09-udn/10-09-pk.txt
2026-08-28 16:30:09,189 INFO No matches found in 10-09-sg.txt; skipping output file
2026-08-28 16:30:09,810 INFO Wrote 24 matching line(s) to /home/eyamrog/PycharmProjects/cl_st1_melina/cl_st1_ph1_melina/corpus/01_now_dataset/02_now_text/text_10-09-udn/10-09-us.txt
2026-08-28 16:30:09,853 INFO No matches found in 10-09-za.txt; skipping output file
2026-08-28 16:30:09,935 INFO Wrote 1 matching line(s) to /home/eyamrog/PycharmProjects/cl_st1_melina/cl_st1_ph1_melina/corpus/01_now_dataset/02_now_text/text_10-10-nln/10-10-au.txt
2026-08-28 16:30:09,944 INFO No matches found in 10-10-bd.txt; skipping output file
2026-08-28 16:30:10,229 INFO Wrote 12 matching line(s) to /home/eyamrog/PycharmProjects/cl_st1_melina/cl_st1_ph1_melina/corpus/01_now_dataset/02_now_text/text_10-10-nln/10-10-ca.txt
2026-08-28 16:30:10,725 INFO Wrote 17 matching line(s) to /home/eyamrog/PycharmProjects/cl_st1_melina/cl_st1_ph1_melina/corpus/01_now_dataset/02_now_text/text_10-10-nln/10-10-gb.txt
2026-08-28 16:30:10,738 INFO Wrote 1 matching line(s) to /home/eyamrog/PycharmProjects/cl_st1_melina/cl_st1_ph1_melina/corpus/01_now_dataset/02_now_text/text_10-10-nln/10-10-gh.txt
2026-08-28 16:30:10,742 INFO No matches found in 10-10-hk.txt; skipping output file
2026-08-28 16:30:10,785 INFO Wrote 1 matching line(s) to /home/eyamrog/PycharmProjects/cl_st1_melina/cl_st1_ph1_melina/corpus/01_now_dataset/02_now_text/text_10-10-nln/10-10-ie.txt
2026-08-28 16:30:10,978 INFO Wrote 6 matching line(s) to /home/eyamrog/PycharmProjects/cl_st1_melina/cl_st1_ph1_melina/corpus/01_now_dataset/02_now_text/text_10-10-nln/10-10-in.txt
2026-08-28 16:30:11,004 INFO Wrote 2 matching line(s) to /home/eyamrog/PycharmProjects/cl_st1_melina/cl_st1_ph1_melina/corpus/01_now_dataset/02_now_text/text_10-10-nln/10-10-jm.txt
2026-08-28 16:30:11,005 INFO No matches found in 10-10-ke.txt; skipping output file
2026-08-28 16:30:11,010 INFO No matches found in 10-10-lk.txt; skipping output file
2026-08-28 16:30:11,019 INFO No matches found in 10-10-my.txt; skipping output file
2026-08-28 16:30:11,044 INFO Wrote 2 matching line(s) to /home/eyamrog/PycharmProjects/cl_st1_melina/cl_st1_ph1_melina/corpus/01_now_dataset/02_now_text/text_10-10-nln/10-10-ng.txt
2026-08-28 16:30:11,079 INFO Wrote 1 matching line(s) to /home/eyamrog/PycharmProjects/cl_st1_melina/cl_st1_ph1_melina/corpus/01_now_dataset/02_now_text/text_10-10-nln/10-10-nz.txt
2026-08-28 16:30:11,083 INFO No matches found in 10-10-ph.txt; skipping output file
2026-08-28 16:30:11,107 INFO No matches found in 10-10-pk.txt; skipping output file
2026-08-28 16:30:11,110 INFO No matches found in 10-10-sg.txt; skipping output file
2026-08-28 16:30:11,110 INFO No matches found in 10-10-tz.txt; skipping output file
2026-08-28 16:30:11,758 INFO Wrote 20 matching line(s) to /home/eyamrog/PycharmProjects/cl_st1_melina/cl_st1_ph1_melina/corpus/01_now_dataset/02_now_text/text_10-10-nln/10-10-us.txt
2026-08-28 16:30:11,811 INFO Wrote 1 matching line(s) to /home/eyamrog/PycharmProjects/cl_st1_melina/cl_st1_ph1_melina/corpus/01_now_dataset/02_now_text/text_10-10-nln/10-10-za.txt
2026-08-28 16:30:11,901 INFO Wrote 2 matching line(s) to /home/eyamrog/PycharmProjects/cl_st1_melina/cl_st1_ph1_melina/corpus/01_now_dataset/02_now_text/text_10-11-weq/10-11-au.txt
2026-08-28 16:30:11,907 INFO No matches found in 10-11-bd.txt; skipping output file
2026-08-28 16:30:12,186 INFO Wrote 12 matching line(s) to /home/eyamrog/PycharmProjects/cl_st1_melina/cl_st1_ph1_melina/corpus/01_now_dataset/02_now_text/text_10-11-weq/10-11-ca.txt
2026-08-28 16:30:12,647 INFO Wrote 20 matching line(s) to /home/eyamrog/PycharmProjects/cl_st1_melina/cl_st1_ph1_melina/corpus/01_now_dataset/02_now_text/text_10-11-weq/10-11-gb.txt
2026-08-28 16:30:12,663 INFO No matches found in 10-11-gh.txt; skipping output file
2026-08-28 16:30:12,666 INFO No matches found in 10-11-hk.txt; skipping output file
2026-08-28 16:30:12,710 INFO Wrote 2 matching line(s) to /home/eyamrog/PycharmProjects/cl_st1_melina/cl_st1_ph1_melina/corpus/01_now_dataset/02_now_text/text_10-11-weq/10-11-ie.txt
2026-08-28 16:30:12,905 INFO Wrote 3 matching line(s) to /home/eyamrog/PycharmProjects/cl_st1_melina/cl_st1_ph1_melina/corpus/01_now_dataset/02_now_text/text_10-11-weq/10-11-in.txt
2026-08-28 16:30:12,927 INFO No matches found in 10-11-jm.txt; skipping output file
2026-08-28 16:30:12,928 INFO No matches found in 10-11-ke.txt; skipping output file
2026-08-28 16:30:12,933 INFO No matches found in 10-11-lk.txt; skipping output file
2026-08-28 16:30:12,939 INFO No matches found in 10-11-my.txt; skipping output file
2026-08-28 16:30:12,962 INFO Wrote 3 matching line(s) to /home/eyamrog/PycharmProjects/cl_st1_melina/cl_st1_ph1_melina/corpus/01_now_dataset/02_now_text/text_10-11-weq/10-11-ng.txt
2026-08-28 16:30:12,992 INFO No matches found in 10-11-nz.txt; skipping output file
2026-08-28 16:30:12,997 INFO No matches found in 10-11-ph.txt; skipping output file
2026-08-28 16:30:13,022 INFO No matches found in 10-11-pk.txt; skipping output file
2026-08-28 16:30:13,025 INFO No matches found in 10-11-sg.txt; skipping output file
2026-08-28 16:30:13,025 INFO No matches found in 10-11-tz.txt; skipping output file
2026-08-28 16:30:13,645 INFO Wrote 20 matching line(s) to /home/eyamrog/PycharmProjects/cl_st1_melina/cl_st1_ph1_melina/corpus/01_now_dataset/02_now_text/text_10-11-weq/10-11-us.txt
2026-08-28 16:30:13,705 INFO Wrote 1 matching line(s) to /home/eyamrog/PycharmProjects/cl_st1_melina/cl_st1_ph1_melina/corpus/01_now_dataset/02_now_text/text_10-11-weq/10-11-za.txt
2026-08-28 16:30:13,779 INFO Wrote 1 matching line(s) to /home/eyamrog/PycharmProjects/cl_st1_melina/cl_st1_ph1_melina/corpus/01_now_dataset/02_now_text/text_10-12-ixv/10-12-au.txt
2026-08-28 16:30:13,785 INFO No matches found in 10-12-bd.txt; skipping output file
2026-08-28 16:30:14,014 INFO Wrote 8 matching line(s) to /home/eyamrog/PycharmProjects/cl_st1_melina/cl_st1_ph1_melina/corpus/01_now_dataset/02_now_text/text_10-12-ixv/10-12-ca.txt
2026-08-28 16:30:14,377 INFO Wrote 22 matching line(s) to /home/eyamrog/PycharmProjects/cl_st1_melina/cl_st1_ph1_melina/corpus/01_now_dataset/02_now_text/text_10-12-ixv/10-12-gb.txt
2026-08-28 16:30:14,388 INFO No matches found in 10-12-gh.txt; skipping output file
2026-08-28 16:30:14,393 INFO No matches found in 10-12-hk.txt; skipping output file
2026-08-28 16:30:14,430 INFO No matches found in 10-12-ie.txt; skipping output file
2026-08-28 16:30:14,659 INFO Wrote 5 matching line(s) to /home/eyamrog/PycharmProjects/cl_st1_melina/cl_st1_ph1_melina/corpus/01_now_dataset/02_now_text/text_10-12-ixv/10-12-in.txt
2026-08-28 16:30:14,681 INFO Wrote 2 matching line(s) to /home/eyamrog/PycharmProjects/cl_st1_melina/cl_st1_ph1_melina/corpus/01_now_dataset/02_now_text/text_10-12-ixv/10-12-jm.txt
2026-08-28 16:30:14,682 INFO No matches found in 10-12-ke.txt; skipping output file
2026-08-28 16:30:14,688 INFO No matches found in 10-12-lk.txt; skipping output file
2026-08-28 16:30:14,694 INFO No matches found in 10-12-my.txt; skipping output file
2026-08-28 16:30:14,720 INFO No matches found in 10-12-ng.txt; skipping output file
2026-08-28 16:30:14,749 INFO Wrote 2 matching line(s) to /home/eyamrog/PycharmProjects/cl_st1_melina/cl_st1_ph1_melina/corpus/01_now_dataset/02_now_text/text_10-12-ixv/10-12-nz.txt
2026-08-28 16:30:14,758 INFO No matches found in 10-12-ph.txt; skipping output file
2026-08-28 16:30:14,784 INFO No matches found in 10-12-pk.txt; skipping output file
2026-08-28 16:30:14,786 INFO No matches found in 10-12-sg.txt; skipping output file
2026-08-28 16:30:14,789 INFO No matches found in 10-12-tz.txt; skipping output file
2026-08-28 16:30:15,432 INFO Wrote 24 matching line(s) to /home/eyamrog/PycharmProjects/cl_st1_melina/cl_st1_ph1_melina/corpus/01_now_dataset/02_now_text/text_10-12-ixv/10-12-us.txt
2026-08-28 16:30:15,476 INFO Wrote 2 matching line(s) to /home/eyamrog/PycharmProjects/cl_st1_melina/cl_st1_ph1_melina/corpus/01_now_dataset/02_now_text/text_10-12-ixv/10-12-za.txt
2026-08-28 16:30:15,563 INFO Wrote 2 matching line(s) to /home/eyamrog/PycharmProjects/cl_st1_melina/cl_st1_ph1_melina/corpus/01_now_dataset/02_now_text/text_11-01-pct/11-01-au.txt
2026-08-28 16:30:15,571 INFO No matches found in 11-01-bd.txt; skipping output file
2026-08-28 16:30:15,859 INFO Wrote 9 matching line(s) to /home/eyamrog/PycharmProjects/cl_st1_melina/cl_st1_ph1_melina/corpus/01_now_dataset/02_now_text/text_11-01-pct/11-01-ca.txt
2026-08-28 16:30:16,351 INFO Wrote 28 matching line(s) to /home/eyamrog/PycharmProjects/cl_st1_melina/cl_st1_ph1_melina/corpus/01_now_dataset/02_now_text/text_11-01-pct/11-01-gb.txt
2026-08-28 16:30:16,361 INFO No matches found in 11-01-gh.txt; skipping output file
2026-08-28 16:30:16,367 INFO No matches found in 11-01-hk.txt; skipping output file
2026-08-28 16:30:16,419 INFO Wrote 1 matching line(s) to /home/eyamrog/PycharmProjects/cl_st1_melina/cl_st1_ph1_melina/corpus/01_now_dataset/02_now_text/text_11-01-pct/11-01-ie.txt
2026-08-28 16:30:16,667 INFO Wrote 11 matching line(s) to /home/eyamrog/PycharmProjects/cl_st1_melina/cl_st1_ph1_melina/corpus/01_now_dataset/02_now_text/text_11-01-pct/11-01-in.txt
2026-08-28 16:30:16,703 INFO No matches found in 11-01-jm.txt; skipping output file
2026-08-28 16:30:16,704 INFO No matches found in 11-01-ke.txt; skipping output file
2026-08-28 16:30:16,718 INFO No matches found in 11-01-lk.txt; skipping output file
2026-08-28 16:30:16,726 INFO Wrote 1 matching line(s) to /home/eyamrog/PycharmProjects/cl_st1_melina/cl_st1_ph1_melina/corpus/01_now_dataset/02_now_text/text_11-01-pct/11-01-my.txt
2026-08-28 16:30:16,751 INFO Wrote 2 matching line(s) to /home/eyamrog/PycharmProjects/cl_st1_melina/cl_st1_ph1_melina/corpus/01_now_dataset/02_now_text/text_11-01-pct/11-01-ng.txt
2026-08-28 16:30:16,783 INFO No matches found in 11-01-nz.txt; skipping output file
2026-08-28 16:30:16,788 INFO No matches found in 11-01-ph.txt; skipping output file
2026-08-28 16:30:16,814 INFO Wrote 4 matching line(s) to /home/eyamrog/PycharmProjects/cl_st1_melina/cl_st1_ph1_melina/corpus/01_now_dataset/02_now_text/text_11-01-pct/11-01-pk.txt
2026-08-28 16:30:16,817 INFO No matches found in 11-01-sg.txt; skipping output file
2026-08-28 16:30:16,821 INFO No matches found in 11-01-tz.txt; skipping output file
2026-08-28 16:30:17,509 INFO Wrote 30 matching line(s) to /home/eyamrog/PycharmProjects/cl_st1_melina/cl_st1_ph1_melina/corpus/01_now_dataset/02_now_text/text_11-01-pct/11-01-us.txt
2026-08-28 16:30:17,560 INFO Wrote 1 matching line(s) to /home/eyamrog/PycharmProjects/cl_st1_melina/cl_st1_ph1_melina/corpus/01_now_dataset/02_now_text/text_11-01-pct/11-01-za.txt
2026-08-28 16:30:17,647 INFO Wrote 3 matching line(s) to /home/eyamrog/PycharmProjects/cl_st1_melina/cl_st1_ph1_melina/corpus/01_now_dataset/02_now_text/text_11-02-keb/11-02-au.txt
2026-08-28 16:30:17,654 INFO No matches found in 11-02-bd.txt; skipping output file
2026-08-28 16:30:17,943 INFO Wrote 2 matching line(s) to /home/eyamrog/PycharmProjects/cl_st1_melina/cl_st1_ph1_melina/corpus/01_now_dataset/02_now_text/text_11-02-keb/11-02-ca.txt
2026-08-28 16:30:18,376 INFO Wrote 24 matching line(s) to /home/eyamrog/PycharmProjects/cl_st1_melina/cl_st1_ph1_melina/corpus/01_now_dataset/02_now_text/text_11-02-keb/11-02-gb.txt
2026-08-28 16:30:18,385 INFO No matches found in 11-02-gh.txt; skipping output file
2026-08-28 16:30:18,389 INFO No matches found in 11-02-hk.txt; skipping output file
2026-08-28 16:30:18,438 INFO No matches found in 11-02-ie.txt; skipping output file
2026-08-28 16:30:18,667 INFO Wrote 9 matching line(s) to /home/eyamrog/PycharmProjects/cl_st1_melina/cl_st1_ph1_melina/corpus/01_now_dataset/02_now_text/text_11-02-keb/11-02-in.txt
2026-08-28 16:30:18,689 INFO No matches found in 11-02-jm.txt; skipping output file
2026-08-28 16:30:18,690 INFO No matches found in 11-02-ke.txt; skipping output file
2026-08-28 16:30:18,698 INFO No matches found in 11-02-lk.txt; skipping output file
2026-08-28 16:30:18,704 INFO No matches found in 11-02-my.txt; skipping output file
2026-08-28 16:30:18,730 INFO Wrote 1 matching line(s) to /home/eyamrog/PycharmProjects/cl_st1_melina/cl_st1_ph1_melina/corpus/01_now_dataset/02_now_text/text_11-02-keb/11-02-ng.txt
2026-08-28 16:30:18,765 INFO No matches found in 11-02-nz.txt; skipping output file
2026-08-28 16:30:18,771 INFO No matches found in 11-02-ph.txt; skipping output file
2026-08-28 16:30:18,795 INFO Wrote 1 matching line(s) to /home/eyamrog/PycharmProjects/cl_st1_melina/cl_st1_ph1_melina/corpus/01_now_dataset/02_now_text/text_11-02-keb/11-02-pk.txt
2026-08-28 16:30:18,797 INFO No matches found in 11-02-sg.txt; skipping output file
2026-08-28 16:30:18,800 INFO No matches found in 11-02-tz.txt; skipping output file
2026-08-28 16:30:19,411 INFO Wrote 28 matching line(s) to /home/eyamrog/PycharmProjects/cl_st1_melina/cl_st1_ph1_melina/corpus/01_now_dataset/02_now_text/text_11-02-keb/11-02-us.txt
2026-08-28 16:30:19,476 INFO Wrote 2 matching line(s) to /home/eyamrog/PycharmProjects/cl_st1_melina/cl_st1_ph1_melina/corpus/01_now_dataset/02_now_text/text_11-02-keb/11-02-za.txt
2026-08-28 16:30:19,576 INFO Wrote 6 matching line(s) to /home/eyamrog/PycharmProjects/cl_st1_melina/cl_st1_ph1_melina/corpus/01_now_dataset/02_now_text/text_11-03-lup/11-03-au.txt
2026-08-28 16:30:19,582 INFO No matches found in 11-03-bd.txt; skipping output file
2026-08-28 16:30:19,906 INFO Wrote 13 matching line(s) to /home/eyamrog/PycharmProjects/cl_st1_melina/cl_st1_ph1_melina/corpus/01_now_dataset/02_now_text/text_11-03-lup/11-03-ca.txt
2026-08-28 16:30:20,362 INFO Wrote 21 matching line(s) to /home/eyamrog/PycharmProjects/cl_st1_melina/cl_st1_ph1_melina/corpus/01_now_dataset/02_now_text/text_11-03-lup/11-03-gb.txt
2026-08-28 16:30:20,377 INFO No matches found in 11-03-gh.txt; skipping output file
2026-08-28 16:30:20,385 INFO No matches found in 11-03-hk.txt; skipping output file
2026-08-28 16:30:20,449 INFO Wrote 1 matching line(s) to /home/eyamrog/PycharmProjects/cl_st1_melina/cl_st1_ph1_melina/corpus/01_now_dataset/02_now_text/text_11-03-lup/11-03-ie.txt
2026-08-28 16:30:20,707 INFO Wrote 5 matching line(s) to /home/eyamrog/PycharmProjects/cl_st1_melina/cl_st1_ph1_melina/corpus/01_now_dataset/02_now_text/text_11-03-lup/11-03-in.txt
2026-08-28 16:30:20,738 INFO Wrote 2 matching line(s) to /home/eyamrog/PycharmProjects/cl_st1_melina/cl_st1_ph1_melina/corpus/01_now_dataset/02_now_text/text_11-03-lup/11-03-jm.txt
2026-08-28 16:30:20,739 INFO No matches found in 11-03-ke.txt; skipping output file
2026-08-28 16:30:20,750 INFO No matches found in 11-03-lk.txt; skipping output file
2026-08-28 16:30:20,761 INFO No matches found in 11-03-my.txt; skipping output file
2026-08-28 16:30:20,791 INFO No matches found in 11-03-ng.txt; skipping output file
2026-08-28 16:30:20,835 INFO No matches found in 11-03-nz.txt; skipping output file
2026-08-28 16:30:20,843 INFO No matches found in 11-03-ph.txt; skipping output file
2026-08-28 16:30:20,867 INFO No matches found in 11-03-pk.txt; skipping output file
2026-08-28 16:30:20,872 INFO No matches found in 11-03-sg.txt; skipping output file
2026-08-28 16:30:20,875 INFO No matches found in 11-03-tz.txt; skipping output file
2026-08-28 16:30:21,523 INFO Wrote 27 matching line(s) to /home/eyamrog/PycharmProjects/cl_st1_melina/cl_st1_ph1_melina/corpus/01_now_dataset/02_now_text/text_11-03-lup/11-03-us.txt
2026-08-28 16:30:21,606 INFO Wrote 2 matching line(s) to /home/eyamrog/PycharmProjects/cl_st1_melina/cl_st1_ph1_melina/corpus/01_now_dataset/02_now_text/text_11-03-lup/11-03-za.txt
2026-08-28 16:30:21,708 INFO Wrote 5 matching line(s) to /home/eyamrog/PycharmProjects/cl_st1_melina/cl_st1_ph1_melina/corpus/01_now_dataset/02_now_text/text_11-04-fpt/11-04-au.txt
2026-08-28 16:30:21,715 INFO No matches found in 11-04-bd.txt; skipping output file
2026-08-28 16:30:22,019 INFO Wrote 7 matching line(s) to /home/eyamrog/PycharmProjects/cl_st1_melina/cl_st1_ph1_melina/corpus/01_now_dataset/02_now_text/text_11-04-fpt/11-04-ca.txt
2026-08-28 16:30:22,443 INFO Wrote 29 matching line(s) to /home/eyamrog/PycharmProjects/cl_st1_melina/cl_st1_ph1_melina/corpus/01_now_dataset/02_now_text/text_11-04-fpt/11-04-gb.txt
2026-08-28 16:30:22,453 INFO No matches found in 11-04-gh.txt; skipping output file
2026-08-28 16:30:22,459 INFO No matches found in 11-04-hk.txt; skipping output file
2026-08-28 16:30:22,518 INFO Wrote 1 matching line(s) to /home/eyamrog/PycharmProjects/cl_st1_melina/cl_st1_ph1_melina/corpus/01_now_dataset/02_now_text/text_11-04-fpt/11-04-ie.txt
2026-08-28 16:30:22,768 INFO Wrote 3 matching line(s) to /home/eyamrog/PycharmProjects/cl_st1_melina/cl_st1_ph1_melina/corpus/01_now_dataset/02_now_text/text_11-04-fpt/11-04-in.txt
2026-08-28 16:30:22,793 INFO No matches found in 11-04-jm.txt; skipping output file
2026-08-28 16:30:22,794 INFO No matches found in 11-04-ke.txt; skipping output file
2026-08-28 16:30:22,806 INFO No matches found in 11-04-lk.txt; skipping output file
2026-08-28 16:30:22,813 INFO No matches found in 11-04-my.txt; skipping output file
2026-08-28 16:30:22,840 INFO No matches found in 11-04-ng.txt; skipping output file
2026-08-28 16:30:22,883 INFO No matches found in 11-04-nz.txt; skipping output file
2026-08-28 16:30:22,893 INFO No matches found in 11-04-ph.txt; skipping output file
2026-08-28 16:30:22,920 INFO No matches found in 11-04-pk.txt; skipping output file
2026-08-28 16:30:22,930 INFO No matches found in 11-04-sg.txt; skipping output file
2026-08-28 16:30:22,933 INFO No matches found in 11-04-tz.txt; skipping output file
2026-08-28 16:30:23,537 INFO Wrote 26 matching line(s) to /home/eyamrog/PycharmProjects/cl_st1_melina/cl_st1_ph1_melina/corpus/01_now_dataset/02_now_text/text_11-04-fpt/11-04-us.txt
2026-08-28 16:30:23,609 INFO Wrote 3 matching line(s) to /home/eyamrog/PycharmProjects/cl_st1_melina/cl_st1_ph1_melina/corpus/01_now_dataset/02_now_text/text_11-04-fpt/11-04-za.txt
2026-08-28 16:30:23,724 INFO Wrote 3 matching line(s) to /home/eyamrog/PycharmProjects/cl_st1_melina/cl_st1_ph1_melina/corpus/01_now_dataset/02_now_text/text_11-05-gbc/11-05-au.txt
2026-08-28 16:30:23,731 INFO Wrote 1 matching line(s) to /home/eyamrog/PycharmProjects/cl_st1_melina/cl_st1_ph1_melina/corpus/01_now_dataset/02_now_text/text_11-05-gbc/11-05-bd.txt
2026-08-28 16:30:24,054 INFO Wrote 11 matching line(s) to /home/eyamrog/PycharmProjects/cl_st1_melina/cl_st1_ph1_melina/corpus/01_now_dataset/02_now_text/text_11-05-gbc/11-05-ca.txt
2026-08-28 16:30:24,532 INFO Wrote 31 matching line(s) to /home/eyamrog/PycharmProjects/cl_st1_melina/cl_st1_ph1_melina/corpus/01_now_dataset/02_now_text/text_11-05-gbc/11-05-gb.txt
2026-08-28 16:30:24,543 INFO No matches found in 11-05-gh.txt; skipping output file
2026-08-28 16:30:24,549 INFO No matches found in 11-05-hk.txt; skipping output file
2026-08-28 16:30:24,612 INFO Wrote 1 matching line(s) to /home/eyamrog/PycharmProjects/cl_st1_melina/cl_st1_ph1_melina/corpus/01_now_dataset/02_now_text/text_11-05-gbc/11-05-ie.txt
2026-08-28 16:30:24,878 INFO Wrote 8 matching line(s) to /home/eyamrog/PycharmProjects/cl_st1_melina/cl_st1_ph1_melina/corpus/01_now_dataset/02_now_text/text_11-05-gbc/11-05-in.txt
2026-08-28 16:30:24,904 INFO Wrote 1 matching line(s) to /home/eyamrog/PycharmProjects/cl_st1_melina/cl_st1_ph1_melina/corpus/01_now_dataset/02_now_text/text_11-05-gbc/11-05-jm.txt
2026-08-28 16:30:24,905 INFO No matches found in 11-05-ke.txt; skipping output file
2026-08-28 16:30:24,917 INFO No matches found in 11-05-lk.txt; skipping output file
2026-08-28 16:30:24,923 INFO No matches found in 11-05-my.txt; skipping output file
2026-08-28 16:30:24,950 INFO No matches found in 11-05-ng.txt; skipping output file
2026-08-28 16:30:24,997 INFO No matches found in 11-05-nz.txt; skipping output file
2026-08-28 16:30:25,020 INFO No matches found in 11-05-ph.txt; skipping output file
2026-08-28 16:30:25,050 INFO Wrote 2 matching line(s) to /home/eyamrog/PycharmProjects/cl_st1_melina/cl_st1_ph1_melina/corpus/01_now_dataset/02_now_text/text_11-05-gbc/11-05-pk.txt
2026-08-28 16:30:25,061 INFO No matches found in 11-05-sg.txt; skipping output file
2026-08-28 16:30:25,064 INFO No matches found in 11-05-tz.txt; skipping output file
2026-08-28 16:30:25,706 INFO Wrote 29 matching line(s) to /home/eyamrog/PycharmProjects/cl_st1_melina/cl_st1_ph1_melina/corpus/01_now_dataset/02_now_text/text_11-05-gbc/11-05-us.txt
2026-08-28 16:30:25,790 INFO No matches found in 11-05-za.txt; skipping output file
2026-08-28 16:30:25,909 INFO Wrote 4 matching line(s) to /home/eyamrog/PycharmProjects/cl_st1_melina/cl_st1_ph1_melina/corpus/01_now_dataset/02_now_text/text_11-06-hld/11-06-au.txt
2026-08-28 16:30:25,915 INFO No matches found in 11-06-bd.txt; skipping output file
2026-08-28 16:30:26,282 INFO Wrote 19 matching line(s) to /home/eyamrog/PycharmProjects/cl_st1_melina/cl_st1_ph1_melina/corpus/01_now_dataset/02_now_text/text_11-06-hld/11-06-ca.txt
2026-08-28 16:30:26,750 INFO Wrote 17 matching line(s) to /home/eyamrog/PycharmProjects/cl_st1_melina/cl_st1_ph1_melina/corpus/01_now_dataset/02_now_text/text_11-06-hld/11-06-gb.txt
2026-08-28 16:30:26,763 INFO No matches found in 11-06-gh.txt; skipping output file
2026-08-28 16:30:26,767 INFO No matches found in 11-06-hk.txt; skipping output file
2026-08-28 16:30:26,827 INFO Wrote 3 matching line(s) to /home/eyamrog/PycharmProjects/cl_st1_melina/cl_st1_ph1_melina/corpus/01_now_dataset/02_now_text/text_11-06-hld/11-06-ie.txt
2026-08-28 16:30:27,114 INFO Wrote 4 matching line(s) to /home/eyamrog/PycharmProjects/cl_st1_melina/cl_st1_ph1_melina/corpus/01_now_dataset/02_now_text/text_11-06-hld/11-06-in.txt
2026-08-28 16:30:27,137 INFO Wrote 1 matching line(s) to /home/eyamrog/PycharmProjects/cl_st1_melina/cl_st1_ph1_melina/corpus/01_now_dataset/02_now_text/text_11-06-hld/11-06-jm.txt
2026-08-28 16:30:27,138 INFO No matches found in 11-06-ke.txt; skipping output file
2026-08-28 16:30:27,148 INFO No matches found in 11-06-lk.txt; skipping output file
2026-08-28 16:30:27,155 INFO No matches found in 11-06-my.txt; skipping output file
2026-08-28 16:30:27,182 INFO No matches found in 11-06-ng.txt; skipping output file
2026-08-28 16:30:27,227 INFO No matches found in 11-06-nz.txt; skipping output file
2026-08-28 16:30:27,257 INFO No matches found in 11-06-ph.txt; skipping output file
2026-08-28 16:30:27,294 INFO Wrote 1 matching line(s) to /home/eyamrog/PycharmProjects/cl_st1_melina/cl_st1_ph1_melina/corpus/01_now_dataset/02_now_text/text_11-06-hld/11-06-pk.txt
2026-08-28 16:30:27,306 INFO No matches found in 11-06-sg.txt; skipping output file
2026-08-28 16:30:27,311 INFO No matches found in 11-06-tz.txt; skipping output file
2026-08-28 16:30:27,971 INFO Wrote 20 matching line(s) to /home/eyamrog/PycharmProjects/cl_st1_melina/cl_st1_ph1_melina/corpus/01_now_dataset/02_now_text/text_11-06-hld/11-06-us.txt
2026-08-28 16:30:28,052 INFO Wrote 1 matching line(s) to /home/eyamrog/PycharmProjects/cl_st1_melina/cl_st1_ph1_melina/corpus/01_now_dataset/02_now_text/text_11-06-hld/11-06-za.txt
2026-08-28 16:30:28,169 INFO Wrote 6 matching line(s) to /home/eyamrog/PycharmProjects/cl_st1_melina/cl_st1_ph1_melina/corpus/01_now_dataset/02_now_text/text_11-07-mpk/11-07-au.txt
2026-08-28 16:30:28,177 INFO No matches found in 11-07-bd.txt; skipping output file
2026-08-28 16:30:28,525 INFO Wrote 14 matching line(s) to /home/eyamrog/PycharmProjects/cl_st1_melina/cl_st1_ph1_melina/corpus/01_now_dataset/02_now_text/text_11-07-mpk/11-07-ca.txt
2026-08-28 16:30:28,986 INFO Wrote 13 matching line(s) to /home/eyamrog/PycharmProjects/cl_st1_melina/cl_st1_ph1_melina/corpus/01_now_dataset/02_now_text/text_11-07-mpk/11-07-gb.txt
2026-08-28 16:30:28,998 INFO No matches found in 11-07-gh.txt; skipping output file
2026-08-28 16:30:29,004 INFO No matches found in 11-07-hk.txt; skipping output file
2026-08-28 16:30:29,067 INFO Wrote 6 matching line(s) to /home/eyamrog/PycharmProjects/cl_st1_melina/cl_st1_ph1_melina/corpus/01_now_dataset/02_now_text/text_11-07-mpk/11-07-ie.txt
2026-08-28 16:30:29,397 INFO Wrote 2 matching line(s) to /home/eyamrog/PycharmProjects/cl_st1_melina/cl_st1_ph1_melina/corpus/01_now_dataset/02_now_text/text_11-07-mpk/11-07-in.txt
2026-08-28 16:30:29,423 INFO Wrote 1 matching line(s) to /home/eyamrog/PycharmProjects/cl_st1_melina/cl_st1_ph1_melina/corpus/01_now_dataset/02_now_text/text_11-07-mpk/11-07-jm.txt
2026-08-28 16:30:29,426 INFO No matches found in 11-07-ke.txt; skipping output file
2026-08-28 16:30:29,441 INFO No matches found in 11-07-lk.txt; skipping output file
2026-08-28 16:30:29,446 INFO No matches found in 11-07-my.txt; skipping output file
2026-08-28 16:30:29,478 INFO No matches found in 11-07-ng.txt; skipping output file
2026-08-28 16:30:29,526 INFO No matches found in 11-07-nz.txt; skipping output file
2026-08-28 16:30:29,562 INFO No matches found in 11-07-ph.txt; skipping output file
2026-08-28 16:30:29,598 INFO Wrote 1 matching line(s) to /home/eyamrog/PycharmProjects/cl_st1_melina/cl_st1_ph1_melina/corpus/01_now_dataset/02_now_text/text_11-07-mpk/11-07-pk.txt
2026-08-28 16:30:29,611 INFO No matches found in 11-07-sg.txt; skipping output file
2026-08-28 16:30:29,616 INFO No matches found in 11-07-tz.txt; skipping output file
2026-08-28 16:30:30,215 INFO Wrote 17 matching line(s) to /home/eyamrog/PycharmProjects/cl_st1_melina/cl_st1_ph1_melina/corpus/01_now_dataset/02_now_text/text_11-07-mpk/11-07-us.txt
2026-08-28 16:30:30,315 INFO No matches found in 11-07-za.txt; skipping output file
2026-08-28 16:30:30,441 INFO Wrote 3 matching line(s) to /home/eyamrog/PycharmProjects/cl_st1_melina/cl_st1_ph1_melina/corpus/01_now_dataset/02_now_text/text_11-08-lag/11-08-au.txt
2026-08-28 16:30:30,448 INFO No matches found in 11-08-bd.txt; skipping output file
2026-08-28 16:30:30,834 INFO Wrote 4 matching line(s) to /home/eyamrog/PycharmProjects/cl_st1_melina/cl_st1_ph1_melina/corpus/01_now_dataset/02_now_text/text_11-08-lag/11-08-ca.txt
2026-08-28 16:30:31,317 INFO Wrote 20 matching line(s) to /home/eyamrog/PycharmProjects/cl_st1_melina/cl_st1_ph1_melina/corpus/01_now_dataset/02_now_text/text_11-08-lag/11-08-gb.txt
2026-08-28 16:30:31,335 INFO Wrote 1 matching line(s) to /home/eyamrog/PycharmProjects/cl_st1_melina/cl_st1_ph1_melina/corpus/01_now_dataset/02_now_text/text_11-08-lag/11-08-gh.txt
2026-08-28 16:30:31,341 INFO No matches found in 11-08-hk.txt; skipping output file
2026-08-28 16:30:31,409 INFO No matches found in 11-08-ie.txt; skipping output file
2026-08-28 16:30:31,735 INFO Wrote 1 matching line(s) to /home/eyamrog/PycharmProjects/cl_st1_melina/cl_st1_ph1_melina/corpus/01_now_dataset/02_now_text/text_11-08-lag/11-08-in.txt
2026-08-28 16:30:31,758 INFO No matches found in 11-08-jm.txt; skipping output file
2026-08-28 16:30:31,764 INFO No matches found in 11-08-ke.txt; skipping output file
2026-08-28 16:30:31,777 INFO No matches found in 11-08-lk.txt; skipping output file
2026-08-28 16:30:31,783 INFO No matches found in 11-08-my.txt; skipping output file
2026-08-28 16:30:31,819 INFO No matches found in 11-08-ng.txt; skipping output file
2026-08-28 16:30:31,881 INFO No matches found in 11-08-nz.txt; skipping output file
2026-08-28 16:30:31,922 INFO No matches found in 11-08-ph.txt; skipping output file
2026-08-28 16:30:31,964 INFO Wrote 1 matching line(s) to /home/eyamrog/PycharmProjects/cl_st1_melina/cl_st1_ph1_melina/corpus/01_now_dataset/02_now_text/text_11-08-lag/11-08-pk.txt
2026-08-28 16:30:31,979 INFO No matches found in 11-08-sg.txt; skipping output file
2026-08-28 16:30:31,984 INFO No matches found in 11-08-tz.txt; skipping output file
2026-08-28 16:30:33,057 INFO Wrote 20 matching line(s) to /home/eyamrog/PycharmProjects/cl_st1_melina/cl_st1_ph1_melina/corpus/01_now_dataset/02_now_text/text_11-08-lag/11-08-us.txt
2026-08-28 16:30:33,237 INFO Wrote 3 matching line(s) to /home/eyamrog/PycharmProjects/cl_st1_melina/cl_st1_ph1_melina/corpus/01_now_dataset/02_now_text/text_11-08-lag/11-08-za.txt
2026-08-28 16:30:33,483 INFO Wrote 6 matching line(s) to /home/eyamrog/PycharmProjects/cl_st1_melina/cl_st1_ph1_melina/corpus/01_now_dataset/02_now_text/text_11-09-ptj/11-09-au.txt
2026-08-28 16:30:33,495 INFO Wrote 1 matching line(s) to /home/eyamrog/PycharmProjects/cl_st1_melina/cl_st1_ph1_melina/corpus/01_now_dataset/02_now_text/text_11-09-ptj/11-09-bd.txt
2026-08-28 16:30:34,102 INFO Wrote 18 matching line(s) to /home/eyamrog/PycharmProjects/cl_st1_melina/cl_st1_ph1_melina/corpus/01_now_dataset/02_now_text/text_11-09-ptj/11-09-ca.txt
2026-08-28 16:30:34,659 INFO Wrote 29 matching line(s) to /home/eyamrog/PycharmProjects/cl_st1_melina/cl_st1_ph1_melina/corpus/01_now_dataset/02_now_text/text_11-09-ptj/11-09-gb.txt
2026-08-28 16:30:34,672 INFO No matches found in 11-09-gh.txt; skipping output file
2026-08-28 16:30:34,677 INFO No matches found in 11-09-hk.txt; skipping output file
2026-08-28 16:30:34,742 INFO No matches found in 11-09-ie.txt; skipping output file
2026-08-28 16:30:35,054 INFO Wrote 3 matching line(s) to /home/eyamrog/PycharmProjects/cl_st1_melina/cl_st1_ph1_melina/corpus/01_now_dataset/02_now_text/text_11-09-ptj/11-09-in.txt
2026-08-28 16:30:35,078 INFO No matches found in 11-09-jm.txt; skipping output file
2026-08-28 16:30:35,083 INFO No matches found in 11-09-ke.txt; skipping output file
2026-08-28 16:30:35,097 INFO Wrote 1 matching line(s) to /home/eyamrog/PycharmProjects/cl_st1_melina/cl_st1_ph1_melina/corpus/01_now_dataset/02_now_text/text_11-09-ptj/11-09-lk.txt
2026-08-28 16:30:35,103 INFO No matches found in 11-09-my.txt; skipping output file
2026-08-28 16:30:35,139 INFO Wrote 1 matching line(s) to /home/eyamrog/PycharmProjects/cl_st1_melina/cl_st1_ph1_melina/corpus/01_now_dataset/02_now_text/text_11-09-ptj/11-09-ng.txt
2026-08-28 16:30:35,190 INFO No matches found in 11-09-nz.txt; skipping output file
2026-08-28 16:30:35,237 INFO No matches found in 11-09-ph.txt; skipping output file
2026-08-28 16:30:35,278 INFO Wrote 1 matching line(s) to /home/eyamrog/PycharmProjects/cl_st1_melina/cl_st1_ph1_melina/corpus/01_now_dataset/02_now_text/text_11-09-ptj/11-09-pk.txt
2026-08-28 16:30:35,293 INFO No matches found in 11-09-sg.txt; skipping output file
2026-08-28 16:30:35,299 INFO No matches found in 11-09-tz.txt; skipping output file
2026-08-28 16:30:35,937 INFO Wrote 40 matching line(s) to /home/eyamrog/PycharmProjects/cl_st1_melina/cl_st1_ph1_melina/corpus/01_now_dataset/02_now_text/text_11-09-ptj/11-09-us.txt
2026-08-28 16:30:36,035 INFO No matches found in 11-09-za.txt; skipping output file
2026-08-28 16:30:36,168 INFO Wrote 5 matching line(s) to /home/eyamrog/PycharmProjects/cl_st1_melina/cl_st1_ph1_melina/corpus/01_now_dataset/02_now_text/text_11-10-qsy/11-10-au.txt
2026-08-28 16:30:36,177 INFO No matches found in 11-10-bd.txt; skipping output file
2026-08-28 16:30:36,603 INFO Wrote 12 matching line(s) to /home/eyamrog/PycharmProjects/cl_st1_melina/cl_st1_ph1_melina/corpus/01_now_dataset/02_now_text/text_11-10-qsy/11-10-ca.txt
2026-08-28 16:30:37,046 INFO Wrote 15 matching line(s) to /home/eyamrog/PycharmProjects/cl_st1_melina/cl_st1_ph1_melina/corpus/01_now_dataset/02_now_text/text_11-10-qsy/11-10-gb.txt
2026-08-28 16:30:37,059 INFO No matches found in 11-10-gh.txt; skipping output file
2026-08-28 16:30:37,063 INFO No matches found in 11-10-hk.txt; skipping output file
2026-08-28 16:30:37,130 INFO Wrote 1 matching line(s) to /home/eyamrog/PycharmProjects/cl_st1_melina/cl_st1_ph1_melina/corpus/01_now_dataset/02_now_text/text_11-10-qsy/11-10-ie.txt
2026-08-28 16:30:37,414 INFO Wrote 4 matching line(s) to /home/eyamrog/PycharmProjects/cl_st1_melina/cl_st1_ph1_melina/corpus/01_now_dataset/02_now_text/text_11-10-qsy/11-10-in.txt
2026-08-28 16:30:37,439 INFO No matches found in 11-10-jm.txt; skipping output file
2026-08-28 16:30:37,444 INFO No matches found in 11-10-ke.txt; skipping output file
2026-08-28 16:30:37,462 INFO No matches found in 11-10-lk.txt; skipping output file
2026-08-28 16:30:37,469 INFO No matches found in 11-10-my.txt; skipping output file
2026-08-28 16:30:37,511 INFO No matches found in 11-10-ng.txt; skipping output file
2026-08-28 16:30:37,568 INFO Wrote 2 matching line(s) to /home/eyamrog/PycharmProjects/cl_st1_melina/cl_st1_ph1_melina/corpus/01_now_dataset/02_now_text/text_11-10-qsy/11-10-nz.txt
2026-08-28 16:30:37,607 INFO No matches found in 11-10-ph.txt; skipping output file
2026-08-28 16:30:37,647 INFO Wrote 1 matching line(s) to /home/eyamrog/PycharmProjects/cl_st1_melina/cl_st1_ph1_melina/corpus/01_now_dataset/02_now_text/text_11-10-qsy/11-10-pk.txt
2026-08-28 16:30:37,659 INFO No matches found in 11-10-sg.txt; skipping output file
2026-08-28 16:30:37,663 INFO No matches found in 11-10-tz.txt; skipping output file
2026-08-28 16:30:38,272 INFO Wrote 23 matching line(s) to /home/eyamrog/PycharmProjects/cl_st1_melina/cl_st1_ph1_melina/corpus/01_now_dataset/02_now_text/text_11-10-qsy/11-10-us.txt
2026-08-28 16:30:38,373 INFO Wrote 1 matching line(s) to /home/eyamrog/PycharmProjects/cl_st1_melina/cl_st1_ph1_melina/corpus/01_now_dataset/02_now_text/text_11-10-qsy/11-10-za.txt
2026-08-28 16:30:38,493 INFO Wrote 4 matching line(s) to /home/eyamrog/PycharmProjects/cl_st1_melina/cl_st1_ph1_melina/corpus/01_now_dataset/02_now_text/text_11-11-rst/11-11-au.txt
2026-08-28 16:30:38,498 INFO No matches found in 11-11-bd.txt; skipping output file
2026-08-28 16:30:38,957 INFO Wrote 14 matching line(s) to /home/eyamrog/PycharmProjects/cl_st1_melina/cl_st1_ph1_melina/corpus/01_now_dataset/02_now_text/text_11-11-rst/11-11-ca.txt
2026-08-28 16:30:39,375 INFO Wrote 12 matching line(s) to /home/eyamrog/PycharmProjects/cl_st1_melina/cl_st1_ph1_melina/corpus/01_now_dataset/02_now_text/text_11-11-rst/11-11-gb.txt
2026-08-28 16:30:39,385 INFO No matches found in 11-11-gh.txt; skipping output file
2026-08-28 16:30:39,390 INFO No matches found in 11-11-hk.txt; skipping output file
2026-08-28 16:30:39,448 INFO Wrote 6 matching line(s) to /home/eyamrog/PycharmProjects/cl_st1_melina/cl_st1_ph1_melina/corpus/01_now_dataset/02_now_text/text_11-11-rst/11-11-ie.txt
2026-08-28 16:30:39,710 INFO Wrote 2 matching line(s) to /home/eyamrog/PycharmProjects/cl_st1_melina/cl_st1_ph1_melina/corpus/01_now_dataset/02_now_text/text_11-11-rst/11-11-in.txt
2026-08-28 16:30:39,733 INFO No matches found in 11-11-jm.txt; skipping output file
2026-08-28 16:30:39,739 INFO No matches found in 11-11-ke.txt; skipping output file
2026-08-28 16:30:39,754 INFO No matches found in 11-11-lk.txt; skipping output file
2026-08-28 16:30:39,763 INFO No matches found in 11-11-my.txt; skipping output file
2026-08-28 16:30:39,801 INFO No matches found in 11-11-ng.txt; skipping output file
2026-08-28 16:30:39,857 INFO Wrote 1 matching line(s) to /home/eyamrog/PycharmProjects/cl_st1_melina/cl_st1_ph1_melina/corpus/01_now_dataset/02_now_text/text_11-11-rst/11-11-nz.txt
2026-08-28 16:30:39,892 INFO Wrote 1 matching line(s) to /home/eyamrog/PycharmProjects/cl_st1_melina/cl_st1_ph1_melina/corpus/01_now_dataset/02_now_text/text_11-11-rst/11-11-ph.txt
2026-08-28 16:30:39,921 INFO Wrote 2 matching line(s) to /home/eyamrog/PycharmProjects/cl_st1_melina/cl_st1_ph1_melina/corpus/01_now_dataset/02_now_text/text_11-11-rst/11-11-pk.txt
2026-08-28 16:30:39,932 INFO No matches found in 11-11-sg.txt; skipping output file
2026-08-28 16:30:39,937 INFO No matches found in 11-11-tz.txt; skipping output file
2026-08-28 16:30:40,557 INFO Wrote 18 matching line(s) to /home/eyamrog/PycharmProjects/cl_st1_melina/cl_st1_ph1_melina/corpus/01_now_dataset/02_now_text/text_11-11-rst/11-11-us.txt
2026-08-28 16:30:40,658 INFO No matches found in 11-11-za.txt; skipping output file
2026-08-28 16:30:40,739 INFO Wrote 2 matching line(s) to /home/eyamrog/PycharmProjects/cl_st1_melina/cl_st1_ph1_melina/corpus/01_now_dataset/02_now_text/text_11-12-dxg/11-12-au.txt
2026-08-28 16:30:40,747 INFO No matches found in 11-12-bd.txt; skipping output file
2026-08-28 16:30:41,185 INFO Wrote 6 matching line(s) to /home/eyamrog/PycharmProjects/cl_st1_melina/cl_st1_ph1_melina/corpus/01_now_dataset/02_now_text/text_11-12-dxg/11-12-ca.txt
2026-08-28 16:30:41,551 INFO Wrote 14 matching line(s) to /home/eyamrog/PycharmProjects/cl_st1_melina/cl_st1_ph1_melina/corpus/01_now_dataset/02_now_text/text_11-12-dxg/11-12-gb.txt
2026-08-28 16:30:41,563 INFO Wrote 1 matching line(s) to /home/eyamrog/PycharmProjects/cl_st1_melina/cl_st1_ph1_melina/corpus/01_now_dataset/02_now_text/text_11-12-dxg/11-12-gh.txt
2026-08-28 16:30:41,572 INFO No matches found in 11-12-hk.txt; skipping output file
2026-08-28 16:30:41,617 INFO No matches found in 11-12-ie.txt; skipping output file
2026-08-28 16:30:41,883 INFO Wrote 3 matching line(s) to /home/eyamrog/PycharmProjects/cl_st1_melina/cl_st1_ph1_melina/corpus/01_now_dataset/02_now_text/text_11-12-dxg/11-12-in.txt
2026-08-28 16:30:41,902 INFO Wrote 4 matching line(s) to /home/eyamrog/PycharmProjects/cl_st1_melina/cl_st1_ph1_melina/corpus/01_now_dataset/02_now_text/text_11-12-dxg/11-12-jm.txt
2026-08-28 16:30:41,908 INFO No matches found in 11-12-ke.txt; skipping output file
2026-08-28 16:30:41,921 INFO Wrote 1 matching line(s) to /home/eyamrog/PycharmProjects/cl_st1_melina/cl_st1_ph1_melina/corpus/01_now_dataset/02_now_text/text_11-12-dxg/11-12-lk.txt
2026-08-28 16:30:41,936 INFO Wrote 1 matching line(s) to /home/eyamrog/PycharmProjects/cl_st1_melina/cl_st1_ph1_melina/corpus/01_now_dataset/02_now_text/text_11-12-dxg/11-12-my.txt
2026-08-28 16:30:41,984 INFO No matches found in 11-12-ng.txt; skipping output file
2026-08-28 16:30:42,030 INFO Wrote 1 matching line(s) to /home/eyamrog/PycharmProjects/cl_st1_melina/cl_st1_ph1_melina/corpus/01_now_dataset/02_now_text/text_11-12-dxg/11-12-nz.txt
2026-08-28 16:30:42,061 INFO No matches found in 11-12-ph.txt; skipping output file
2026-08-28 16:30:42,113 INFO Wrote 1 matching line(s) to /home/eyamrog/PycharmProjects/cl_st1_melina/cl_st1_ph1_melina/corpus/01_now_dataset/02_now_text/text_11-12-dxg/11-12-pk.txt
2026-08-28 16:30:42,125 INFO No matches found in 11-12-sg.txt; skipping output file
2026-08-28 16:30:42,130 INFO No matches found in 11-12-tz.txt; skipping output file
2026-08-28 16:30:42,736 INFO Wrote 10 matching line(s) to /home/eyamrog/PycharmProjects/cl_st1_melina/cl_st1_ph1_melina/corpus/01_now_dataset/02_now_text/text_11-12-dxg/11-12-us.txt
2026-08-28 16:30:42,821 INFO Wrote 3 matching line(s) to /home/eyamrog/PycharmProjects/cl_st1_melina/cl_st1_ph1_melina/corpus/01_now_dataset/02_now_text/text_11-12-dxg/11-12-za.txt
2026-08-28 16:30:42,926 INFO No matches found in 12-01-au.txt; skipping output file
2026-08-28 16:30:42,935 INFO No matches found in 12-01-bd.txt; skipping output file
2026-08-28 16:30:43,427 INFO Wrote 6 matching line(s) to /home/eyamrog/PycharmProjects/cl_st1_melina/cl_st1_ph1_melina/corpus/01_now_dataset/02_now_text/text_12-01-jgs/12-01-ca.txt
2026-08-28 16:30:43,925 INFO Wrote 20 matching line(s) to /home/eyamrog/PycharmProjects/cl_st1_melina/cl_st1_ph1_melina/corpus/01_now_dataset/02_now_text/text_12-01-jgs/12-01-gb.txt
2026-08-28 16:30:43,939 INFO No matches found in 12-01-gh.txt; skipping output file
2026-08-28 16:30:43,943 INFO No matches found in 12-01-hk.txt; skipping output file
2026-08-28 16:30:44,010 INFO No matches found in 12-01-ie.txt; skipping output file
2026-08-28 16:30:44,334 INFO Wrote 5 matching line(s) to /home/eyamrog/PycharmProjects/cl_st1_melina/cl_st1_ph1_melina/corpus/01_now_dataset/02_now_text/text_12-01-jgs/12-01-in.txt
2026-08-28 16:30:44,356 INFO Wrote 3 matching line(s) to /home/eyamrog/PycharmProjects/cl_st1_melina/cl_st1_ph1_melina/corpus/01_now_dataset/02_now_text/text_12-01-jgs/12-01-jm.txt
2026-08-28 16:30:44,367 INFO No matches found in 12-01-ke.txt; skipping output file
2026-08-28 16:30:44,384 INFO Wrote 2 matching line(s) to /home/eyamrog/PycharmProjects/cl_st1_melina/cl_st1_ph1_melina/corpus/01_now_dataset/02_now_text/text_12-01-jgs/12-01-lk.txt
2026-08-28 16:30:44,405 INFO Wrote 1 matching line(s) to /home/eyamrog/PycharmProjects/cl_st1_melina/cl_st1_ph1_melina/corpus/01_now_dataset/02_now_text/text_12-01-jgs/12-01-my.txt
2026-08-28 16:30:44,442 INFO No matches found in 12-01-ng.txt; skipping output file
2026-08-28 16:30:44,496 INFO No matches found in 12-01-nz.txt; skipping output file
2026-08-28 16:30:44,530 INFO No matches found in 12-01-ph.txt; skipping output file
2026-08-28 16:30:44,601 INFO No matches found in 12-01-pk.txt; skipping output file
2026-08-28 16:30:44,616 INFO No matches found in 12-01-sg.txt; skipping output file
2026-08-28 16:30:44,621 INFO No matches found in 12-01-tz.txt; skipping output file
2026-08-28 16:30:45,468 INFO Wrote 22 matching line(s) to /home/eyamrog/PycharmProjects/cl_st1_melina/cl_st1_ph1_melina/corpus/01_now_dataset/02_now_text/text_12-01-jgs/12-01-us.txt
2026-08-28 16:30:45,609 INFO Wrote 7 matching line(s) to /home/eyamrog/PycharmProjects/cl_st1_melina/cl_st1_ph1_melina/corpus/01_now_dataset/02_now_text/text_12-01-jgs/12-01-za.txt
2026-08-28 16:30:45,759 INFO Wrote 1 matching line(s) to /home/eyamrog/PycharmProjects/cl_st1_melina/cl_st1_ph1_melina/corpus/01_now_dataset/02_now_text/text_12-02-eig/12-02-au.txt
2026-08-28 16:30:45,768 INFO No matches found in 12-02-bd.txt; skipping output file
2026-08-28 16:30:46,286 INFO Wrote 17 matching line(s) to /home/eyamrog/PycharmProjects/cl_st1_melina/cl_st1_ph1_melina/corpus/01_now_dataset/02_now_text/text_12-02-eig/12-02-ca.txt
2026-08-28 16:30:46,731 INFO Wrote 23 matching line(s) to /home/eyamrog/PycharmProjects/cl_st1_melina/cl_st1_ph1_melina/corpus/01_now_dataset/02_now_text/text_12-02-eig/12-02-gb.txt
2026-08-28 16:30:46,743 INFO No matches found in 12-02-gh.txt; skipping output file
2026-08-28 16:30:46,747 INFO No matches found in 12-02-hk.txt; skipping output file
2026-08-28 16:30:46,817 INFO Wrote 1 matching line(s) to /home/eyamrog/PycharmProjects/cl_st1_melina/cl_st1_ph1_melina/corpus/01_now_dataset/02_now_text/text_12-02-eig/12-02-ie.txt
2026-08-28 16:30:47,116 INFO Wrote 2 matching line(s) to /home/eyamrog/PycharmProjects/cl_st1_melina/cl_st1_ph1_melina/corpus/01_now_dataset/02_now_text/text_12-02-eig/12-02-in.txt
2026-08-28 16:30:47,138 INFO No matches found in 12-02-jm.txt; skipping output file
2026-08-28 16:30:47,152 INFO No matches found in 12-02-ke.txt; skipping output file
2026-08-28 16:30:47,165 INFO Wrote 1 matching line(s) to /home/eyamrog/PycharmProjects/cl_st1_melina/cl_st1_ph1_melina/corpus/01_now_dataset/02_now_text/text_12-02-eig/12-02-lk.txt
2026-08-28 16:30:47,180 INFO Wrote 1 matching line(s) to /home/eyamrog/PycharmProjects/cl_st1_melina/cl_st1_ph1_melina/corpus/01_now_dataset/02_now_text/text_12-02-eig/12-02-my.txt
2026-08-28 16:30:47,220 INFO No matches found in 12-02-ng.txt; skipping output file
2026-08-28 16:30:47,281 INFO No matches found in 12-02-nz.txt; skipping output file
2026-08-28 16:30:47,323 INFO No matches found in 12-02-ph.txt; skipping output file
2026-08-28 16:30:47,409 INFO No matches found in 12-02-pk.txt; skipping output file
2026-08-28 16:30:47,427 INFO No matches found in 12-02-sg.txt; skipping output file
2026-08-28 16:30:47,433 INFO No matches found in 12-02-tz.txt; skipping output file
2026-08-28 16:30:48,363 INFO Wrote 8 matching line(s) to /home/eyamrog/PycharmProjects/cl_st1_melina/cl_st1_ph1_melina/corpus/01_now_dataset/02_now_text/text_12-02-eig/12-02-us.txt
2026-08-28 16:30:48,526 INFO Wrote 3 matching line(s) to /home/eyamrog/PycharmProjects/cl_st1_melina/cl_st1_ph1_melina/corpus/01_now_dataset/02_now_text/text_12-02-eig/12-02-za.txt
2026-08-28 16:30:48,718 INFO Wrote 3 matching line(s) to /home/eyamrog/PycharmProjects/cl_st1_melina/cl_st1_ph1_melina/corpus/01_now_dataset/02_now_text/text_12-03-hge/12-03-au.txt
2026-08-28 16:30:48,728 INFO No matches found in 12-03-bd.txt; skipping output file
2026-08-28 16:30:49,327 INFO Wrote 16 matching line(s) to /home/eyamrog/PycharmProjects/cl_st1_melina/cl_st1_ph1_melina/corpus/01_now_dataset/02_now_text/text_12-03-hge/12-03-ca.txt
2026-08-28 16:30:49,835 INFO Wrote 20 matching line(s) to /home/eyamrog/PycharmProjects/cl_st1_melina/cl_st1_ph1_melina/corpus/01_now_dataset/02_now_text/text_12-03-hge/12-03-gb.txt
2026-08-28 16:30:49,849 INFO No matches found in 12-03-gh.txt; skipping output file
2026-08-28 16:30:49,857 INFO No matches found in 12-03-hk.txt; skipping output file
2026-08-28 16:30:49,932 INFO Wrote 2 matching line(s) to /home/eyamrog/PycharmProjects/cl_st1_melina/cl_st1_ph1_melina/corpus/01_now_dataset/02_now_text/text_12-03-hge/12-03-ie.txt
2026-08-28 16:30:50,223 INFO Wrote 9 matching line(s) to /home/eyamrog/PycharmProjects/cl_st1_melina/cl_st1_ph1_melina/corpus/01_now_dataset/02_now_text/text_12-03-hge/12-03-in.txt
2026-08-28 16:30:50,250 INFO No matches found in 12-03-jm.txt; skipping output file
2026-08-28 16:30:50,263 INFO Wrote 1 matching line(s) to /home/eyamrog/PycharmProjects/cl_st1_melina/cl_st1_ph1_melina/corpus/01_now_dataset/02_now_text/text_12-03-hge/12-03-ke.txt
2026-08-28 16:30:50,274 INFO Wrote 1 matching line(s) to /home/eyamrog/PycharmProjects/cl_st1_melina/cl_st1_ph1_melina/corpus/01_now_dataset/02_now_text/text_12-03-hge/12-03-lk.txt
2026-08-28 16:30:50,298 INFO No matches found in 12-03-my.txt; skipping output file
2026-08-28 16:30:50,339 INFO No matches found in 12-03-ng.txt; skipping output file
2026-08-28 16:30:50,409 INFO No matches found in 12-03-nz.txt; skipping output file
2026-08-28 16:30:50,454 INFO No matches found in 12-03-ph.txt; skipping output file
2026-08-28 16:30:50,509 INFO No matches found in 12-03-pk.txt; skipping output file
2026-08-28 16:30:50,524 INFO No matches found in 12-03-sg.txt; skipping output file
2026-08-28 16:30:50,532 INFO No matches found in 12-03-tz.txt; skipping output file
2026-08-28 16:30:51,183 INFO Wrote 16 matching line(s) to /home/eyamrog/PycharmProjects/cl_st1_melina/cl_st1_ph1_melina/corpus/01_now_dataset/02_now_text/text_12-03-hge/12-03-us.txt
2026-08-28 16:30:51,318 INFO Wrote 4 matching line(s) to /home/eyamrog/PycharmProjects/cl_st1_melina/cl_st1_ph1_melina/corpus/01_now_dataset/02_now_text/text_12-03-hge/12-03-za.txt
2026-08-28 16:30:51,468 INFO Wrote 3 matching line(s) to /home/eyamrog/PycharmProjects/cl_st1_melina/cl_st1_ph1_melina/corpus/01_now_dataset/02_now_text/text_12-04-qzl/12-04-au.txt
2026-08-28 16:30:51,478 INFO No matches found in 12-04-bd.txt; skipping output file
2026-08-28 16:30:51,988 INFO Wrote 14 matching line(s) to /home/eyamrog/PycharmProjects/cl_st1_melina/cl_st1_ph1_melina/corpus/01_now_dataset/02_now_text/text_12-04-qzl/12-04-ca.txt
2026-08-28 16:30:52,447 INFO Wrote 6 matching line(s) to /home/eyamrog/PycharmProjects/cl_st1_melina/cl_st1_ph1_melina/corpus/01_now_dataset/02_now_text/text_12-04-qzl/12-04-gb.txt
2026-08-28 16:30:52,458 INFO No matches found in 12-04-gh.txt; skipping output file
2026-08-28 16:30:52,462 INFO No matches found in 12-04-hk.txt; skipping output file
2026-08-28 16:30:52,528 INFO No matches found in 12-04-ie.txt; skipping output file
2026-08-28 16:30:52,828 INFO Wrote 5 matching line(s) to /home/eyamrog/PycharmProjects/cl_st1_melina/cl_st1_ph1_melina/corpus/01_now_dataset/02_now_text/text_12-04-qzl/12-04-in.txt
2026-08-28 16:30:52,852 INFO No matches found in 12-04-jm.txt; skipping output file
2026-08-28 16:30:52,867 INFO Wrote 1 matching line(s) to /home/eyamrog/PycharmProjects/cl_st1_melina/cl_st1_ph1_melina/corpus/01_now_dataset/02_now_text/text_12-04-qzl/12-04-ke.txt
2026-08-28 16:30:52,880 INFO No matches found in 12-04-lk.txt; skipping output file
2026-08-28 16:30:52,907 INFO No matches found in 12-04-my.txt; skipping output file
2026-08-28 16:30:52,956 INFO No matches found in 12-04-ng.txt; skipping output file
2026-08-28 16:30:53,027 INFO Wrote 1 matching line(s) to /home/eyamrog/PycharmProjects/cl_st1_melina/cl_st1_ph1_melina/corpus/01_now_dataset/02_now_text/text_12-04-qzl/12-04-nz.txt
2026-08-28 16:30:53,071 INFO No matches found in 12-04-ph.txt; skipping output file
2026-08-28 16:30:53,126 INFO No matches found in 12-04-pk.txt; skipping output file
2026-08-28 16:30:53,141 INFO No matches found in 12-04-sg.txt; skipping output file
2026-08-28 16:30:53,148 INFO No matches found in 12-04-tz.txt; skipping output file
2026-08-28 16:30:53,998 INFO Wrote 21 matching line(s) to /home/eyamrog/PycharmProjects/cl_st1_melina/cl_st1_ph1_melina/corpus/01_now_dataset/02_now_text/text_12-04-qzl/12-04-us.txt
2026-08-28 16:30:54,146 INFO Wrote 1 matching line(s) to /home/eyamrog/PycharmProjects/cl_st1_melina/cl_st1_ph1_melina/corpus/01_now_dataset/02_now_text/text_12-04-qzl/12-04-za.txt
2026-08-28 16:30:54,322 INFO Wrote 3 matching line(s) to /home/eyamrog/PycharmProjects/cl_st1_melina/cl_st1_ph1_melina/corpus/01_now_dataset/02_now_text/text_12-05-qvg/12-05-au.txt
2026-08-28 16:30:54,334 INFO No matches found in 12-05-bd.txt; skipping output file
2026-08-28 16:30:54,934 INFO Wrote 11 matching line(s) to /home/eyamrog/PycharmProjects/cl_st1_melina/cl_st1_ph1_melina/corpus/01_now_dataset/02_now_text/text_12-05-qvg/12-05-ca.txt
2026-08-28 16:30:55,442 INFO Wrote 13 matching line(s) to /home/eyamrog/PycharmProjects/cl_st1_melina/cl_st1_ph1_melina/corpus/01_now_dataset/02_now_text/text_12-05-qvg/12-05-gb.txt
2026-08-28 16:30:55,455 INFO No matches found in 12-05-gh.txt; skipping output file
2026-08-28 16:30:55,463 INFO No matches found in 12-05-hk.txt; skipping output file
2026-08-28 16:30:55,540 INFO No matches found in 12-05-ie.txt; skipping output file
2026-08-28 16:30:55,869 INFO Wrote 4 matching line(s) to /home/eyamrog/PycharmProjects/cl_st1_melina/cl_st1_ph1_melina/corpus/01_now_dataset/02_now_text/text_12-05-qvg/12-05-in.txt
2026-08-28 16:30:55,893 INFO No matches found in 12-05-jm.txt; skipping output file
2026-08-28 16:30:55,910 INFO No matches found in 12-05-ke.txt; skipping output file
2026-08-28 16:30:55,920 INFO No matches found in 12-05-lk.txt; skipping output file
2026-08-28 16:30:55,947 INFO No matches found in 12-05-my.txt; skipping output file
2026-08-28 16:30:55,998 INFO No matches found in 12-05-ng.txt; skipping output file
2026-08-28 16:30:56,078 INFO Wrote 1 matching line(s) to /home/eyamrog/PycharmProjects/cl_st1_melina/cl_st1_ph1_melina/corpus/01_now_dataset/02_now_text/text_12-05-qvg/12-05-nz.txt
2026-08-28 16:30:56,133 INFO No matches found in 12-05-ph.txt; skipping output file
2026-08-28 16:30:56,194 INFO Wrote 1 matching line(s) to /home/eyamrog/PycharmProjects/cl_st1_melina/cl_st1_ph1_melina/corpus/01_now_dataset/02_now_text/text_12-05-qvg/12-05-pk.txt
2026-08-28 16:30:56,209 INFO No matches found in 12-05-sg.txt; skipping output file
2026-08-28 16:30:56,216 INFO No matches found in 12-05-tz.txt; skipping output file
2026-08-28 16:30:56,909 INFO Wrote 15 matching line(s) to /home/eyamrog/PycharmProjects/cl_st1_melina/cl_st1_ph1_melina/corpus/01_now_dataset/02_now_text/text_12-05-qvg/12-05-us.txt
2026-08-28 16:30:57,070 INFO Wrote 1 matching line(s) to /home/eyamrog/PycharmProjects/cl_st1_melina/cl_st1_ph1_melina/corpus/01_now_dataset/02_now_text/text_12-05-qvg/12-05-za.txt
2026-08-28 16:30:57,230 INFO Wrote 1 matching line(s) to /home/eyamrog/PycharmProjects/cl_st1_melina/cl_st1_ph1_melina/corpus/01_now_dataset/02_now_text/text_12-06-ury/12-06-au.txt
2026-08-28 16:30:57,239 INFO No matches found in 12-06-bd.txt; skipping output file
2026-08-28 16:30:57,774 INFO Wrote 14 matching line(s) to /home/eyamrog/PycharmProjects/cl_st1_melina/cl_st1_ph1_melina/corpus/01_now_dataset/02_now_text/text_12-06-ury/12-06-ca.txt
2026-08-28 16:30:58,210 INFO Wrote 15 matching line(s) to /home/eyamrog/PycharmProjects/cl_st1_melina/cl_st1_ph1_melina/corpus/01_now_dataset/02_now_text/text_12-06-ury/12-06-gb.txt
2026-08-28 16:30:58,221 INFO No matches found in 12-06-gh.txt; skipping output file
2026-08-28 16:30:58,227 INFO No matches found in 12-06-hk.txt; skipping output file
2026-08-28 16:30:58,300 INFO No matches found in 12-06-ie.txt; skipping output file
2026-08-28 16:30:58,588 INFO Wrote 3 matching line(s) to /home/eyamrog/PycharmProjects/cl_st1_melina/cl_st1_ph1_melina/corpus/01_now_dataset/02_now_text/text_12-06-ury/12-06-in.txt
2026-08-28 16:30:58,610 INFO No matches found in 12-06-jm.txt; skipping output file
2026-08-28 16:30:58,626 INFO No matches found in 12-06-ke.txt; skipping output file
2026-08-28 16:30:58,633 INFO No matches found in 12-06-lk.txt; skipping output file
2026-08-28 16:30:58,662 INFO No matches found in 12-06-my.txt; skipping output file
2026-08-28 16:30:58,700 INFO Wrote 1 matching line(s) to /home/eyamrog/PycharmProjects/cl_st1_melina/cl_st1_ph1_melina/corpus/01_now_dataset/02_now_text/text_12-06-ury/12-06-ng.txt
2026-08-28 16:30:58,770 INFO Wrote 1 matching line(s) to /home/eyamrog/PycharmProjects/cl_st1_melina/cl_st1_ph1_melina/corpus/01_now_dataset/02_now_text/text_12-06-ury/12-06-nz.txt
2026-08-28 16:30:58,827 INFO No matches found in 12-06-ph.txt; skipping output file
2026-08-28 16:30:58,878 INFO No matches found in 12-06-pk.txt; skipping output file
2026-08-28 16:30:58,894 INFO No matches found in 12-06-sg.txt; skipping output file
2026-08-28 16:30:58,900 INFO No matches found in 12-06-tz.txt; skipping output file
2026-08-28 16:30:59,521 INFO Wrote 17 matching line(s) to /home/eyamrog/PycharmProjects/cl_st1_melina/cl_st1_ph1_melina/corpus/01_now_dataset/02_now_text/text_12-06-ury/12-06-us.txt
2026-08-28 16:30:59,674 INFO No matches found in 12-06-za.txt; skipping output file
2026-08-28 16:30:59,848 INFO Wrote 1 matching line(s) to /home/eyamrog/PycharmProjects/cl_st1_melina/cl_st1_ph1_melina/corpus/01_now_dataset/02_now_text/text_12-07-jbh/12-07-au.txt
2026-08-28 16:30:59,858 INFO No matches found in 12-07-bd.txt; skipping output file
2026-08-28 16:31:00,387 INFO Wrote 12 matching line(s) to /home/eyamrog/PycharmProjects/cl_st1_melina/cl_st1_ph1_melina/corpus/01_now_dataset/02_now_text/text_12-07-jbh/12-07-ca.txt
2026-08-28 16:31:00,836 INFO Wrote 12 matching line(s) to /home/eyamrog/PycharmProjects/cl_st1_melina/cl_st1_ph1_melina/corpus/01_now_dataset/02_now_text/text_12-07-jbh/12-07-gb.txt
2026-08-28 16:31:00,844 INFO No matches found in 12-07-gh.txt; skipping output file
2026-08-28 16:31:00,852 INFO No matches found in 12-07-hk.txt; skipping output file
2026-08-28 16:31:00,938 INFO Wrote 3 matching line(s) to /home/eyamrog/PycharmProjects/cl_st1_melina/cl_st1_ph1_melina/corpus/01_now_dataset/02_now_text/text_12-07-jbh/12-07-ie.txt
2026-08-28 16:31:01,245 INFO Wrote 2 matching line(s) to /home/eyamrog/PycharmProjects/cl_st1_melina/cl_st1_ph1_melina/corpus/01_now_dataset/02_now_text/text_12-07-jbh/12-07-in.txt
2026-08-28 16:31:01,272 INFO No matches found in 12-07-jm.txt; skipping output file
2026-08-28 16:31:01,289 INFO No matches found in 12-07-ke.txt; skipping output file
2026-08-28 16:31:01,293 INFO No matches found in 12-07-lk.txt; skipping output file
2026-08-28 16:31:01,314 INFO Wrote 1 matching line(s) to /home/eyamrog/PycharmProjects/cl_st1_melina/cl_st1_ph1_melina/corpus/01_now_dataset/02_now_text/text_12-07-jbh/12-07-my.txt
2026-08-28 16:31:01,364 INFO No matches found in 12-07-ng.txt; skipping output file
2026-08-28 16:31:01,447 INFO No matches found in 12-07-nz.txt; skipping output file
2026-08-28 16:31:01,514 INFO No matches found in 12-07-ph.txt; skipping output file
2026-08-28 16:31:01,574 INFO No matches found in 12-07-pk.txt; skipping output file
2026-08-28 16:31:01,591 INFO No matches found in 12-07-sg.txt; skipping output file
2026-08-28 16:31:01,597 INFO No matches found in 12-07-tz.txt; skipping output file
2026-08-28 16:31:02,227 INFO Wrote 19 matching line(s) to /home/eyamrog/PycharmProjects/cl_st1_melina/cl_st1_ph1_melina/corpus/01_now_dataset/02_now_text/text_12-07-jbh/12-07-us.txt
2026-08-28 16:31:02,459 INFO Wrote 2 matching line(s) to /home/eyamrog/PycharmProjects/cl_st1_melina/cl_st1_ph1_melina/corpus/01_now_dataset/02_now_text/text_12-07-jbh/12-07-za.txt
2026-08-28 16:31:02,712 INFO Wrote 2 matching line(s) to /home/eyamrog/PycharmProjects/cl_st1_melina/cl_st1_ph1_melina/corpus/01_now_dataset/02_now_text/text_12-08-apx/12-08-au.txt
2026-08-28 16:31:02,724 INFO No matches found in 12-08-bd.txt; skipping output file
2026-08-28 16:31:03,482 INFO Wrote 14 matching line(s) to /home/eyamrog/PycharmProjects/cl_st1_melina/cl_st1_ph1_melina/corpus/01_now_dataset/02_now_text/text_12-08-apx/12-08-ca.txt
2026-08-28 16:31:04,034 INFO Wrote 13 matching line(s) to /home/eyamrog/PycharmProjects/cl_st1_melina/cl_st1_ph1_melina/corpus/01_now_dataset/02_now_text/text_12-08-apx/12-08-gb.txt
2026-08-28 16:31:04,050 INFO No matches found in 12-08-gh.txt; skipping output file
2026-08-28 16:31:04,056 INFO No matches found in 12-08-hk.txt; skipping output file
2026-08-28 16:31:04,146 INFO Wrote 1 matching line(s) to /home/eyamrog/PycharmProjects/cl_st1_melina/cl_st1_ph1_melina/corpus/01_now_dataset/02_now_text/text_12-08-apx/12-08-ie.txt
2026-08-28 16:31:04,467 INFO Wrote 12 matching line(s) to /home/eyamrog/PycharmProjects/cl_st1_melina/cl_st1_ph1_melina/corpus/01_now_dataset/02_now_text/text_12-08-apx/12-08-in.txt
2026-08-28 16:31:04,493 INFO No matches found in 12-08-jm.txt; skipping output file
2026-08-28 16:31:04,512 INFO No matches found in 12-08-ke.txt; skipping output file
2026-08-28 16:31:04,519 INFO No matches found in 12-08-lk.txt; skipping output file
2026-08-28 16:31:04,540 INFO No matches found in 12-08-my.txt; skipping output file
2026-08-28 16:31:04,595 INFO No matches found in 12-08-ng.txt; skipping output file
2026-08-28 16:31:04,690 INFO No matches found in 12-08-nz.txt; skipping output file
2026-08-28 16:31:04,750 INFO No matches found in 12-08-ph.txt; skipping output file
2026-08-28 16:31:04,814 INFO Wrote 1 matching line(s) to /home/eyamrog/PycharmProjects/cl_st1_melina/cl_st1_ph1_melina/corpus/01_now_dataset/02_now_text/text_12-08-apx/12-08-pk.txt
2026-08-28 16:31:04,829 INFO No matches found in 12-08-sg.txt; skipping output file
2026-08-28 16:31:04,836 INFO No matches found in 12-08-tz.txt; skipping output file
2026-08-28 16:31:05,565 INFO Wrote 25 matching line(s) to /home/eyamrog/PycharmProjects/cl_st1_melina/cl_st1_ph1_melina/corpus/01_now_dataset/02_now_text/text_12-08-apx/12-08-us.txt
2026-08-28 16:31:05,741 INFO Wrote 7 matching line(s) to /home/eyamrog/PycharmProjects/cl_st1_melina/cl_st1_ph1_melina/corpus/01_now_dataset/02_now_text/text_12-08-apx/12-08-za.txt
2026-08-28 16:31:05,904 INFO Wrote 3 matching line(s) to /home/eyamrog/PycharmProjects/cl_st1_melina/cl_st1_ph1_melina/corpus/01_now_dataset/02_now_text/text_12-09-qxc/12-09-au.txt
2026-08-28 16:31:05,914 INFO No matches found in 12-09-bd.txt; skipping output file
2026-08-28 16:31:06,451 INFO Wrote 13 matching line(s) to /home/eyamrog/PycharmProjects/cl_st1_melina/cl_st1_ph1_melina/corpus/01_now_dataset/02_now_text/text_12-09-qxc/12-09-ca.txt
2026-08-28 16:31:06,970 INFO Wrote 8 matching line(s) to /home/eyamrog/PycharmProjects/cl_st1_melina/cl_st1_ph1_melina/corpus/01_now_dataset/02_now_text/text_12-09-qxc/12-09-gb.txt
2026-08-28 16:31:06,995 INFO No matches found in 12-09-gh.txt; skipping output file
2026-08-28 16:31:07,002 INFO No matches found in 12-09-hk.txt; skipping output file
2026-08-28 16:31:07,108 INFO Wrote 1 matching line(s) to /home/eyamrog/PycharmProjects/cl_st1_melina/cl_st1_ph1_melina/corpus/01_now_dataset/02_now_text/text_12-09-qxc/12-09-ie.txt
2026-08-28 16:31:07,789 INFO Wrote 4 matching line(s) to /home/eyamrog/PycharmProjects/cl_st1_melina/cl_st1_ph1_melina/corpus/01_now_dataset/02_now_text/text_12-09-qxc/12-09-in.txt
2026-08-28 16:31:07,861 INFO Wrote 1 matching line(s) to /home/eyamrog/PycharmProjects/cl_st1_melina/cl_st1_ph1_melina/corpus/01_now_dataset/02_now_text/text_12-09-qxc/12-09-jm.txt
2026-08-28 16:31:07,914 INFO No matches found in 12-09-ke.txt; skipping output file
2026-08-28 16:31:07,928 INFO No matches found in 12-09-lk.txt; skipping output file
2026-08-28 16:31:08,002 INFO No matches found in 12-09-my.txt; skipping output file
2026-08-28 16:31:08,140 INFO No matches found in 12-09-ng.txt; skipping output file
2026-08-28 16:31:08,318 INFO No matches found in 12-09-nz.txt; skipping output file
2026-08-28 16:31:08,419 INFO Wrote 1 matching line(s) to /home/eyamrog/PycharmProjects/cl_st1_melina/cl_st1_ph1_melina/corpus/01_now_dataset/02_now_text/text_12-09-qxc/12-09-ph.txt
2026-08-28 16:31:08,503 INFO Wrote 1 matching line(s) to /home/eyamrog/PycharmProjects/cl_st1_melina/cl_st1_ph1_melina/corpus/01_now_dataset/02_now_text/text_12-09-qxc/12-09-pk.txt
2026-08-28 16:31:08,523 INFO No matches found in 12-09-sg.txt; skipping output file
2026-08-28 16:31:08,535 INFO No matches found in 12-09-tz.txt; skipping output file
2026-08-28 16:31:09,330 INFO Wrote 14 matching line(s) to /home/eyamrog/PycharmProjects/cl_st1_melina/cl_st1_ph1_melina/corpus/01_now_dataset/02_now_text/text_12-09-qxc/12-09-us.txt
2026-08-28 16:31:09,478 INFO Wrote 2 matching line(s) to /home/eyamrog/PycharmProjects/cl_st1_melina/cl_st1_ph1_melina/corpus/01_now_dataset/02_now_text/text_12-09-qxc/12-09-za.txt
2026-08-28 16:31:09,664 INFO Wrote 2 matching line(s) to /home/eyamrog/PycharmProjects/cl_st1_melina/cl_st1_ph1_melina/corpus/01_now_dataset/02_now_text/text_12-10-fim/12-10-au.txt
2026-08-28 16:31:09,672 INFO No matches found in 12-10-bd.txt; skipping output file
2026-08-28 16:31:10,215 INFO Wrote 18 matching line(s) to /home/eyamrog/PycharmProjects/cl_st1_melina/cl_st1_ph1_melina/corpus/01_now_dataset/02_now_text/text_12-10-fim/12-10-ca.txt
2026-08-28 16:31:10,677 INFO Wrote 11 matching line(s) to /home/eyamrog/PycharmProjects/cl_st1_melina/cl_st1_ph1_melina/corpus/01_now_dataset/02_now_text/text_12-10-fim/12-10-gb.txt
2026-08-28 16:31:10,697 INFO No matches found in 12-10-gh.txt; skipping output file
2026-08-28 16:31:10,703 INFO Wrote 1 matching line(s) to /home/eyamrog/PycharmProjects/cl_st1_melina/cl_st1_ph1_melina/corpus/01_now_dataset/02_now_text/text_12-10-fim/12-10-hk.txt
2026-08-28 16:31:10,783 INFO Wrote 2 matching line(s) to /home/eyamrog/PycharmProjects/cl_st1_melina/cl_st1_ph1_melina/corpus/01_now_dataset/02_now_text/text_12-10-fim/12-10-ie.txt
2026-08-28 16:31:11,087 INFO Wrote 4 matching line(s) to /home/eyamrog/PycharmProjects/cl_st1_melina/cl_st1_ph1_melina/corpus/01_now_dataset/02_now_text/text_12-10-fim/12-10-in.txt
2026-08-28 16:31:11,112 INFO No matches found in 12-10-jm.txt; skipping output file
2026-08-28 16:31:11,142 INFO Wrote 1 matching line(s) to /home/eyamrog/PycharmProjects/cl_st1_melina/cl_st1_ph1_melina/corpus/01_now_dataset/02_now_text/text_12-10-fim/12-10-ke.txt
2026-08-28 16:31:11,150 INFO No matches found in 12-10-lk.txt; skipping output file
2026-08-28 16:31:11,179 INFO No matches found in 12-10-my.txt; skipping output file
2026-08-28 16:31:11,235 INFO No matches found in 12-10-ng.txt; skipping output file
2026-08-28 16:31:11,313 INFO No matches found in 12-10-nz.txt; skipping output file
2026-08-28 16:31:11,371 INFO Wrote 1 matching line(s) to /home/eyamrog/PycharmProjects/cl_st1_melina/cl_st1_ph1_melina/corpus/01_now_dataset/02_now_text/text_12-10-fim/12-10-ph.txt
2026-08-28 16:31:11,431 INFO Wrote 3 matching line(s) to /home/eyamrog/PycharmProjects/cl_st1_melina/cl_st1_ph1_melina/corpus/01_now_dataset/02_now_text/text_12-10-fim/12-10-pk.txt
2026-08-28 16:31:11,454 INFO No matches found in 12-10-sg.txt; skipping output file
2026-08-28 16:31:11,461 INFO Wrote 1 matching line(s) to /home/eyamrog/PycharmProjects/cl_st1_melina/cl_st1_ph1_melina/corpus/01_now_dataset/02_now_text/text_12-10-fim/12-10-tz.txt
2026-08-28 16:31:12,125 INFO Wrote 15 matching line(s) to /home/eyamrog/PycharmProjects/cl_st1_melina/cl_st1_ph1_melina/corpus/01_now_dataset/02_now_text/text_12-10-fim/12-10-us.txt
2026-08-28 16:31:12,295 INFO Wrote 8 matching line(s) to /home/eyamrog/PycharmProjects/cl_st1_melina/cl_st1_ph1_melina/corpus/01_now_dataset/02_now_text/text_12-10-fim/12-10-za.txt
2026-08-28 16:31:12,454 INFO Wrote 28 matching line(s) to /home/eyamrog/PycharmProjects/cl_st1_melina/cl_st1_ph1_melina/corpus/01_now_dataset/02_now_text/text_12-11-ysq/12-11-au.txt
2026-08-28 16:31:12,461 INFO No matches found in 12-11-bd.txt; skipping output file
2026-08-28 16:31:13,041 INFO Wrote 64 matching line(s) to /home/eyamrog/PycharmProjects/cl_st1_melina/cl_st1_ph1_melina/corpus/01_now_dataset/02_now_text/text_12-11-ysq/12-11-ca.txt
2026-08-28 16:31:13,503 INFO Wrote 66 matching line(s) to /home/eyamrog/PycharmProjects/cl_st1_melina/cl_st1_ph1_melina/corpus/01_now_dataset/02_now_text/text_12-11-ysq/12-11-gb.txt
2026-08-28 16:31:13,522 INFO No matches found in 12-11-gh.txt; skipping output file
2026-08-28 16:31:13,528 INFO No matches found in 12-11-hk.txt; skipping output file
2026-08-28 16:31:13,611 INFO Wrote 11 matching line(s) to /home/eyamrog/PycharmProjects/cl_st1_melina/cl_st1_ph1_melina/corpus/01_now_dataset/02_now_text/text_12-11-ysq/12-11-ie.txt
2026-08-28 16:31:13,887 INFO Wrote 21 matching line(s) to /home/eyamrog/PycharmProjects/cl_st1_melina/cl_st1_ph1_melina/corpus/01_now_dataset/02_now_text/text_12-11-ysq/12-11-in.txt
2026-08-28 16:31:13,910 INFO Wrote 1 matching line(s) to /home/eyamrog/PycharmProjects/cl_st1_melina/cl_st1_ph1_melina/corpus/01_now_dataset/02_now_text/text_12-11-ysq/12-11-jm.txt
2026-08-28 16:31:13,940 INFO Wrote 2 matching line(s) to /home/eyamrog/PycharmProjects/cl_st1_melina/cl_st1_ph1_melina/corpus/01_now_dataset/02_now_text/text_12-11-ysq/12-11-ke.txt
2026-08-28 16:31:13,945 INFO No matches found in 12-11-lk.txt; skipping output file
2026-08-28 16:31:13,970 INFO Wrote 5 matching line(s) to /home/eyamrog/PycharmProjects/cl_st1_melina/cl_st1_ph1_melina/corpus/01_now_dataset/02_now_text/text_12-11-ysq/12-11-my.txt
2026-08-28 16:31:14,028 INFO Wrote 2 matching line(s) to /home/eyamrog/PycharmProjects/cl_st1_melina/cl_st1_ph1_melina/corpus/01_now_dataset/02_now_text/text_12-11-ysq/12-11-ng.txt
2026-08-28 16:31:14,105 INFO Wrote 6 matching line(s) to /home/eyamrog/PycharmProjects/cl_st1_melina/cl_st1_ph1_melina/corpus/01_now_dataset/02_now_text/text_12-11-ysq/12-11-nz.txt
2026-08-28 16:31:14,165 INFO Wrote 6 matching line(s) to /home/eyamrog/PycharmProjects/cl_st1_melina/cl_st1_ph1_melina/corpus/01_now_dataset/02_now_text/text_12-11-ysq/12-11-ph.txt
2026-08-28 16:31:14,214 INFO Wrote 12 matching line(s) to /home/eyamrog/PycharmProjects/cl_st1_melina/cl_st1_ph1_melina/corpus/01_now_dataset/02_now_text/text_12-11-ysq/12-11-pk.txt
2026-08-28 16:31:14,233 INFO Wrote 2 matching line(s) to /home/eyamrog/PycharmProjects/cl_st1_melina/cl_st1_ph1_melina/corpus/01_now_dataset/02_now_text/text_12-11-ysq/12-11-sg.txt
2026-08-28 16:31:14,240 INFO No matches found in 12-11-tz.txt; skipping output file
2026-08-28 16:31:14,856 INFO Wrote 57 matching line(s) to /home/eyamrog/PycharmProjects/cl_st1_melina/cl_st1_ph1_melina/corpus/01_now_dataset/02_now_text/text_12-11-ysq/12-11-us.txt
2026-08-28 16:31:15,003 INFO Wrote 14 matching line(s) to /home/eyamrog/PycharmProjects/cl_st1_melina/cl_st1_ph1_melina/corpus/01_now_dataset/02_now_text/text_12-11-ysq/12-11-za.txt
2026-08-28 16:31:15,119 INFO Wrote 6 matching line(s) to /home/eyamrog/PycharmProjects/cl_st1_melina/cl_st1_ph1_melina/corpus/01_now_dataset/02_now_text/text_12-12-fbe/12-12-au.txt
2026-08-28 16:31:15,132 INFO No matches found in 12-12-bd.txt; skipping output file
2026-08-28 16:31:15,619 INFO Wrote 25 matching line(s) to /home/eyamrog/PycharmProjects/cl_st1_melina/cl_st1_ph1_melina/corpus/01_now_dataset/02_now_text/text_12-12-fbe/12-12-ca.txt
2026-08-28 16:31:16,019 INFO Wrote 27 matching line(s) to /home/eyamrog/PycharmProjects/cl_st1_melina/cl_st1_ph1_melina/corpus/01_now_dataset/02_now_text/text_12-12-fbe/12-12-gb.txt
2026-08-28 16:31:16,034 INFO No matches found in 12-12-gh.txt; skipping output file
2026-08-28 16:31:16,039 INFO No matches found in 12-12-hk.txt; skipping output file
2026-08-28 16:31:16,108 INFO Wrote 2 matching line(s) to /home/eyamrog/PycharmProjects/cl_st1_melina/cl_st1_ph1_melina/corpus/01_now_dataset/02_now_text/text_12-12-fbe/12-12-ie.txt
2026-08-28 16:31:16,401 INFO Wrote 11 matching line(s) to /home/eyamrog/PycharmProjects/cl_st1_melina/cl_st1_ph1_melina/corpus/01_now_dataset/02_now_text/text_12-12-fbe/12-12-in.txt
2026-08-28 16:31:16,429 INFO Wrote 1 matching line(s) to /home/eyamrog/PycharmProjects/cl_st1_melina/cl_st1_ph1_melina/corpus/01_now_dataset/02_now_text/text_12-12-fbe/12-12-jm.txt
2026-08-28 16:31:16,459 INFO Wrote 2 matching line(s) to /home/eyamrog/PycharmProjects/cl_st1_melina/cl_st1_ph1_melina/corpus/01_now_dataset/02_now_text/text_12-12-fbe/12-12-ke.txt
2026-08-28 16:31:16,462 INFO Wrote 1 matching line(s) to /home/eyamrog/PycharmProjects/cl_st1_melina/cl_st1_ph1_melina/corpus/01_now_dataset/02_now_text/text_12-12-fbe/12-12-lk.txt
2026-08-28 16:31:16,490 INFO Wrote 2 matching line(s) to /home/eyamrog/PycharmProjects/cl_st1_melina/cl_st1_ph1_melina/corpus/01_now_dataset/02_now_text/text_12-12-fbe/12-12-my.txt
2026-08-28 16:31:16,545 INFO No matches found in 12-12-ng.txt; skipping output file
2026-08-28 16:31:16,612 INFO Wrote 1 matching line(s) to /home/eyamrog/PycharmProjects/cl_st1_melina/cl_st1_ph1_melina/corpus/01_now_dataset/02_now_text/text_12-12-fbe/12-12-nz.txt
2026-08-28 16:31:16,674 INFO Wrote 1 matching line(s) to /home/eyamrog/PycharmProjects/cl_st1_melina/cl_st1_ph1_melina/corpus/01_now_dataset/02_now_text/text_12-12-fbe/12-12-ph.txt
2026-08-28 16:31:16,723 INFO Wrote 1 matching line(s) to /home/eyamrog/PycharmProjects/cl_st1_melina/cl_st1_ph1_melina/corpus/01_now_dataset/02_now_text/text_12-12-fbe/12-12-pk.txt
2026-08-28 16:31:16,736 INFO No matches found in 12-12-sg.txt; skipping output file
2026-08-28 16:31:16,745 INFO No matches found in 12-12-tz.txt; skipping output file
2026-08-28 16:31:17,373 INFO Wrote 37 matching line(s) to /home/eyamrog/PycharmProjects/cl_st1_melina/cl_st1_ph1_melina/corpus/01_now_dataset/02_now_text/text_12-12-fbe/12-12-us.txt
2026-08-28 16:31:17,476 INFO Wrote 7 matching line(s) to /home/eyamrog/PycharmProjects/cl_st1_melina/cl_st1_ph1_melina/corpus/01_now_dataset/02_now_text/text_12-12-fbe/12-12-za.txt
2026-08-28 16:31:17,636 INFO Wrote 8 matching line(s) to /home/eyamrog/PycharmProjects/cl_st1_melina/cl_st1_ph1_melina/corpus/01_now_dataset/02_now_text/text_13-01-lii/13-01-au.txt
2026-08-28 16:31:17,650 INFO No matches found in 13-01-bd.txt; skipping output file
2026-08-28 16:31:18,181 INFO Wrote 20 matching line(s) to /home/eyamrog/PycharmProjects/cl_st1_melina/cl_st1_ph1_melina/corpus/01_now_dataset/02_now_text/text_13-01-lii/13-01-ca.txt
2026-08-28 16:31:18,665 INFO Wrote 20 matching line(s) to /home/eyamrog/PycharmProjects/cl_st1_melina/cl_st1_ph1_melina/corpus/01_now_dataset/02_now_text/text_13-01-lii/13-01-gb.txt
2026-08-28 16:31:18,683 INFO No matches found in 13-01-gh.txt; skipping output file
2026-08-28 16:31:18,689 INFO No matches found in 13-01-hk.txt; skipping output file
2026-08-28 16:31:18,787 INFO Wrote 1 matching line(s) to /home/eyamrog/PycharmProjects/cl_st1_melina/cl_st1_ph1_melina/corpus/01_now_dataset/02_now_text/text_13-01-lii/13-01-ie.txt
2026-08-28 16:31:19,084 INFO Wrote 4 matching line(s) to /home/eyamrog/PycharmProjects/cl_st1_melina/cl_st1_ph1_melina/corpus/01_now_dataset/02_now_text/text_13-01-lii/13-01-in.txt
2026-08-28 16:31:19,109 INFO Wrote 1 matching line(s) to /home/eyamrog/PycharmProjects/cl_st1_melina/cl_st1_ph1_melina/corpus/01_now_dataset/02_now_text/text_13-01-lii/13-01-jm.txt
2026-08-28 16:31:19,148 INFO Wrote 1 matching line(s) to /home/eyamrog/PycharmProjects/cl_st1_melina/cl_st1_ph1_melina/corpus/01_now_dataset/02_now_text/text_13-01-lii/13-01-ke.txt
2026-08-28 16:31:19,154 INFO No matches found in 13-01-lk.txt; skipping output file
2026-08-28 16:31:19,182 INFO Wrote 1 matching line(s) to /home/eyamrog/PycharmProjects/cl_st1_melina/cl_st1_ph1_melina/corpus/01_now_dataset/02_now_text/text_13-01-lii/13-01-my.txt
2026-08-28 16:31:19,239 INFO Wrote 1 matching line(s) to /home/eyamrog/PycharmProjects/cl_st1_melina/cl_st1_ph1_melina/corpus/01_now_dataset/02_now_text/text_13-01-lii/13-01-ng.txt
2026-08-28 16:31:19,314 INFO No matches found in 13-01-nz.txt; skipping output file
2026-08-28 16:31:19,365 INFO Wrote 1 matching line(s) to /home/eyamrog/PycharmProjects/cl_st1_melina/cl_st1_ph1_melina/corpus/01_now_dataset/02_now_text/text_13-01-lii/13-01-ph.txt
2026-08-28 16:31:19,412 INFO Wrote 3 matching line(s) to /home/eyamrog/PycharmProjects/cl_st1_melina/cl_st1_ph1_melina/corpus/01_now_dataset/02_now_text/text_13-01-lii/13-01-pk.txt
2026-08-28 16:31:19,428 INFO No matches found in 13-01-sg.txt; skipping output file
2026-08-28 16:31:19,438 INFO No matches found in 13-01-tz.txt; skipping output file
2026-08-28 16:31:20,097 INFO Wrote 24 matching line(s) to /home/eyamrog/PycharmProjects/cl_st1_melina/cl_st1_ph1_melina/corpus/01_now_dataset/02_now_text/text_13-01-lii/13-01-us.txt
2026-08-28 16:31:20,244 INFO Wrote 6 matching line(s) to /home/eyamrog/PycharmProjects/cl_st1_melina/cl_st1_ph1_melina/corpus/01_now_dataset/02_now_text/text_13-01-lii/13-01-za.txt
2026-08-28 16:31:20,402 INFO Wrote 2 matching line(s) to /home/eyamrog/PycharmProjects/cl_st1_melina/cl_st1_ph1_melina/corpus/01_now_dataset/02_now_text/text_13-02-fwy/13-02-au.txt
2026-08-28 16:31:20,416 INFO No matches found in 13-02-bd.txt; skipping output file
2026-08-28 16:31:20,934 INFO Wrote 11 matching line(s) to /home/eyamrog/PycharmProjects/cl_st1_melina/cl_st1_ph1_melina/corpus/01_now_dataset/02_now_text/text_13-02-fwy/13-02-ca.txt
2026-08-28 16:31:21,369 INFO Wrote 11 matching line(s) to /home/eyamrog/PycharmProjects/cl_st1_melina/cl_st1_ph1_melina/corpus/01_now_dataset/02_now_text/text_13-02-fwy/13-02-gb.txt
2026-08-28 16:31:21,388 INFO No matches found in 13-02-gh.txt; skipping output file
2026-08-28 16:31:21,393 INFO No matches found in 13-02-hk.txt; skipping output file
2026-08-28 16:31:21,526 INFO Wrote 3 matching line(s) to /home/eyamrog/PycharmProjects/cl_st1_melina/cl_st1_ph1_melina/corpus/01_now_dataset/02_now_text/text_13-02-fwy/13-02-ie.txt
2026-08-28 16:31:21,988 INFO Wrote 1 matching line(s) to /home/eyamrog/PycharmProjects/cl_st1_melina/cl_st1_ph1_melina/corpus/01_now_dataset/02_now_text/text_13-02-fwy/13-02-in.txt
2026-08-28 16:31:22,046 INFO Wrote 1 matching line(s) to /home/eyamrog/PycharmProjects/cl_st1_melina/cl_st1_ph1_melina/corpus/01_now_dataset/02_now_text/text_13-02-fwy/13-02-jm.txt
2026-08-28 16:31:22,126 INFO Wrote 2 matching line(s) to /home/eyamrog/PycharmProjects/cl_st1_melina/cl_st1_ph1_melina/corpus/01_now_dataset/02_now_text/text_13-02-fwy/13-02-ke.txt
2026-08-28 16:31:22,139 INFO No matches found in 13-02-lk.txt; skipping output file
2026-08-28 16:31:22,214 INFO Wrote 2 matching line(s) to /home/eyamrog/PycharmProjects/cl_st1_melina/cl_st1_ph1_melina/corpus/01_now_dataset/02_now_text/text_13-02-fwy/13-02-my.txt
2026-08-28 16:31:22,377 INFO Wrote 1 matching line(s) to /home/eyamrog/PycharmProjects/cl_st1_melina/cl_st1_ph1_melina/corpus/01_now_dataset/02_now_text/text_13-02-fwy/13-02-ng.txt
2026-08-28 16:31:22,594 INFO Wrote 1 matching line(s) to /home/eyamrog/PycharmProjects/cl_st1_melina/cl_st1_ph1_melina/corpus/01_now_dataset/02_now_text/text_13-02-fwy/13-02-nz.txt
2026-08-28 16:31:22,782 INFO No matches found in 13-02-ph.txt; skipping output file
2026-08-28 16:31:22,970 INFO Wrote 4 matching line(s) to /home/eyamrog/PycharmProjects/cl_st1_melina/cl_st1_ph1_melina/corpus/01_now_dataset/02_now_text/text_13-02-fwy/13-02-pk.txt
2026-08-28 16:31:23,046 INFO No matches found in 13-02-sg.txt; skipping output file
2026-08-28 16:31:23,084 INFO No matches found in 13-02-tz.txt; skipping output file
2026-08-28 16:31:24,127 INFO Wrote 27 matching line(s) to /home/eyamrog/PycharmProjects/cl_st1_melina/cl_st1_ph1_melina/corpus/01_now_dataset/02_now_text/text_13-02-fwy/13-02-us.txt
2026-08-28 16:31:24,302 INFO Wrote 5 matching line(s) to /home/eyamrog/PycharmProjects/cl_st1_melina/cl_st1_ph1_melina/corpus/01_now_dataset/02_now_text/text_13-02-fwy/13-02-za.txt
2026-08-28 16:31:24,494 INFO Wrote 7 matching line(s) to /home/eyamrog/PycharmProjects/cl_st1_melina/cl_st1_ph1_melina/corpus/01_now_dataset/02_now_text/text_13-03-zxv/13-03-au.txt
2026-08-28 16:31:24,502 INFO No matches found in 13-03-bd.txt; skipping output file
2026-08-28 16:31:25,042 INFO Wrote 24 matching line(s) to /home/eyamrog/PycharmProjects/cl_st1_melina/cl_st1_ph1_melina/corpus/01_now_dataset/02_now_text/text_13-03-zxv/13-03-ca.txt
2026-08-28 16:31:25,517 INFO Wrote 18 matching line(s) to /home/eyamrog/PycharmProjects/cl_st1_melina/cl_st1_ph1_melina/corpus/01_now_dataset/02_now_text/text_13-03-zxv/13-03-gb.txt
2026-08-28 16:31:25,538 INFO No matches found in 13-03-gh.txt; skipping output file
2026-08-28 16:31:25,546 INFO No matches found in 13-03-hk.txt; skipping output file
2026-08-28 16:31:25,697 INFO Wrote 2 matching line(s) to /home/eyamrog/PycharmProjects/cl_st1_melina/cl_st1_ph1_melina/corpus/01_now_dataset/02_now_text/text_13-03-zxv/13-03-ie.txt
2026-08-28 16:31:25,984 INFO Wrote 3 matching line(s) to /home/eyamrog/PycharmProjects/cl_st1_melina/cl_st1_ph1_melina/corpus/01_now_dataset/02_now_text/text_13-03-zxv/13-03-in.txt
2026-08-28 16:31:26,008 INFO No matches found in 13-03-jm.txt; skipping output file
2026-08-28 16:31:26,044 INFO No matches found in 13-03-ke.txt; skipping output file
2026-08-28 16:31:26,049 INFO No matches found in 13-03-lk.txt; skipping output file
2026-08-28 16:31:26,081 INFO Wrote 1 matching line(s) to /home/eyamrog/PycharmProjects/cl_st1_melina/cl_st1_ph1_melina/corpus/01_now_dataset/02_now_text/text_13-03-zxv/13-03-my.txt
2026-08-28 16:31:26,140 INFO No matches found in 13-03-ng.txt; skipping output file
2026-08-28 16:31:26,216 INFO Wrote 1 matching line(s) to /home/eyamrog/PycharmProjects/cl_st1_melina/cl_st1_ph1_melina/corpus/01_now_dataset/02_now_text/text_13-03-zxv/13-03-nz.txt
2026-08-28 16:31:26,283 INFO No matches found in 13-03-ph.txt; skipping output file
2026-08-28 16:31:26,331 INFO Wrote 3 matching line(s) to /home/eyamrog/PycharmProjects/cl_st1_melina/cl_st1_ph1_melina/corpus/01_now_dataset/02_now_text/text_13-03-zxv/13-03-pk.txt
2026-08-28 16:31:26,353 INFO No matches found in 13-03-sg.txt; skipping output file
2026-08-28 16:31:26,364 INFO No matches found in 13-03-tz.txt; skipping output file
2026-08-28 16:31:27,031 INFO Wrote 28 matching line(s) to /home/eyamrog/PycharmProjects/cl_st1_melina/cl_st1_ph1_melina/corpus/01_now_dataset/02_now_text/text_13-03-zxv/13-03-us.txt
2026-08-28 16:31:27,221 INFO Wrote 5 matching line(s) to /home/eyamrog/PycharmProjects/cl_st1_melina/cl_st1_ph1_melina/corpus/01_now_dataset/02_now_text/text_13-03-zxv/13-03-za.txt
2026-08-28 16:31:27,427 INFO Wrote 1 matching line(s) to /home/eyamrog/PycharmProjects/cl_st1_melina/cl_st1_ph1_melina/corpus/01_now_dataset/02_now_text/text_13-04-vzr/13-04-au.txt
2026-08-28 16:31:27,437 INFO No matches found in 13-04-bd.txt; skipping output file
2026-08-28 16:31:27,942 INFO Wrote 19 matching line(s) to /home/eyamrog/PycharmProjects/cl_st1_melina/cl_st1_ph1_melina/corpus/01_now_dataset/02_now_text/text_13-04-vzr/13-04-ca.txt
2026-08-28 16:31:28,358 INFO Wrote 15 matching line(s) to /home/eyamrog/PycharmProjects/cl_st1_melina/cl_st1_ph1_melina/corpus/01_now_dataset/02_now_text/text_13-04-vzr/13-04-gb.txt
2026-08-28 16:31:28,377 INFO No matches found in 13-04-gh.txt; skipping output file
2026-08-28 16:31:28,384 INFO No matches found in 13-04-hk.txt; skipping output file
2026-08-28 16:31:28,521 INFO Wrote 5 matching line(s) to /home/eyamrog/PycharmProjects/cl_st1_melina/cl_st1_ph1_melina/corpus/01_now_dataset/02_now_text/text_13-04-vzr/13-04-ie.txt
2026-08-28 16:31:28,803 INFO Wrote 4 matching line(s) to /home/eyamrog/PycharmProjects/cl_st1_melina/cl_st1_ph1_melina/corpus/01_now_dataset/02_now_text/text_13-04-vzr/13-04-in.txt
2026-08-28 16:31:28,828 INFO Wrote 1 matching line(s) to /home/eyamrog/PycharmProjects/cl_st1_melina/cl_st1_ph1_melina/corpus/01_now_dataset/02_now_text/text_13-04-vzr/13-04-jm.txt
2026-08-28 16:31:28,865 INFO Wrote 2 matching line(s) to /home/eyamrog/PycharmProjects/cl_st1_melina/cl_st1_ph1_melina/corpus/01_now_dataset/02_now_text/text_13-04-vzr/13-04-ke.txt
2026-08-28 16:31:28,870 INFO Wrote 1 matching line(s) to /home/eyamrog/PycharmProjects/cl_st1_melina/cl_st1_ph1_melina/corpus/01_now_dataset/02_now_text/text_13-04-vzr/13-04-lk.txt
2026-08-28 16:31:28,895 INFO Wrote 1 matching line(s) to /home/eyamrog/PycharmProjects/cl_st1_melina/cl_st1_ph1_melina/corpus/01_now_dataset/02_now_text/text_13-04-vzr/13-04-my.txt
2026-08-28 16:31:28,956 INFO No matches found in 13-04-ng.txt; skipping output file
2026-08-28 16:31:29,040 INFO Wrote 1 matching line(s) to /home/eyamrog/PycharmProjects/cl_st1_melina/cl_st1_ph1_melina/corpus/01_now_dataset/02_now_text/text_13-04-vzr/13-04-nz.txt
2026-08-28 16:31:29,119 INFO No matches found in 13-04-ph.txt; skipping output file
2026-08-28 16:31:29,173 INFO Wrote 2 matching line(s) to /home/eyamrog/PycharmProjects/cl_st1_melina/cl_st1_ph1_melina/corpus/01_now_dataset/02_now_text/text_13-04-vzr/13-04-pk.txt
2026-08-28 16:31:29,201 INFO No matches found in 13-04-sg.txt; skipping output file
2026-08-28 16:31:29,212 INFO No matches found in 13-04-tz.txt; skipping output file
2026-08-28 16:31:29,837 INFO Wrote 19 matching line(s) to /home/eyamrog/PycharmProjects/cl_st1_melina/cl_st1_ph1_melina/corpus/01_now_dataset/02_now_text/text_13-04-vzr/13-04-us.txt
2026-08-28 16:31:30,032 INFO Wrote 5 matching line(s) to /home/eyamrog/PycharmProjects/cl_st1_melina/cl_st1_ph1_melina/corpus/01_now_dataset/02_now_text/text_13-04-vzr/13-04-za.txt
2026-08-28 16:31:30,273 INFO Wrote 6 matching line(s) to /home/eyamrog/PycharmProjects/cl_st1_melina/cl_st1_ph1_melina/corpus/01_now_dataset/02_now_text/text_13-05-skm/13-05-au.txt
2026-08-28 16:31:30,292 INFO No matches found in 13-05-bd.txt; skipping output file
2026-08-28 16:31:30,856 INFO Wrote 14 matching line(s) to /home/eyamrog/PycharmProjects/cl_st1_melina/cl_st1_ph1_melina/corpus/01_now_dataset/02_now_text/text_13-05-skm/13-05-ca.txt
2026-08-28 16:31:31,330 INFO Wrote 12 matching line(s) to /home/eyamrog/PycharmProjects/cl_st1_melina/cl_st1_ph1_melina/corpus/01_now_dataset/02_now_text/text_13-05-skm/13-05-gb.txt
2026-08-28 16:31:31,348 INFO No matches found in 13-05-gh.txt; skipping output file
2026-08-28 16:31:31,357 INFO No matches found in 13-05-hk.txt; skipping output file
2026-08-28 16:31:31,527 INFO Wrote 2 matching line(s) to /home/eyamrog/PycharmProjects/cl_st1_melina/cl_st1_ph1_melina/corpus/01_now_dataset/02_now_text/text_13-05-skm/13-05-ie.txt
2026-08-28 16:31:31,850 INFO Wrote 5 matching line(s) to /home/eyamrog/PycharmProjects/cl_st1_melina/cl_st1_ph1_melina/corpus/01_now_dataset/02_now_text/text_13-05-skm/13-05-in.txt
2026-08-28 16:31:31,882 INFO No matches found in 13-05-jm.txt; skipping output file
2026-08-28 16:31:31,922 INFO No matches found in 13-05-ke.txt; skipping output file
2026-08-28 16:31:31,926 INFO No matches found in 13-05-lk.txt; skipping output file
2026-08-28 16:31:31,956 INFO Wrote 1 matching line(s) to /home/eyamrog/PycharmProjects/cl_st1_melina/cl_st1_ph1_melina/corpus/01_now_dataset/02_now_text/text_13-05-skm/13-05-my.txt
2026-08-28 16:31:32,022 INFO No matches found in 13-05-ng.txt; skipping output file
2026-08-28 16:31:32,112 INFO Wrote 2 matching line(s) to /home/eyamrog/PycharmProjects/cl_st1_melina/cl_st1_ph1_melina/corpus/01_now_dataset/02_now_text/text_13-05-skm/13-05-nz.txt
2026-08-28 16:31:32,190 INFO Wrote 1 matching line(s) to /home/eyamrog/PycharmProjects/cl_st1_melina/cl_st1_ph1_melina/corpus/01_now_dataset/02_now_text/text_13-05-skm/13-05-ph.txt
2026-08-28 16:31:32,245 INFO Wrote 1 matching line(s) to /home/eyamrog/PycharmProjects/cl_st1_melina/cl_st1_ph1_melina/corpus/01_now_dataset/02_now_text/text_13-05-skm/13-05-pk.txt
2026-08-28 16:31:32,276 INFO No matches found in 13-05-sg.txt; skipping output file
2026-08-28 16:31:32,288 INFO No matches found in 13-05-tz.txt; skipping output file
2026-08-28 16:31:32,966 INFO Wrote 26 matching line(s) to /home/eyamrog/PycharmProjects/cl_st1_melina/cl_st1_ph1_melina/corpus/01_now_dataset/02_now_text/text_13-05-skm/13-05-us.txt
2026-08-28 16:31:33,185 INFO Wrote 7 matching line(s) to /home/eyamrog/PycharmProjects/cl_st1_melina/cl_st1_ph1_melina/corpus/01_now_dataset/02_now_text/text_13-05-skm/13-05-za.txt
2026-08-28 16:31:33,400 INFO Wrote 5 matching line(s) to /home/eyamrog/PycharmProjects/cl_st1_melina/cl_st1_ph1_melina/corpus/01_now_dataset/02_now_text/text_13-06-rak/13-06-au.txt
2026-08-28 16:31:33,422 INFO No matches found in 13-06-bd.txt; skipping output file
2026-08-28 16:31:33,905 INFO Wrote 13 matching line(s) to /home/eyamrog/PycharmProjects/cl_st1_melina/cl_st1_ph1_melina/corpus/01_now_dataset/02_now_text/text_13-06-rak/13-06-ca.txt
2026-08-28 16:31:34,303 INFO Wrote 9 matching line(s) to /home/eyamrog/PycharmProjects/cl_st1_melina/cl_st1_ph1_melina/corpus/01_now_dataset/02_now_text/text_13-06-rak/13-06-gb.txt
2026-08-28 16:31:34,323 INFO No matches found in 13-06-gh.txt; skipping output file
2026-08-28 16:31:34,329 INFO No matches found in 13-06-hk.txt; skipping output file
2026-08-28 16:31:34,477 INFO Wrote 1 matching line(s) to /home/eyamrog/PycharmProjects/cl_st1_melina/cl_st1_ph1_melina/corpus/01_now_dataset/02_now_text/text_13-06-rak/13-06-ie.txt
2026-08-28 16:31:34,742 INFO Wrote 5 matching line(s) to /home/eyamrog/PycharmProjects/cl_st1_melina/cl_st1_ph1_melina/corpus/01_now_dataset/02_now_text/text_13-06-rak/13-06-in.txt
2026-08-28 16:31:34,768 INFO No matches found in 13-06-jm.txt; skipping output file
2026-08-28 16:31:34,806 INFO No matches found in 13-06-ke.txt; skipping output file
2026-08-28 16:31:34,814 INFO No matches found in 13-06-lk.txt; skipping output file
2026-08-28 16:31:34,847 INFO No matches found in 13-06-my.txt; skipping output file
2026-08-28 16:31:34,910 INFO No matches found in 13-06-ng.txt; skipping output file
2026-08-28 16:31:34,993 INFO No matches found in 13-06-nz.txt; skipping output file
2026-08-28 16:31:35,072 INFO Wrote 1 matching line(s) to /home/eyamrog/PycharmProjects/cl_st1_melina/cl_st1_ph1_melina/corpus/01_now_dataset/02_now_text/text_13-06-rak/13-06-ph.txt
2026-08-28 16:31:35,124 INFO Wrote 2 matching line(s) to /home/eyamrog/PycharmProjects/cl_st1_melina/cl_st1_ph1_melina/corpus/01_now_dataset/02_now_text/text_13-06-rak/13-06-pk.txt
2026-08-28 16:31:35,153 INFO No matches found in 13-06-sg.txt; skipping output file
2026-08-28 16:31:35,165 INFO No matches found in 13-06-tz.txt; skipping output file
2026-08-28 16:31:35,735 INFO Wrote 16 matching line(s) to /home/eyamrog/PycharmProjects/cl_st1_melina/cl_st1_ph1_melina/corpus/01_now_dataset/02_now_text/text_13-06-rak/13-06-us.txt
2026-08-28 16:31:35,933 INFO Wrote 4 matching line(s) to /home/eyamrog/PycharmProjects/cl_st1_melina/cl_st1_ph1_melina/corpus/01_now_dataset/02_now_text/text_13-06-rak/13-06-za.txt
2026-08-28 16:31:36,160 INFO Wrote 3 matching line(s) to /home/eyamrog/PycharmProjects/cl_st1_melina/cl_st1_ph1_melina/corpus/01_now_dataset/02_now_text/text_13-07-mht/13-07-au.txt
2026-08-28 16:31:36,185 INFO Wrote 1 matching line(s) to /home/eyamrog/PycharmProjects/cl_st1_melina/cl_st1_ph1_melina/corpus/01_now_dataset/02_now_text/text_13-07-mht/13-07-bd.txt
2026-08-28 16:31:36,712 INFO Wrote 5 matching line(s) to /home/eyamrog/PycharmProjects/cl_st1_melina/cl_st1_ph1_melina/corpus/01_now_dataset/02_now_text/text_13-07-mht/13-07-ca.txt
2026-08-28 16:31:37,673 INFO Wrote 11 matching line(s) to /home/eyamrog/PycharmProjects/cl_st1_melina/cl_st1_ph1_melina/corpus/01_now_dataset/02_now_text/text_13-07-mht/13-07-gb.txt
2026-08-28 16:31:37,768 INFO No matches found in 13-07-gh.txt; skipping output file
2026-08-28 16:31:37,796 INFO No matches found in 13-07-hk.txt; skipping output file
2026-08-28 16:31:38,151 INFO Wrote 1 matching line(s) to /home/eyamrog/PycharmProjects/cl_st1_melina/cl_st1_ph1_melina/corpus/01_now_dataset/02_now_text/text_13-07-mht/13-07-ie.txt
2026-08-28 16:31:38,596 INFO Wrote 6 matching line(s) to /home/eyamrog/PycharmProjects/cl_st1_melina/cl_st1_ph1_melina/corpus/01_now_dataset/02_now_text/text_13-07-mht/13-07-in.txt
2026-08-28 16:31:38,627 INFO Wrote 1 matching line(s) to /home/eyamrog/PycharmProjects/cl_st1_melina/cl_st1_ph1_melina/corpus/01_now_dataset/02_now_text/text_13-07-mht/13-07-jm.txt
2026-08-28 16:31:38,674 INFO No matches found in 13-07-ke.txt; skipping output file
2026-08-28 16:31:38,682 INFO No matches found in 13-07-lk.txt; skipping output file
2026-08-28 16:31:38,733 INFO Wrote 3 matching line(s) to /home/eyamrog/PycharmProjects/cl_st1_melina/cl_st1_ph1_melina/corpus/01_now_dataset/02_now_text/text_13-07-mht/13-07-my.txt
2026-08-28 16:31:38,817 INFO No matches found in 13-07-ng.txt; skipping output file
2026-08-28 16:31:38,918 INFO Wrote 1 matching line(s) to /home/eyamrog/PycharmProjects/cl_st1_melina/cl_st1_ph1_melina/corpus/01_now_dataset/02_now_text/text_13-07-mht/13-07-nz.txt
2026-08-28 16:31:39,017 INFO Wrote 2 matching line(s) to /home/eyamrog/PycharmProjects/cl_st1_melina/cl_st1_ph1_melina/corpus/01_now_dataset/02_now_text/text_13-07-mht/13-07-ph.txt
2026-08-28 16:31:39,073 INFO Wrote 2 matching line(s) to /home/eyamrog/PycharmProjects/cl_st1_melina/cl_st1_ph1_melina/corpus/01_now_dataset/02_now_text/text_13-07-mht/13-07-pk.txt
2026-08-28 16:31:39,102 INFO No matches found in 13-07-sg.txt; skipping output file
2026-08-28 16:31:39,113 INFO No matches found in 13-07-tz.txt; skipping output file
2026-08-28 16:31:39,663 INFO Wrote 19 matching line(s) to /home/eyamrog/PycharmProjects/cl_st1_melina/cl_st1_ph1_melina/corpus/01_now_dataset/02_now_text/text_13-07-mht/13-07-us.txt
2026-08-28 16:31:39,877 INFO Wrote 9 matching line(s) to /home/eyamrog/PycharmProjects/cl_st1_melina/cl_st1_ph1_melina/corpus/01_now_dataset/02_now_text/text_13-07-mht/13-07-za.txt
2026-08-28 16:31:40,121 INFO Wrote 7 matching line(s) to /home/eyamrog/PycharmProjects/cl_st1_melina/cl_st1_ph1_melina/corpus/01_now_dataset/02_now_text/text_13-08-ofo/13-08-au.txt
2026-08-28 16:31:40,149 INFO Wrote 1 matching line(s) to /home/eyamrog/PycharmProjects/cl_st1_melina/cl_st1_ph1_melina/corpus/01_now_dataset/02_now_text/text_13-08-ofo/13-08-bd.txt
2026-08-28 16:31:40,636 INFO Wrote 27 matching line(s) to /home/eyamrog/PycharmProjects/cl_st1_melina/cl_st1_ph1_melina/corpus/01_now_dataset/02_now_text/text_13-08-ofo/13-08-ca.txt
2026-08-28 16:31:41,085 INFO Wrote 16 matching line(s) to /home/eyamrog/PycharmProjects/cl_st1_melina/cl_st1_ph1_melina/corpus/01_now_dataset/02_now_text/text_13-08-ofo/13-08-gb.txt
2026-08-28 16:31:41,113 INFO No matches found in 13-08-gh.txt; skipping output file
2026-08-28 16:31:41,122 INFO No matches found in 13-08-hk.txt; skipping output file
2026-08-28 16:31:41,325 INFO Wrote 4 matching line(s) to /home/eyamrog/PycharmProjects/cl_st1_melina/cl_st1_ph1_melina/corpus/01_now_dataset/02_now_text/text_13-08-ofo/13-08-ie.txt
2026-08-28 16:31:41,603 INFO Wrote 4 matching line(s) to /home/eyamrog/PycharmProjects/cl_st1_melina/cl_st1_ph1_melina/corpus/01_now_dataset/02_now_text/text_13-08-ofo/13-08-in.txt
2026-08-28 16:31:41,625 INFO Wrote 1 matching line(s) to /home/eyamrog/PycharmProjects/cl_st1_melina/cl_st1_ph1_melina/corpus/01_now_dataset/02_now_text/text_13-08-ofo/13-08-jm.txt
2026-08-28 16:31:41,654 INFO Wrote 1 matching line(s) to /home/eyamrog/PycharmProjects/cl_st1_melina/cl_st1_ph1_melina/corpus/01_now_dataset/02_now_text/text_13-08-ofo/13-08-ke.txt
2026-08-28 16:31:41,660 INFO No matches found in 13-08-lk.txt; skipping output file
2026-08-28 16:31:41,711 INFO Wrote 1 matching line(s) to /home/eyamrog/PycharmProjects/cl_st1_melina/cl_st1_ph1_melina/corpus/01_now_dataset/02_now_text/text_13-08-ofo/13-08-my.txt
2026-08-28 16:31:41,784 INFO Wrote 1 matching line(s) to /home/eyamrog/PycharmProjects/cl_st1_melina/cl_st1_ph1_melina/corpus/01_now_dataset/02_now_text/text_13-08-ofo/13-08-ng.txt
2026-08-28 16:31:41,837 INFO Wrote 1 matching line(s) to /home/eyamrog/PycharmProjects/cl_st1_melina/cl_st1_ph1_melina/corpus/01_now_dataset/02_now_text/text_13-08-ofo/13-08-nz.txt
2026-08-28 16:31:41,921 INFO No matches found in 13-08-ph.txt; skipping output file
2026-08-28 16:31:41,972 INFO No matches found in 13-08-pk.txt; skipping output file
2026-08-28 16:31:41,997 INFO No matches found in 13-08-sg.txt; skipping output file
2026-08-28 16:31:42,008 INFO No matches found in 13-08-tz.txt; skipping output file
2026-08-28 16:31:42,625 INFO Wrote 18 matching line(s) to /home/eyamrog/PycharmProjects/cl_st1_melina/cl_st1_ph1_melina/corpus/01_now_dataset/02_now_text/text_13-08-ofo/13-08-us.txt
2026-08-28 16:31:42,848 INFO Wrote 6 matching line(s) to /home/eyamrog/PycharmProjects/cl_st1_melina/cl_st1_ph1_melina/corpus/01_now_dataset/02_now_text/text_13-08-ofo/13-08-za.txt
2026-08-28 16:31:43,111 INFO Wrote 4 matching line(s) to /home/eyamrog/PycharmProjects/cl_st1_melina/cl_st1_ph1_melina/corpus/01_now_dataset/02_now_text/text_13-09-ibd/13-09-au.txt
2026-08-28 16:31:43,138 INFO No matches found in 13-09-bd.txt; skipping output file
2026-08-28 16:31:43,664 INFO Wrote 16 matching line(s) to /home/eyamrog/PycharmProjects/cl_st1_melina/cl_st1_ph1_melina/corpus/01_now_dataset/02_now_text/text_13-09-ibd/13-09-ca.txt
2026-08-28 16:31:44,092 INFO Wrote 7 matching line(s) to /home/eyamrog/PycharmProjects/cl_st1_melina/cl_st1_ph1_melina/corpus/01_now_dataset/02_now_text/text_13-09-ibd/13-09-gb.txt
2026-08-28 16:31:44,117 INFO No matches found in 13-09-gh.txt; skipping output file
2026-08-28 16:31:44,127 INFO No matches found in 13-09-hk.txt; skipping output file
2026-08-28 16:31:44,312 INFO Wrote 3 matching line(s) to /home/eyamrog/PycharmProjects/cl_st1_melina/cl_st1_ph1_melina/corpus/01_now_dataset/02_now_text/text_13-09-ibd/13-09-ie.txt
2026-08-28 16:31:44,611 INFO Wrote 5 matching line(s) to /home/eyamrog/PycharmProjects/cl_st1_melina/cl_st1_ph1_melina/corpus/01_now_dataset/02_now_text/text_13-09-ibd/13-09-in.txt
2026-08-28 16:31:44,636 INFO No matches found in 13-09-jm.txt; skipping output file
2026-08-28 16:31:44,664 INFO No matches found in 13-09-ke.txt; skipping output file
2026-08-28 16:31:44,669 INFO No matches found in 13-09-lk.txt; skipping output file
2026-08-28 16:31:44,722 INFO Wrote 1 matching line(s) to /home/eyamrog/PycharmProjects/cl_st1_melina/cl_st1_ph1_melina/corpus/01_now_dataset/02_now_text/text_13-09-ibd/13-09-my.txt
2026-08-28 16:31:44,792 INFO No matches found in 13-09-ng.txt; skipping output file
2026-08-28 16:31:44,859 INFO Wrote 1 matching line(s) to /home/eyamrog/PycharmProjects/cl_st1_melina/cl_st1_ph1_melina/corpus/01_now_dataset/02_now_text/text_13-09-ibd/13-09-nz.txt
2026-08-28 16:31:44,948 INFO Wrote 1 matching line(s) to /home/eyamrog/PycharmProjects/cl_st1_melina/cl_st1_ph1_melina/corpus/01_now_dataset/02_now_text/text_13-09-ibd/13-09-ph.txt
2026-08-28 16:31:44,998 INFO Wrote 2 matching line(s) to /home/eyamrog/PycharmProjects/cl_st1_melina/cl_st1_ph1_melina/corpus/01_now_dataset/02_now_text/text_13-09-ibd/13-09-pk.txt
2026-08-28 16:31:45,030 INFO No matches found in 13-09-sg.txt; skipping output file
2026-08-28 16:31:45,040 INFO No matches found in 13-09-tz.txt; skipping output file
2026-08-28 16:31:45,659 INFO Wrote 22 matching line(s) to /home/eyamrog/PycharmProjects/cl_st1_melina/cl_st1_ph1_melina/corpus/01_now_dataset/02_now_text/text_13-09-ibd/13-09-us.txt
2026-08-28 16:31:45,871 INFO Wrote 2 matching line(s) to /home/eyamrog/PycharmProjects/cl_st1_melina/cl_st1_ph1_melina/corpus/01_now_dataset/02_now_text/text_13-09-ibd/13-09-za.txt
2026-08-28 16:31:46,131 INFO Wrote 8 matching line(s) to /home/eyamrog/PycharmProjects/cl_st1_melina/cl_st1_ph1_melina/corpus/01_now_dataset/02_now_text/text_13-10-zpv/13-10-au.txt
2026-08-28 16:31:46,158 INFO Wrote 1 matching line(s) to /home/eyamrog/PycharmProjects/cl_st1_melina/cl_st1_ph1_melina/corpus/01_now_dataset/02_now_text/text_13-10-zpv/13-10-bd.txt
2026-08-28 16:31:46,724 INFO Wrote 18 matching line(s) to /home/eyamrog/PycharmProjects/cl_st1_melina/cl_st1_ph1_melina/corpus/01_now_dataset/02_now_text/text_13-10-zpv/13-10-ca.txt
2026-08-28 16:31:47,177 INFO Wrote 12 matching line(s) to /home/eyamrog/PycharmProjects/cl_st1_melina/cl_st1_ph1_melina/corpus/01_now_dataset/02_now_text/text_13-10-zpv/13-10-gb.txt
2026-08-28 16:31:47,199 INFO No matches found in 13-10-gh.txt; skipping output file
2026-08-28 16:31:47,207 INFO No matches found in 13-10-hk.txt; skipping output file
2026-08-28 16:31:47,431 INFO Wrote 3 matching line(s) to /home/eyamrog/PycharmProjects/cl_st1_melina/cl_st1_ph1_melina/corpus/01_now_dataset/02_now_text/text_13-10-zpv/13-10-ie.txt
2026-08-28 16:31:47,723 INFO Wrote 2 matching line(s) to /home/eyamrog/PycharmProjects/cl_st1_melina/cl_st1_ph1_melina/corpus/01_now_dataset/02_now_text/text_13-10-zpv/13-10-in.txt
2026-08-28 16:31:47,747 INFO No matches found in 13-10-jm.txt; skipping output file
2026-08-28 16:31:47,773 INFO No matches found in 13-10-ke.txt; skipping output file
2026-08-28 16:31:47,779 INFO Wrote 1 matching line(s) to /home/eyamrog/PycharmProjects/cl_st1_melina/cl_st1_ph1_melina/corpus/01_now_dataset/02_now_text/text_13-10-zpv/13-10-lk.txt
2026-08-28 16:31:47,829 INFO No matches found in 13-10-my.txt; skipping output file
2026-08-28 16:31:47,897 INFO No matches found in 13-10-ng.txt; skipping output file
2026-08-28 16:31:47,965 INFO Wrote 1 matching line(s) to /home/eyamrog/PycharmProjects/cl_st1_melina/cl_st1_ph1_melina/corpus/01_now_dataset/02_now_text/text_13-10-zpv/13-10-nz.txt
2026-08-28 16:31:48,064 INFO Wrote 3 matching line(s) to /home/eyamrog/PycharmProjects/cl_st1_melina/cl_st1_ph1_melina/corpus/01_now_dataset/02_now_text/text_13-10-zpv/13-10-ph.txt
2026-08-28 16:31:48,114 INFO Wrote 1 matching line(s) to /home/eyamrog/PycharmProjects/cl_st1_melina/cl_st1_ph1_melina/corpus/01_now_dataset/02_now_text/text_13-10-zpv/13-10-pk.txt
2026-08-28 16:31:48,150 INFO No matches found in 13-10-sg.txt; skipping output file
2026-08-28 16:31:48,162 INFO No matches found in 13-10-tz.txt; skipping output file
2026-08-28 16:31:48,762 INFO Wrote 19 matching line(s) to /home/eyamrog/PycharmProjects/cl_st1_melina/cl_st1_ph1_melina/corpus/01_now_dataset/02_now_text/text_13-10-zpv/13-10-us.txt
2026-08-28 16:31:49,007 INFO Wrote 5 matching line(s) to /home/eyamrog/PycharmProjects/cl_st1_melina/cl_st1_ph1_melina/corpus/01_now_dataset/02_now_text/text_13-10-zpv/13-10-za.txt
2026-08-28 16:31:49,263 INFO Wrote 8 matching line(s) to /home/eyamrog/PycharmProjects/cl_st1_melina/cl_st1_ph1_melina/corpus/01_now_dataset/02_now_text/text_13-11-vwg/13-11-au.txt
2026-08-28 16:31:49,286 INFO No matches found in 13-11-bd.txt; skipping output file
2026-08-28 16:31:49,831 INFO Wrote 7 matching line(s) to /home/eyamrog/PycharmProjects/cl_st1_melina/cl_st1_ph1_melina/corpus/01_now_dataset/02_now_text/text_13-11-vwg/13-11-ca.txt
2026-08-28 16:31:50,280 INFO Wrote 9 matching line(s) to /home/eyamrog/PycharmProjects/cl_st1_melina/cl_st1_ph1_melina/corpus/01_now_dataset/02_now_text/text_13-11-vwg/13-11-gb.txt
2026-08-28 16:31:50,297 INFO No matches found in 13-11-gh.txt; skipping output file
2026-08-28 16:31:50,306 INFO No matches found in 13-11-hk.txt; skipping output file
2026-08-28 16:31:50,527 INFO Wrote 4 matching line(s) to /home/eyamrog/PycharmProjects/cl_st1_melina/cl_st1_ph1_melina/corpus/01_now_dataset/02_now_text/text_13-11-vwg/13-11-ie.txt
2026-08-28 16:31:50,749 INFO Wrote 1 matching line(s) to /home/eyamrog/PycharmProjects/cl_st1_melina/cl_st1_ph1_melina/corpus/01_now_dataset/02_now_text/text_13-11-vwg/13-11-in.txt
2026-08-28 16:31:50,777 INFO No matches found in 13-11-jm.txt; skipping output file
2026-08-28 16:31:50,803 INFO Wrote 1 matching line(s) to /home/eyamrog/PycharmProjects/cl_st1_melina/cl_st1_ph1_melina/corpus/01_now_dataset/02_now_text/text_13-11-vwg/13-11-ke.txt
2026-08-28 16:31:50,809 INFO No matches found in 13-11-lk.txt; skipping output file
2026-08-28 16:31:50,862 INFO Wrote 2 matching line(s) to /home/eyamrog/PycharmProjects/cl_st1_melina/cl_st1_ph1_melina/corpus/01_now_dataset/02_now_text/text_13-11-vwg/13-11-my.txt
2026-08-28 16:31:50,928 INFO No matches found in 13-11-ng.txt; skipping output file
2026-08-28 16:31:50,993 INFO No matches found in 13-11-nz.txt; skipping output file
2026-08-28 16:31:51,084 INFO Wrote 3 matching line(s) to /home/eyamrog/PycharmProjects/cl_st1_melina/cl_st1_ph1_melina/corpus/01_now_dataset/02_now_text/text_13-11-vwg/13-11-ph.txt
2026-08-28 16:31:51,132 INFO Wrote 1 matching line(s) to /home/eyamrog/PycharmProjects/cl_st1_melina/cl_st1_ph1_melina/corpus/01_now_dataset/02_now_text/text_13-11-vwg/13-11-pk.txt
2026-08-28 16:31:51,161 INFO No matches found in 13-11-sg.txt; skipping output file
2026-08-28 16:31:51,173 INFO No matches found in 13-11-tz.txt; skipping output file
2026-08-28 16:31:51,905 INFO Wrote 15 matching line(s) to /home/eyamrog/PycharmProjects/cl_st1_melina/cl_st1_ph1_melina/corpus/01_now_dataset/02_now_text/text_13-11-vwg/13-11-us.txt
2026-08-28 16:31:52,322 INFO Wrote 3 matching line(s) to /home/eyamrog/PycharmProjects/cl_st1_melina/cl_st1_ph1_melina/corpus/01_now_dataset/02_now_text/text_13-11-vwg/13-11-za.txt
2026-08-28 16:31:53,045 INFO Wrote 4 matching line(s) to /home/eyamrog/PycharmProjects/cl_st1_melina/cl_st1_ph1_melina/corpus/01_now_dataset/02_now_text/text_13-12-yny/13-12-au.txt
2026-08-28 16:31:53,124 INFO No matches found in 13-12-bd.txt; skipping output file
2026-08-28 16:31:54,048 INFO Wrote 11 matching line(s) to /home/eyamrog/PycharmProjects/cl_st1_melina/cl_st1_ph1_melina/corpus/01_now_dataset/02_now_text/text_13-12-yny/13-12-ca.txt
2026-08-28 16:31:54,496 INFO Wrote 17 matching line(s) to /home/eyamrog/PycharmProjects/cl_st1_melina/cl_st1_ph1_melina/corpus/01_now_dataset/02_now_text/text_13-12-yny/13-12-gb.txt
2026-08-28 16:31:54,514 INFO No matches found in 13-12-gh.txt; skipping output file
2026-08-28 16:31:54,520 INFO No matches found in 13-12-hk.txt; skipping output file
2026-08-28 16:31:54,697 INFO Wrote 4 matching line(s) to /home/eyamrog/PycharmProjects/cl_st1_melina/cl_st1_ph1_melina/corpus/01_now_dataset/02_now_text/text_13-12-yny/13-12-ie.txt
2026-08-28 16:31:54,946 INFO Wrote 3 matching line(s) to /home/eyamrog/PycharmProjects/cl_st1_melina/cl_st1_ph1_melina/corpus/01_now_dataset/02_now_text/text_13-12-yny/13-12-in.txt
2026-08-28 16:31:54,969 INFO Wrote 1 matching line(s) to /home/eyamrog/PycharmProjects/cl_st1_melina/cl_st1_ph1_melina/corpus/01_now_dataset/02_now_text/text_13-12-yny/13-12-jm.txt
2026-08-28 16:31:54,991 INFO No matches found in 13-12-ke.txt; skipping output file
2026-08-28 16:31:54,995 INFO No matches found in 13-12-lk.txt; skipping output file
2026-08-28 16:31:55,049 INFO No matches found in 13-12-my.txt; skipping output file
2026-08-28 16:31:55,110 INFO No matches found in 13-12-ng.txt; skipping output file
2026-08-28 16:31:55,163 INFO Wrote 1 matching line(s) to /home/eyamrog/PycharmProjects/cl_st1_melina/cl_st1_ph1_melina/corpus/01_now_dataset/02_now_text/text_13-12-yny/13-12-nz.txt
2026-08-28 16:31:55,260 INFO No matches found in 13-12-ph.txt; skipping output file
2026-08-28 16:31:55,315 INFO No matches found in 13-12-pk.txt; skipping output file
2026-08-28 16:31:55,345 INFO No matches found in 13-12-sg.txt; skipping output file
2026-08-28 16:31:55,355 INFO No matches found in 13-12-tz.txt; skipping output file
2026-08-28 16:31:55,952 INFO Wrote 23 matching line(s) to /home/eyamrog/PycharmProjects/cl_st1_melina/cl_st1_ph1_melina/corpus/01_now_dataset/02_now_text/text_13-12-yny/13-12-us.txt
2026-08-28 16:31:56,100 INFO Wrote 3 matching line(s) to /home/eyamrog/PycharmProjects/cl_st1_melina/cl_st1_ph1_melina/corpus/01_now_dataset/02_now_text/text_13-12-yny/13-12-za.txt
2026-08-28 16:31:56,328 INFO Wrote 8 matching line(s) to /home/eyamrog/PycharmProjects/cl_st1_melina/cl_st1_ph1_melina/corpus/01_now_dataset/02_now_text/text_14-01-jhx/14-01-au.txt
2026-08-28 16:31:56,344 INFO No matches found in 14-01-bd.txt; skipping output file
2026-08-28 16:31:56,904 INFO Wrote 24 matching line(s) to /home/eyamrog/PycharmProjects/cl_st1_melina/cl_st1_ph1_melina/corpus/01_now_dataset/02_now_text/text_14-01-jhx/14-01-ca.txt
2026-08-28 16:31:57,390 INFO Wrote 15 matching line(s) to /home/eyamrog/PycharmProjects/cl_st1_melina/cl_st1_ph1_melina/corpus/01_now_dataset/02_now_text/text_14-01-jhx/14-01-gb.txt
2026-08-28 16:31:57,410 INFO No matches found in 14-01-gh.txt; skipping output file
2026-08-28 16:31:57,419 INFO No matches found in 14-01-hk.txt; skipping output file
2026-08-28 16:31:57,640 INFO Wrote 6 matching line(s) to /home/eyamrog/PycharmProjects/cl_st1_melina/cl_st1_ph1_melina/corpus/01_now_dataset/02_now_text/text_14-01-jhx/14-01-ie.txt
2026-08-28 16:31:57,887 INFO Wrote 4 matching line(s) to /home/eyamrog/PycharmProjects/cl_st1_melina/cl_st1_ph1_melina/corpus/01_now_dataset/02_now_text/text_14-01-jhx/14-01-in.txt
2026-08-28 16:31:57,912 INFO Wrote 1 matching line(s) to /home/eyamrog/PycharmProjects/cl_st1_melina/cl_st1_ph1_melina/corpus/01_now_dataset/02_now_text/text_14-01-jhx/14-01-jm.txt
2026-08-28 16:31:57,935 INFO No matches found in 14-01-ke.txt; skipping output file
2026-08-28 16:31:57,943 INFO No matches found in 14-01-lk.txt; skipping output file
2026-08-28 16:31:58,001 INFO Wrote 1 matching line(s) to /home/eyamrog/PycharmProjects/cl_st1_melina/cl_st1_ph1_melina/corpus/01_now_dataset/02_now_text/text_14-01-jhx/14-01-my.txt
2026-08-28 16:31:58,071 INFO Wrote 1 matching line(s) to /home/eyamrog/PycharmProjects/cl_st1_melina/cl_st1_ph1_melina/corpus/01_now_dataset/02_now_text/text_14-01-jhx/14-01-ng.txt
2026-08-28 16:31:58,127 INFO Wrote 2 matching line(s) to /home/eyamrog/PycharmProjects/cl_st1_melina/cl_st1_ph1_melina/corpus/01_now_dataset/02_now_text/text_14-01-jhx/14-01-nz.txt
2026-08-28 16:31:58,239 INFO Wrote 4 matching line(s) to /home/eyamrog/PycharmProjects/cl_st1_melina/cl_st1_ph1_melina/corpus/01_now_dataset/02_now_text/text_14-01-jhx/14-01-ph.txt
2026-08-28 16:31:58,314 INFO No matches found in 14-01-pk.txt; skipping output file
2026-08-28 16:31:58,343 INFO No matches found in 14-01-sg.txt; skipping output file
2026-08-28 16:31:58,354 INFO No matches found in 14-01-tz.txt; skipping output file
2026-08-28 16:31:58,999 INFO Wrote 24 matching line(s) to /home/eyamrog/PycharmProjects/cl_st1_melina/cl_st1_ph1_melina/corpus/01_now_dataset/02_now_text/text_14-01-jhx/14-01-us.txt
2026-08-28 16:31:59,139 INFO Wrote 5 matching line(s) to /home/eyamrog/PycharmProjects/cl_st1_melina/cl_st1_ph1_melina/corpus/01_now_dataset/02_now_text/text_14-01-jhx/14-01-za.txt
2026-08-28 16:31:59,386 INFO Wrote 1 matching line(s) to /home/eyamrog/PycharmProjects/cl_st1_melina/cl_st1_ph1_melina/corpus/01_now_dataset/02_now_text/text_14-02-fbh/14-02-au.txt
2026-08-28 16:31:59,395 INFO No matches found in 14-02-bd.txt; skipping output file
2026-08-28 16:31:59,914 INFO Wrote 8 matching line(s) to /home/eyamrog/PycharmProjects/cl_st1_melina/cl_st1_ph1_melina/corpus/01_now_dataset/02_now_text/text_14-02-fbh/14-02-ca.txt
2026-08-28 16:32:00,340 INFO Wrote 10 matching line(s) to /home/eyamrog/PycharmProjects/cl_st1_melina/cl_st1_ph1_melina/corpus/01_now_dataset/02_now_text/text_14-02-fbh/14-02-gb.txt
2026-08-28 16:32:00,361 INFO Wrote 1 matching line(s) to /home/eyamrog/PycharmProjects/cl_st1_melina/cl_st1_ph1_melina/corpus/01_now_dataset/02_now_text/text_14-02-fbh/14-02-gh.txt
2026-08-28 16:32:00,369 INFO No matches found in 14-02-hk.txt; skipping output file
2026-08-28 16:32:00,576 INFO Wrote 3 matching line(s) to /home/eyamrog/PycharmProjects/cl_st1_melina/cl_st1_ph1_melina/corpus/01_now_dataset/02_now_text/text_14-02-fbh/14-02-ie.txt
2026-08-28 16:32:00,823 INFO Wrote 1 matching line(s) to /home/eyamrog/PycharmProjects/cl_st1_melina/cl_st1_ph1_melina/corpus/01_now_dataset/02_now_text/text_14-02-fbh/14-02-in.txt
2026-08-28 16:32:00,847 INFO Wrote 2 matching line(s) to /home/eyamrog/PycharmProjects/cl_st1_melina/cl_st1_ph1_melina/corpus/01_now_dataset/02_now_text/text_14-02-fbh/14-02-jm.txt
2026-08-28 16:32:00,870 INFO No matches found in 14-02-ke.txt; skipping output file
2026-08-28 16:32:00,879 INFO No matches found in 14-02-lk.txt; skipping output file
2026-08-28 16:32:00,931 INFO Wrote 2 matching line(s) to /home/eyamrog/PycharmProjects/cl_st1_melina/cl_st1_ph1_melina/corpus/01_now_dataset/02_now_text/text_14-02-fbh/14-02-my.txt
2026-08-28 16:32:01,003 INFO No matches found in 14-02-ng.txt; skipping output file
2026-08-28 16:32:01,069 INFO Wrote 1 matching line(s) to /home/eyamrog/PycharmProjects/cl_st1_melina/cl_st1_ph1_melina/corpus/01_now_dataset/02_now_text/text_14-02-fbh/14-02-nz.txt
2026-08-28 16:32:01,164 INFO Wrote 1 matching line(s) to /home/eyamrog/PycharmProjects/cl_st1_melina/cl_st1_ph1_melina/corpus/01_now_dataset/02_now_text/text_14-02-fbh/14-02-ph.txt
2026-08-28 16:32:01,225 INFO No matches found in 14-02-pk.txt; skipping output file
2026-08-28 16:32:01,252 INFO No matches found in 14-02-sg.txt; skipping output file
2026-08-28 16:32:01,262 INFO No matches found in 14-02-tz.txt; skipping output file
2026-08-28 16:32:01,823 INFO Wrote 10 matching line(s) to /home/eyamrog/PycharmProjects/cl_st1_melina/cl_st1_ph1_melina/corpus/01_now_dataset/02_now_text/text_14-02-fbh/14-02-us.txt
2026-08-28 16:32:01,967 INFO Wrote 1 matching line(s) to /home/eyamrog/PycharmProjects/cl_st1_melina/cl_st1_ph1_melina/corpus/01_now_dataset/02_now_text/text_14-02-fbh/14-02-za.txt
2026-08-28 16:32:02,235 INFO Wrote 4 matching line(s) to /home/eyamrog/PycharmProjects/cl_st1_melina/cl_st1_ph1_melina/corpus/01_now_dataset/02_now_text/text_14-03-mps/14-03-au.txt
2026-08-28 16:32:02,248 INFO No matches found in 14-03-bd.txt; skipping output file
2026-08-28 16:32:02,774 INFO Wrote 8 matching line(s) to /home/eyamrog/PycharmProjects/cl_st1_melina/cl_st1_ph1_melina/corpus/01_now_dataset/02_now_text/text_14-03-mps/14-03-ca.txt
2026-08-28 16:32:03,235 INFO Wrote 10 matching line(s) to /home/eyamrog/PycharmProjects/cl_st1_melina/cl_st1_ph1_melina/corpus/01_now_dataset/02_now_text/text_14-03-mps/14-03-gb.txt
2026-08-28 16:32:03,264 INFO No matches found in 14-03-gh.txt; skipping output file
2026-08-28 16:32:03,275 INFO No matches found in 14-03-hk.txt; skipping output file
2026-08-28 16:32:03,508 INFO Wrote 2 matching line(s) to /home/eyamrog/PycharmProjects/cl_st1_melina/cl_st1_ph1_melina/corpus/01_now_dataset/02_now_text/text_14-03-mps/14-03-ie.txt
2026-08-28 16:32:03,762 INFO No matches found in 14-03-in.txt; skipping output file
2026-08-28 16:32:03,787 INFO Wrote 3 matching line(s) to /home/eyamrog/PycharmProjects/cl_st1_melina/cl_st1_ph1_melina/corpus/01_now_dataset/02_now_text/text_14-03-mps/14-03-jm.txt
2026-08-28 16:32:03,814 INFO Wrote 1 matching line(s) to /home/eyamrog/PycharmProjects/cl_st1_melina/cl_st1_ph1_melina/corpus/01_now_dataset/02_now_text/text_14-03-mps/14-03-ke.txt
2026-08-28 16:32:03,825 INFO No matches found in 14-03-lk.txt; skipping output file
2026-08-28 16:32:03,882 INFO Wrote 2 matching line(s) to /home/eyamrog/PycharmProjects/cl_st1_melina/cl_st1_ph1_melina/corpus/01_now_dataset/02_now_text/text_14-03-mps/14-03-my.txt
2026-08-28 16:32:03,959 INFO Wrote 3 matching line(s) to /home/eyamrog/PycharmProjects/cl_st1_melina/cl_st1_ph1_melina/corpus/01_now_dataset/02_now_text/text_14-03-mps/14-03-ng.txt
2026-08-28 16:32:04,029 INFO No matches found in 14-03-nz.txt; skipping output file
2026-08-28 16:32:04,129 INFO No matches found in 14-03-ph.txt; skipping output file
2026-08-28 16:32:04,193 INFO Wrote 1 matching line(s) to /home/eyamrog/PycharmProjects/cl_st1_melina/cl_st1_ph1_melina/corpus/01_now_dataset/02_now_text/text_14-03-mps/14-03-pk.txt
2026-08-28 16:32:04,231 INFO Wrote 2 matching line(s) to /home/eyamrog/PycharmProjects/cl_st1_melina/cl_st1_ph1_melina/corpus/01_now_dataset/02_now_text/text_14-03-mps/14-03-sg.txt
2026-08-28 16:32:04,241 INFO No matches found in 14-03-tz.txt; skipping output file
2026-08-28 16:32:04,839 INFO Wrote 14 matching line(s) to /home/eyamrog/PycharmProjects/cl_st1_melina/cl_st1_ph1_melina/corpus/01_now_dataset/02_now_text/text_14-03-mps/14-03-us.txt
2026-08-28 16:32:05,006 INFO Wrote 3 matching line(s) to /home/eyamrog/PycharmProjects/cl_st1_melina/cl_st1_ph1_melina/corpus/01_now_dataset/02_now_text/text_14-03-mps/14-03-za.txt
2026-08-28 16:32:05,272 INFO Wrote 1 matching line(s) to /home/eyamrog/PycharmProjects/cl_st1_melina/cl_st1_ph1_melina/corpus/01_now_dataset/02_now_text/text_14-04-oki/14-04-au.txt
2026-08-28 16:32:05,286 INFO Wrote 1 matching line(s) to /home/eyamrog/PycharmProjects/cl_st1_melina/cl_st1_ph1_melina/corpus/01_now_dataset/02_now_text/text_14-04-oki/14-04-bd.txt
2026-08-28 16:32:05,784 INFO Wrote 11 matching line(s) to /home/eyamrog/PycharmProjects/cl_st1_melina/cl_st1_ph1_melina/corpus/01_now_dataset/02_now_text/text_14-04-oki/14-04-ca.txt
2026-08-28 16:32:06,216 INFO Wrote 10 matching line(s) to /home/eyamrog/PycharmProjects/cl_st1_melina/cl_st1_ph1_melina/corpus/01_now_dataset/02_now_text/text_14-04-oki/14-04-gb.txt
2026-08-28 16:32:06,242 INFO No matches found in 14-04-gh.txt; skipping output file
2026-08-28 16:32:06,255 INFO No matches found in 14-04-hk.txt; skipping output file
2026-08-28 16:32:06,488 INFO Wrote 3 matching line(s) to /home/eyamrog/PycharmProjects/cl_st1_melina/cl_st1_ph1_melina/corpus/01_now_dataset/02_now_text/text_14-04-oki/14-04-ie.txt
2026-08-28 16:32:07,050 INFO Wrote 1 matching line(s) to /home/eyamrog/PycharmProjects/cl_st1_melina/cl_st1_ph1_melina/corpus/01_now_dataset/02_now_text/text_14-04-oki/14-04-in.txt
2026-08-28 16:32:07,101 INFO Wrote 1 matching line(s) to /home/eyamrog/PycharmProjects/cl_st1_melina/cl_st1_ph1_melina/corpus/01_now_dataset/02_now_text/text_14-04-oki/14-04-jm.txt
2026-08-28 16:32:07,160 INFO No matches found in 14-04-ke.txt; skipping output file
2026-08-28 16:32:07,194 INFO No matches found in 14-04-lk.txt; skipping output file
2026-08-28 16:32:07,367 INFO No matches found in 14-04-my.txt; skipping output file
2026-08-28 16:32:07,640 INFO Wrote 1 matching line(s) to /home/eyamrog/PycharmProjects/cl_st1_melina/cl_st1_ph1_melina/corpus/01_now_dataset/02_now_text/text_14-04-oki/14-04-ng.txt
2026-08-28 16:32:07,850 INFO No matches found in 14-04-nz.txt; skipping output file
2026-08-28 16:32:08,093 INFO Wrote 3 matching line(s) to /home/eyamrog/PycharmProjects/cl_st1_melina/cl_st1_ph1_melina/corpus/01_now_dataset/02_now_text/text_14-04-oki/14-04-ph.txt
2026-08-28 16:32:08,194 INFO Wrote 3 matching line(s) to /home/eyamrog/PycharmProjects/cl_st1_melina/cl_st1_ph1_melina/corpus/01_now_dataset/02_now_text/text_14-04-oki/14-04-pk.txt
2026-08-28 16:32:08,253 INFO No matches found in 14-04-sg.txt; skipping output file
2026-08-28 16:32:08,265 INFO No matches found in 14-04-tz.txt; skipping output file
2026-08-28 16:32:08,977 INFO Wrote 11 matching line(s) to /home/eyamrog/PycharmProjects/cl_st1_melina/cl_st1_ph1_melina/corpus/01_now_dataset/02_now_text/text_14-04-oki/14-04-us.txt
2026-08-28 16:32:09,187 INFO Wrote 3 matching line(s) to /home/eyamrog/PycharmProjects/cl_st1_melina/cl_st1_ph1_melina/corpus/01_now_dataset/02_now_text/text_14-04-oki/14-04-za.txt
2026-08-28 16:32:09,468 INFO Wrote 2 matching line(s) to /home/eyamrog/PycharmProjects/cl_st1_melina/cl_st1_ph1_melina/corpus/01_now_dataset/02_now_text/text_14-05-cwh/14-05-au.txt
2026-08-28 16:32:09,483 INFO No matches found in 14-05-bd.txt; skipping output file
2026-08-28 16:32:10,016 INFO Wrote 12 matching line(s) to /home/eyamrog/PycharmProjects/cl_st1_melina/cl_st1_ph1_melina/corpus/01_now_dataset/02_now_text/text_14-05-cwh/14-05-ca.txt
2026-08-28 16:32:10,507 INFO Wrote 16 matching line(s) to /home/eyamrog/PycharmProjects/cl_st1_melina/cl_st1_ph1_melina/corpus/01_now_dataset/02_now_text/text_14-05-cwh/14-05-gb.txt
2026-08-28 16:32:10,536 INFO No matches found in 14-05-gh.txt; skipping output file
2026-08-28 16:32:10,550 INFO No matches found in 14-05-hk.txt; skipping output file
2026-08-28 16:32:10,802 INFO Wrote 4 matching line(s) to /home/eyamrog/PycharmProjects/cl_st1_melina/cl_st1_ph1_melina/corpus/01_now_dataset/02_now_text/text_14-05-cwh/14-05-ie.txt
2026-08-28 16:32:11,032 INFO Wrote 1 matching line(s) to /home/eyamrog/PycharmProjects/cl_st1_melina/cl_st1_ph1_melina/corpus/01_now_dataset/02_now_text/text_14-05-cwh/14-05-in.txt
2026-08-28 16:32:11,057 INFO Wrote 3 matching line(s) to /home/eyamrog/PycharmProjects/cl_st1_melina/cl_st1_ph1_melina/corpus/01_now_dataset/02_now_text/text_14-05-cwh/14-05-jm.txt
2026-08-28 16:32:11,082 INFO No matches found in 14-05-ke.txt; skipping output file
2026-08-28 16:32:11,093 INFO No matches found in 14-05-lk.txt; skipping output file
2026-08-28 16:32:11,153 INFO Wrote 2 matching line(s) to /home/eyamrog/PycharmProjects/cl_st1_melina/cl_st1_ph1_melina/corpus/01_now_dataset/02_now_text/text_14-05-cwh/14-05-my.txt
2026-08-28 16:32:11,234 INFO Wrote 1 matching line(s) to /home/eyamrog/PycharmProjects/cl_st1_melina/cl_st1_ph1_melina/corpus/01_now_dataset/02_now_text/text_14-05-cwh/14-05-ng.txt
2026-08-28 16:32:11,295 INFO No matches found in 14-05-nz.txt; skipping output file
2026-08-28 16:32:11,404 INFO Wrote 1 matching line(s) to /home/eyamrog/PycharmProjects/cl_st1_melina/cl_st1_ph1_melina/corpus/01_now_dataset/02_now_text/text_14-05-cwh/14-05-ph.txt
2026-08-28 16:32:11,468 INFO Wrote 1 matching line(s) to /home/eyamrog/PycharmProjects/cl_st1_melina/cl_st1_ph1_melina/corpus/01_now_dataset/02_now_text/text_14-05-cwh/14-05-pk.txt
2026-08-28 16:32:11,508 INFO Wrote 1 matching line(s) to /home/eyamrog/PycharmProjects/cl_st1_melina/cl_st1_ph1_melina/corpus/01_now_dataset/02_now_text/text_14-05-cwh/14-05-sg.txt
2026-08-28 16:32:11,518 INFO No matches found in 14-05-tz.txt; skipping output file
2026-08-28 16:32:12,137 INFO Wrote 8 matching line(s) to /home/eyamrog/PycharmProjects/cl_st1_melina/cl_st1_ph1_melina/corpus/01_now_dataset/02_now_text/text_14-05-cwh/14-05-us.txt
2026-08-28 16:32:12,359 INFO Wrote 3 matching line(s) to /home/eyamrog/PycharmProjects/cl_st1_melina/cl_st1_ph1_melina/corpus/01_now_dataset/02_now_text/text_14-05-cwh/14-05-za.txt
2026-08-28 16:32:12,613 INFO Wrote 9 matching line(s) to /home/eyamrog/PycharmProjects/cl_st1_melina/cl_st1_ph1_melina/corpus/01_now_dataset/02_now_text/text_14-06-glg/14-06-au.txt
2026-08-28 16:32:12,622 INFO No matches found in 14-06-bd.txt; skipping output file
2026-08-28 16:32:13,143 INFO Wrote 20 matching line(s) to /home/eyamrog/PycharmProjects/cl_st1_melina/cl_st1_ph1_melina/corpus/01_now_dataset/02_now_text/text_14-06-glg/14-06-ca.txt
2026-08-28 16:32:13,578 INFO Wrote 12 matching line(s) to /home/eyamrog/PycharmProjects/cl_st1_melina/cl_st1_ph1_melina/corpus/01_now_dataset/02_now_text/text_14-06-glg/14-06-gb.txt
2026-08-28 16:32:13,608 INFO No matches found in 14-06-gh.txt; skipping output file
2026-08-28 16:32:13,619 INFO No matches found in 14-06-hk.txt; skipping output file
2026-08-28 16:32:13,869 INFO Wrote 2 matching line(s) to /home/eyamrog/PycharmProjects/cl_st1_melina/cl_st1_ph1_melina/corpus/01_now_dataset/02_now_text/text_14-06-glg/14-06-ie.txt
2026-08-28 16:32:14,088 INFO Wrote 1 matching line(s) to /home/eyamrog/PycharmProjects/cl_st1_melina/cl_st1_ph1_melina/corpus/01_now_dataset/02_now_text/text_14-06-glg/14-06-in.txt
2026-08-28 16:32:14,111 INFO No matches found in 14-06-jm.txt; skipping output file
2026-08-28 16:32:14,136 INFO No matches found in 14-06-ke.txt; skipping output file
2026-08-28 16:32:14,149 INFO No matches found in 14-06-lk.txt; skipping output file
2026-08-28 16:32:14,205 INFO Wrote 2 matching line(s) to /home/eyamrog/PycharmProjects/cl_st1_melina/cl_st1_ph1_melina/corpus/01_now_dataset/02_now_text/text_14-06-glg/14-06-my.txt
2026-08-28 16:32:14,275 INFO Wrote 1 matching line(s) to /home/eyamrog/PycharmProjects/cl_st1_melina/cl_st1_ph1_melina/corpus/01_now_dataset/02_now_text/text_14-06-glg/14-06-ng.txt
2026-08-28 16:32:14,342 INFO No matches found in 14-06-nz.txt; skipping output file
2026-08-28 16:32:14,455 INFO Wrote 3 matching line(s) to /home/eyamrog/PycharmProjects/cl_st1_melina/cl_st1_ph1_melina/corpus/01_now_dataset/02_now_text/text_14-06-glg/14-06-ph.txt
2026-08-28 16:32:14,513 INFO Wrote 2 matching line(s) to /home/eyamrog/PycharmProjects/cl_st1_melina/cl_st1_ph1_melina/corpus/01_now_dataset/02_now_text/text_14-06-glg/14-06-pk.txt
2026-08-28 16:32:14,561 INFO Wrote 2 matching line(s) to /home/eyamrog/PycharmProjects/cl_st1_melina/cl_st1_ph1_melina/corpus/01_now_dataset/02_now_text/text_14-06-glg/14-06-sg.txt
2026-08-28 16:32:14,570 INFO No matches found in 14-06-tz.txt; skipping output file
2026-08-28 16:32:15,159 INFO Wrote 18 matching line(s) to /home/eyamrog/PycharmProjects/cl_st1_melina/cl_st1_ph1_melina/corpus/01_now_dataset/02_now_text/text_14-06-glg/14-06-us.txt
2026-08-28 16:32:15,383 INFO No matches found in 14-06-za.txt; skipping output file
2026-08-28 16:32:15,647 INFO Wrote 70 matching line(s) to /home/eyamrog/PycharmProjects/cl_st1_melina/cl_st1_ph1_melina/corpus/01_now_dataset/02_now_text/text_14-07-oul/14-07-au.txt
2026-08-28 16:32:15,659 INFO Wrote 2 matching line(s) to /home/eyamrog/PycharmProjects/cl_st1_melina/cl_st1_ph1_melina/corpus/01_now_dataset/02_now_text/text_14-07-oul/14-07-bd.txt
2026-08-28 16:32:16,180 INFO Wrote 122 matching line(s) to /home/eyamrog/PycharmProjects/cl_st1_melina/cl_st1_ph1_melina/corpus/01_now_dataset/02_now_text/text_14-07-oul/14-07-ca.txt
2026-08-28 16:32:16,650 INFO Wrote 182 matching line(s) to /home/eyamrog/PycharmProjects/cl_st1_melina/cl_st1_ph1_melina/corpus/01_now_dataset/02_now_text/text_14-07-oul/14-07-gb.txt
2026-08-28 16:32:16,683 INFO Wrote 2 matching line(s) to /home/eyamrog/PycharmProjects/cl_st1_melina/cl_st1_ph1_melina/corpus/01_now_dataset/02_now_text/text_14-07-oul/14-07-gh.txt
2026-08-28 16:32:16,695 INFO No matches found in 14-07-hk.txt; skipping output file
2026-08-28 16:32:16,972 INFO Wrote 112 matching line(s) to /home/eyamrog/PycharmProjects/cl_st1_melina/cl_st1_ph1_melina/corpus/01_now_dataset/02_now_text/text_14-07-oul/14-07-ie.txt
2026-08-28 16:32:17,190 INFO Wrote 48 matching line(s) to /home/eyamrog/PycharmProjects/cl_st1_melina/cl_st1_ph1_melina/corpus/01_now_dataset/02_now_text/text_14-07-oul/14-07-in.txt
2026-08-28 16:32:17,215 INFO Wrote 2 matching line(s) to /home/eyamrog/PycharmProjects/cl_st1_melina/cl_st1_ph1_melina/corpus/01_now_dataset/02_now_text/text_14-07-oul/14-07-jm.txt
2026-08-28 16:32:17,240 INFO Wrote 3 matching line(s) to /home/eyamrog/PycharmProjects/cl_st1_melina/cl_st1_ph1_melina/corpus/01_now_dataset/02_now_text/text_14-07-oul/14-07-ke.txt
2026-08-28 16:32:17,255 INFO Wrote 5 matching line(s) to /home/eyamrog/PycharmProjects/cl_st1_melina/cl_st1_ph1_melina/corpus/01_now_dataset/02_now_text/text_14-07-oul/14-07-lk.txt
2026-08-28 16:32:17,307 INFO Wrote 42 matching line(s) to /home/eyamrog/PycharmProjects/cl_st1_melina/cl_st1_ph1_melina/corpus/01_now_dataset/02_now_text/text_14-07-oul/14-07-my.txt
2026-08-28 16:32:17,384 INFO Wrote 3 matching line(s) to /home/eyamrog/PycharmProjects/cl_st1_melina/cl_st1_ph1_melina/corpus/01_now_dataset/02_now_text/text_14-07-oul/14-07-ng.txt
2026-08-28 16:32:17,457 INFO Wrote 11 matching line(s) to /home/eyamrog/PycharmProjects/cl_st1_melina/cl_st1_ph1_melina/corpus/01_now_dataset/02_now_text/text_14-07-oul/14-07-nz.txt
2026-08-28 16:32:17,567 INFO Wrote 38 matching line(s) to /home/eyamrog/PycharmProjects/cl_st1_melina/cl_st1_ph1_melina/corpus/01_now_dataset/02_now_text/text_14-07-oul/14-07-ph.txt
2026-08-28 16:32:17,623 INFO Wrote 45 matching line(s) to /home/eyamrog/PycharmProjects/cl_st1_melina/cl_st1_ph1_melina/corpus/01_now_dataset/02_now_text/text_14-07-oul/14-07-pk.txt
2026-08-28 16:32:17,677 INFO Wrote 23 matching line(s) to /home/eyamrog/PycharmProjects/cl_st1_melina/cl_st1_ph1_melina/corpus/01_now_dataset/02_now_text/text_14-07-oul/14-07-sg.txt
2026-08-28 16:32:17,685 INFO Wrote 1 matching line(s) to /home/eyamrog/PycharmProjects/cl_st1_melina/cl_st1_ph1_melina/corpus/01_now_dataset/02_now_text/text_14-07-oul/14-07-tz.txt
2026-08-28 16:32:18,244 INFO Wrote 112 matching line(s) to /home/eyamrog/PycharmProjects/cl_st1_melina/cl_st1_ph1_melina/corpus/01_now_dataset/02_now_text/text_14-07-oul/14-07-us.txt
2026-08-28 16:32:18,493 INFO Wrote 70 matching line(s) to /home/eyamrog/PycharmProjects/cl_st1_melina/cl_st1_ph1_melina/corpus/01_now_dataset/02_now_text/text_14-07-oul/14-07-za.txt
2026-08-28 16:32:18,748 INFO Wrote 63 matching line(s) to /home/eyamrog/PycharmProjects/cl_st1_melina/cl_st1_ph1_melina/corpus/01_now_dataset/02_now_text/text_14-08-gri/14-08-au.txt
2026-08-28 16:32:18,759 INFO Wrote 7 matching line(s) to /home/eyamrog/PycharmProjects/cl_st1_melina/cl_st1_ph1_melina/corpus/01_now_dataset/02_now_text/text_14-08-gri/14-08-bd.txt
2026-08-28 16:32:19,243 INFO Wrote 103 matching line(s) to /home/eyamrog/PycharmProjects/cl_st1_melina/cl_st1_ph1_melina/corpus/01_now_dataset/02_now_text/text_14-08-gri/14-08-ca.txt
2026-08-28 16:32:19,668 INFO Wrote 178 matching line(s) to /home/eyamrog/PycharmProjects/cl_st1_melina/cl_st1_ph1_melina/corpus/01_now_dataset/02_now_text/text_14-08-gri/14-08-gb.txt
2026-08-28 16:32:19,698 INFO Wrote 3 matching line(s) to /home/eyamrog/PycharmProjects/cl_st1_melina/cl_st1_ph1_melina/corpus/01_now_dataset/02_now_text/text_14-08-gri/14-08-gh.txt
2026-08-28 16:32:19,709 INFO Wrote 3 matching line(s) to /home/eyamrog/PycharmProjects/cl_st1_melina/cl_st1_ph1_melina/corpus/01_now_dataset/02_now_text/text_14-08-gri/14-08-hk.txt
2026-08-28 16:32:19,943 INFO Wrote 78 matching line(s) to /home/eyamrog/PycharmProjects/cl_st1_melina/cl_st1_ph1_melina/corpus/01_now_dataset/02_now_text/text_14-08-gri/14-08-ie.txt
2026-08-28 16:32:20,155 INFO Wrote 41 matching line(s) to /home/eyamrog/PycharmProjects/cl_st1_melina/cl_st1_ph1_melina/corpus/01_now_dataset/02_now_text/text_14-08-gri/14-08-in.txt
2026-08-28 16:32:20,181 INFO Wrote 2 matching line(s) to /home/eyamrog/PycharmProjects/cl_st1_melina/cl_st1_ph1_melina/corpus/01_now_dataset/02_now_text/text_14-08-gri/14-08-jm.txt
2026-08-28 16:32:20,207 INFO Wrote 1 matching line(s) to /home/eyamrog/PycharmProjects/cl_st1_melina/cl_st1_ph1_melina/corpus/01_now_dataset/02_now_text/text_14-08-gri/14-08-ke.txt
2026-08-28 16:32:20,218 INFO Wrote 1 matching line(s) to /home/eyamrog/PycharmProjects/cl_st1_melina/cl_st1_ph1_melina/corpus/01_now_dataset/02_now_text/text_14-08-gri/14-08-lk.txt
2026-08-28 16:32:20,274 INFO Wrote 59 matching line(s) to /home/eyamrog/PycharmProjects/cl_st1_melina/cl_st1_ph1_melina/corpus/01_now_dataset/02_now_text/text_14-08-gri/14-08-my.txt
2026-08-28 16:32:20,350 INFO Wrote 3 matching line(s) to /home/eyamrog/PycharmProjects/cl_st1_melina/cl_st1_ph1_melina/corpus/01_now_dataset/02_now_text/text_14-08-gri/14-08-ng.txt
2026-08-28 16:32:20,417 INFO Wrote 5 matching line(s) to /home/eyamrog/PycharmProjects/cl_st1_melina/cl_st1_ph1_melina/corpus/01_now_dataset/02_now_text/text_14-08-gri/14-08-nz.txt
2026-08-28 16:32:20,531 INFO Wrote 16 matching line(s) to /home/eyamrog/PycharmProjects/cl_st1_melina/cl_st1_ph1_melina/corpus/01_now_dataset/02_now_text/text_14-08-gri/14-08-ph.txt
2026-08-28 16:32:20,584 INFO Wrote 30 matching line(s) to /home/eyamrog/PycharmProjects/cl_st1_melina/cl_st1_ph1_melina/corpus/01_now_dataset/02_now_text/text_14-08-gri/14-08-pk.txt
2026-08-28 16:32:20,639 INFO Wrote 12 matching line(s) to /home/eyamrog/PycharmProjects/cl_st1_melina/cl_st1_ph1_melina/corpus/01_now_dataset/02_now_text/text_14-08-gri/14-08-sg.txt
2026-08-28 16:32:20,647 INFO No matches found in 14-08-tz.txt; skipping output file
2026-08-28 16:32:21,208 INFO Wrote 127 matching line(s) to /home/eyamrog/PycharmProjects/cl_st1_melina/cl_st1_ph1_melina/corpus/01_now_dataset/02_now_text/text_14-08-gri/14-08-us.txt
2026-08-28 16:32:21,442 INFO Wrote 60 matching line(s) to /home/eyamrog/PycharmProjects/cl_st1_melina/cl_st1_ph1_melina/corpus/01_now_dataset/02_now_text/text_14-08-gri/14-08-za.txt
2026-08-28 16:32:21,870 INFO Wrote 29 matching line(s) to /home/eyamrog/PycharmProjects/cl_st1_melina/cl_st1_ph1_melina/corpus/01_now_dataset/02_now_text/text_14-09-hkl/14-09-au.txt
2026-08-28 16:32:21,913 INFO Wrote 2 matching line(s) to /home/eyamrog/PycharmProjects/cl_st1_melina/cl_st1_ph1_melina/corpus/01_now_dataset/02_now_text/text_14-09-hkl/14-09-bd.txt
2026-08-28 16:32:23,380 INFO Wrote 48 matching line(s) to /home/eyamrog/PycharmProjects/cl_st1_melina/cl_st1_ph1_melina/corpus/01_now_dataset/02_now_text/text_14-09-hkl/14-09-ca.txt
2026-08-28 16:32:24,190 INFO Wrote 66 matching line(s) to /home/eyamrog/PycharmProjects/cl_st1_melina/cl_st1_ph1_melina/corpus/01_now_dataset/02_now_text/text_14-09-hkl/14-09-gb.txt
2026-08-28 16:32:24,224 INFO Wrote 1 matching line(s) to /home/eyamrog/PycharmProjects/cl_st1_melina/cl_st1_ph1_melina/corpus/01_now_dataset/02_now_text/text_14-09-hkl/14-09-gh.txt
2026-08-28 16:32:24,237 INFO No matches found in 14-09-hk.txt; skipping output file
2026-08-28 16:32:24,487 INFO Wrote 21 matching line(s) to /home/eyamrog/PycharmProjects/cl_st1_melina/cl_st1_ph1_melina/corpus/01_now_dataset/02_now_text/text_14-09-hkl/14-09-ie.txt
2026-08-28 16:32:24,719 INFO Wrote 9 matching line(s) to /home/eyamrog/PycharmProjects/cl_st1_melina/cl_st1_ph1_melina/corpus/01_now_dataset/02_now_text/text_14-09-hkl/14-09-in.txt
2026-08-28 16:32:24,743 INFO Wrote 1 matching line(s) to /home/eyamrog/PycharmProjects/cl_st1_melina/cl_st1_ph1_melina/corpus/01_now_dataset/02_now_text/text_14-09-hkl/14-09-jm.txt
2026-08-28 16:32:24,772 INFO Wrote 4 matching line(s) to /home/eyamrog/PycharmProjects/cl_st1_melina/cl_st1_ph1_melina/corpus/01_now_dataset/02_now_text/text_14-09-hkl/14-09-ke.txt
2026-08-28 16:32:24,786 INFO Wrote 3 matching line(s) to /home/eyamrog/PycharmProjects/cl_st1_melina/cl_st1_ph1_melina/corpus/01_now_dataset/02_now_text/text_14-09-hkl/14-09-lk.txt
2026-08-28 16:32:24,852 INFO Wrote 11 matching line(s) to /home/eyamrog/PycharmProjects/cl_st1_melina/cl_st1_ph1_melina/corpus/01_now_dataset/02_now_text/text_14-09-hkl/14-09-my.txt
2026-08-28 16:32:24,933 INFO No matches found in 14-09-ng.txt; skipping output file
2026-08-28 16:32:25,013 INFO Wrote 1 matching line(s) to /home/eyamrog/PycharmProjects/cl_st1_melina/cl_st1_ph1_melina/corpus/01_now_dataset/02_now_text/text_14-09-hkl/14-09-nz.txt
2026-08-28 16:32:25,123 INFO Wrote 8 matching line(s) to /home/eyamrog/PycharmProjects/cl_st1_melina/cl_st1_ph1_melina/corpus/01_now_dataset/02_now_text/text_14-09-hkl/14-09-ph.txt
2026-08-28 16:32:25,174 INFO Wrote 6 matching line(s) to /home/eyamrog/PycharmProjects/cl_st1_melina/cl_st1_ph1_melina/corpus/01_now_dataset/02_now_text/text_14-09-hkl/14-09-pk.txt
2026-08-28 16:32:25,252 INFO Wrote 6 matching line(s) to /home/eyamrog/PycharmProjects/cl_st1_melina/cl_st1_ph1_melina/corpus/01_now_dataset/02_now_text/text_14-09-hkl/14-09-sg.txt
2026-08-28 16:32:25,262 INFO No matches found in 14-09-tz.txt; skipping output file
2026-08-28 16:32:25,835 INFO Wrote 74 matching line(s) to /home/eyamrog/PycharmProjects/cl_st1_melina/cl_st1_ph1_melina/corpus/01_now_dataset/02_now_text/text_14-09-hkl/14-09-us.txt
2026-08-28 16:32:26,090 INFO Wrote 16 matching line(s) to /home/eyamrog/PycharmProjects/cl_st1_melina/cl_st1_ph1_melina/corpus/01_now_dataset/02_now_text/text_14-09-hkl/14-09-za.txt
2026-08-28 16:32:26,358 INFO Wrote 10 matching line(s) to /home/eyamrog/PycharmProjects/cl_st1_melina/cl_st1_ph1_melina/corpus/01_now_dataset/02_now_text/text_14-10-alo/14-10-au.txt
2026-08-28 16:32:26,377 INFO Wrote 3 matching line(s) to /home/eyamrog/PycharmProjects/cl_st1_melina/cl_st1_ph1_melina/corpus/01_now_dataset/02_now_text/text_14-10-alo/14-10-bd.txt
2026-08-28 16:32:26,919 INFO Wrote 19 matching line(s) to /home/eyamrog/PycharmProjects/cl_st1_melina/cl_st1_ph1_melina/corpus/01_now_dataset/02_now_text/text_14-10-alo/14-10-ca.txt
2026-08-28 16:32:27,410 INFO Wrote 47 matching line(s) to /home/eyamrog/PycharmProjects/cl_st1_melina/cl_st1_ph1_melina/corpus/01_now_dataset/02_now_text/text_14-10-alo/14-10-gb.txt
2026-08-28 16:32:27,440 INFO No matches found in 14-10-gh.txt; skipping output file
2026-08-28 16:32:27,452 INFO No matches found in 14-10-hk.txt; skipping output file
2026-08-28 16:32:27,746 INFO Wrote 7 matching line(s) to /home/eyamrog/PycharmProjects/cl_st1_melina/cl_st1_ph1_melina/corpus/01_now_dataset/02_now_text/text_14-10-alo/14-10-ie.txt
2026-08-28 16:32:27,959 INFO Wrote 10 matching line(s) to /home/eyamrog/PycharmProjects/cl_st1_melina/cl_st1_ph1_melina/corpus/01_now_dataset/02_now_text/text_14-10-alo/14-10-in.txt
2026-08-28 16:32:27,983 INFO No matches found in 14-10-jm.txt; skipping output file
2026-08-28 16:32:28,013 INFO No matches found in 14-10-ke.txt; skipping output file
2026-08-28 16:32:28,029 INFO Wrote 1 matching line(s) to /home/eyamrog/PycharmProjects/cl_st1_melina/cl_st1_ph1_melina/corpus/01_now_dataset/02_now_text/text_14-10-alo/14-10-lk.txt
2026-08-28 16:32:28,093 INFO Wrote 6 matching line(s) to /home/eyamrog/PycharmProjects/cl_st1_melina/cl_st1_ph1_melina/corpus/01_now_dataset/02_now_text/text_14-10-alo/14-10-my.txt
2026-08-28 16:32:28,161 INFO No matches found in 14-10-ng.txt; skipping output file
2026-08-28 16:32:28,244 INFO Wrote 4 matching line(s) to /home/eyamrog/PycharmProjects/cl_st1_melina/cl_st1_ph1_melina/corpus/01_now_dataset/02_now_text/text_14-10-alo/14-10-nz.txt
2026-08-28 16:32:28,372 INFO Wrote 2 matching line(s) to /home/eyamrog/PycharmProjects/cl_st1_melina/cl_st1_ph1_melina/corpus/01_now_dataset/02_now_text/text_14-10-alo/14-10-ph.txt
2026-08-28 16:32:28,426 INFO Wrote 3 matching line(s) to /home/eyamrog/PycharmProjects/cl_st1_melina/cl_st1_ph1_melina/corpus/01_now_dataset/02_now_text/text_14-10-alo/14-10-pk.txt
2026-08-28 16:32:28,504 INFO Wrote 3 matching line(s) to /home/eyamrog/PycharmProjects/cl_st1_melina/cl_st1_ph1_melina/corpus/01_now_dataset/02_now_text/text_14-10-alo/14-10-sg.txt
2026-08-28 16:32:28,513 INFO Wrote 1 matching line(s) to /home/eyamrog/PycharmProjects/cl_st1_melina/cl_st1_ph1_melina/corpus/01_now_dataset/02_now_text/text_14-10-alo/14-10-tz.txt
2026-08-28 16:32:29,160 INFO Wrote 32 matching line(s) to /home/eyamrog/PycharmProjects/cl_st1_melina/cl_st1_ph1_melina/corpus/01_now_dataset/02_now_text/text_14-10-alo/14-10-us.txt
2026-08-28 16:32:29,455 INFO Wrote 16 matching line(s) to /home/eyamrog/PycharmProjects/cl_st1_melina/cl_st1_ph1_melina/corpus/01_now_dataset/02_now_text/text_14-10-alo/14-10-za.txt
2026-08-28 16:32:29,736 INFO Wrote 14 matching line(s) to /home/eyamrog/PycharmProjects/cl_st1_melina/cl_st1_ph1_melina/corpus/01_now_dataset/02_now_text/text_14-11-tlv/14-11-au.txt
2026-08-28 16:32:29,752 INFO Wrote 1 matching line(s) to /home/eyamrog/PycharmProjects/cl_st1_melina/cl_st1_ph1_melina/corpus/01_now_dataset/02_now_text/text_14-11-tlv/14-11-bd.txt
2026-08-28 16:32:30,280 INFO Wrote 16 matching line(s) to /home/eyamrog/PycharmProjects/cl_st1_melina/cl_st1_ph1_melina/corpus/01_now_dataset/02_now_text/text_14-11-tlv/14-11-ca.txt
2026-08-28 16:32:30,750 INFO Wrote 38 matching line(s) to /home/eyamrog/PycharmProjects/cl_st1_melina/cl_st1_ph1_melina/corpus/01_now_dataset/02_now_text/text_14-11-tlv/14-11-gb.txt
2026-08-28 16:32:30,777 INFO No matches found in 14-11-gh.txt; skipping output file
2026-08-28 16:32:30,788 INFO No matches found in 14-11-hk.txt; skipping output file
2026-08-28 16:32:31,086 INFO Wrote 12 matching line(s) to /home/eyamrog/PycharmProjects/cl_st1_melina/cl_st1_ph1_melina/corpus/01_now_dataset/02_now_text/text_14-11-tlv/14-11-ie.txt
2026-08-28 16:32:31,300 INFO Wrote 5 matching line(s) to /home/eyamrog/PycharmProjects/cl_st1_melina/cl_st1_ph1_melina/corpus/01_now_dataset/02_now_text/text_14-11-tlv/14-11-in.txt
2026-08-28 16:32:31,324 INFO No matches found in 14-11-jm.txt; skipping output file
2026-08-28 16:32:31,353 INFO No matches found in 14-11-ke.txt; skipping output file
2026-08-28 16:32:31,368 INFO No matches found in 14-11-lk.txt; skipping output file
2026-08-28 16:32:31,433 INFO Wrote 5 matching line(s) to /home/eyamrog/PycharmProjects/cl_st1_melina/cl_st1_ph1_melina/corpus/01_now_dataset/02_now_text/text_14-11-tlv/14-11-my.txt
2026-08-28 16:32:31,490 INFO Wrote 1 matching line(s) to /home/eyamrog/PycharmProjects/cl_st1_melina/cl_st1_ph1_melina/corpus/01_now_dataset/02_now_text/text_14-11-tlv/14-11-ng.txt
2026-08-28 16:32:31,562 INFO Wrote 1 matching line(s) to /home/eyamrog/PycharmProjects/cl_st1_melina/cl_st1_ph1_melina/corpus/01_now_dataset/02_now_text/text_14-11-tlv/14-11-nz.txt
2026-08-28 16:32:31,684 INFO Wrote 4 matching line(s) to /home/eyamrog/PycharmProjects/cl_st1_melina/cl_st1_ph1_melina/corpus/01_now_dataset/02_now_text/text_14-11-tlv/14-11-ph.txt
2026-08-28 16:32:31,745 INFO Wrote 8 matching line(s) to /home/eyamrog/PycharmProjects/cl_st1_melina/cl_st1_ph1_melina/corpus/01_now_dataset/02_now_text/text_14-11-tlv/14-11-pk.txt
2026-08-28 16:32:31,809 INFO Wrote 2 matching line(s) to /home/eyamrog/PycharmProjects/cl_st1_melina/cl_st1_ph1_melina/corpus/01_now_dataset/02_now_text/text_14-11-tlv/14-11-sg.txt
2026-08-28 16:32:31,818 INFO No matches found in 14-11-tz.txt; skipping output file
2026-08-28 16:32:32,353 INFO Wrote 24 matching line(s) to /home/eyamrog/PycharmProjects/cl_st1_melina/cl_st1_ph1_melina/corpus/01_now_dataset/02_now_text/text_14-11-tlv/14-11-us.txt
2026-08-28 16:32:32,611 INFO Wrote 16 matching line(s) to /home/eyamrog/PycharmProjects/cl_st1_melina/cl_st1_ph1_melina/corpus/01_now_dataset/02_now_text/text_14-11-tlv/14-11-za.txt
2026-08-28 16:32:32,878 INFO Wrote 16 matching line(s) to /home/eyamrog/PycharmProjects/cl_st1_melina/cl_st1_ph1_melina/corpus/01_now_dataset/02_now_text/text_14-12-dik/14-12-au.txt
2026-08-28 16:32:32,895 INFO Wrote 1 matching line(s) to /home/eyamrog/PycharmProjects/cl_st1_melina/cl_st1_ph1_melina/corpus/01_now_dataset/02_now_text/text_14-12-dik/14-12-bd.txt
2026-08-28 16:32:33,471 INFO Wrote 22 matching line(s) to /home/eyamrog/PycharmProjects/cl_st1_melina/cl_st1_ph1_melina/corpus/01_now_dataset/02_now_text/text_14-12-dik/14-12-ca.txt
2026-08-28 16:32:33,947 INFO Wrote 60 matching line(s) to /home/eyamrog/PycharmProjects/cl_st1_melina/cl_st1_ph1_melina/corpus/01_now_dataset/02_now_text/text_14-12-dik/14-12-gb.txt
2026-08-28 16:32:33,976 INFO No matches found in 14-12-gh.txt; skipping output file
2026-08-28 16:32:33,985 INFO Wrote 1 matching line(s) to /home/eyamrog/PycharmProjects/cl_st1_melina/cl_st1_ph1_melina/corpus/01_now_dataset/02_now_text/text_14-12-dik/14-12-hk.txt
2026-08-28 16:32:34,277 INFO Wrote 13 matching line(s) to /home/eyamrog/PycharmProjects/cl_st1_melina/cl_st1_ph1_melina/corpus/01_now_dataset/02_now_text/text_14-12-dik/14-12-ie.txt
2026-08-28 16:32:34,492 INFO Wrote 7 matching line(s) to /home/eyamrog/PycharmProjects/cl_st1_melina/cl_st1_ph1_melina/corpus/01_now_dataset/02_now_text/text_14-12-dik/14-12-in.txt
2026-08-28 16:32:34,518 INFO Wrote 1 matching line(s) to /home/eyamrog/PycharmProjects/cl_st1_melina/cl_st1_ph1_melina/corpus/01_now_dataset/02_now_text/text_14-12-dik/14-12-jm.txt
2026-08-28 16:32:34,548 INFO No matches found in 14-12-ke.txt; skipping output file
2026-08-28 16:32:34,567 INFO No matches found in 14-12-lk.txt; skipping output file
2026-08-28 16:32:34,639 INFO Wrote 7 matching line(s) to /home/eyamrog/PycharmProjects/cl_st1_melina/cl_st1_ph1_melina/corpus/01_now_dataset/02_now_text/text_14-12-dik/14-12-my.txt
2026-08-28 16:32:34,710 INFO Wrote 1 matching line(s) to /home/eyamrog/PycharmProjects/cl_st1_melina/cl_st1_ph1_melina/corpus/01_now_dataset/02_now_text/text_14-12-dik/14-12-ng.txt
2026-08-28 16:32:34,782 INFO Wrote 2 matching line(s) to /home/eyamrog/PycharmProjects/cl_st1_melina/cl_st1_ph1_melina/corpus/01_now_dataset/02_now_text/text_14-12-dik/14-12-nz.txt
2026-08-28 16:32:34,904 INFO Wrote 9 matching line(s) to /home/eyamrog/PycharmProjects/cl_st1_melina/cl_st1_ph1_melina/corpus/01_now_dataset/02_now_text/text_14-12-dik/14-12-ph.txt
2026-08-28 16:32:34,975 INFO Wrote 5 matching line(s) to /home/eyamrog/PycharmProjects/cl_st1_melina/cl_st1_ph1_melina/corpus/01_now_dataset/02_now_text/text_14-12-dik/14-12-pk.txt
2026-08-28 16:32:35,034 INFO Wrote 4 matching line(s) to /home/eyamrog/PycharmProjects/cl_st1_melina/cl_st1_ph1_melina/corpus/01_now_dataset/02_now_text/text_14-12-dik/14-12-sg.txt
2026-08-28 16:32:35,044 INFO No matches found in 14-12-tz.txt; skipping output file
2026-08-28 16:32:35,709 INFO Wrote 59 matching line(s) to /home/eyamrog/PycharmProjects/cl_st1_melina/cl_st1_ph1_melina/corpus/01_now_dataset/02_now_text/text_14-12-dik/14-12-us.txt
2026-08-28 16:32:35,915 INFO Wrote 5 matching line(s) to /home/eyamrog/PycharmProjects/cl_st1_melina/cl_st1_ph1_melina/corpus/01_now_dataset/02_now_text/text_14-12-dik/14-12-za.txt
2026-08-28 16:32:36,132 INFO Wrote 14 matching line(s) to /home/eyamrog/PycharmProjects/cl_st1_melina/cl_st1_ph1_melina/corpus/01_now_dataset/02_now_text/text_15-01-oam/15-01-au.txt
2026-08-28 16:32:36,159 INFO No matches found in 15-01-bd.txt; skipping output file
2026-08-28 16:32:36,733 INFO Wrote 19 matching line(s) to /home/eyamrog/PycharmProjects/cl_st1_melina/cl_st1_ph1_melina/corpus/01_now_dataset/02_now_text/text_15-01-oam/15-01-ca.txt
2026-08-28 16:32:37,958 INFO Wrote 41 matching line(s) to /home/eyamrog/PycharmProjects/cl_st1_melina/cl_st1_ph1_melina/corpus/01_now_dataset/02_now_text/text_15-01-oam/15-01-gb.txt
2026-08-28 16:32:38,083 INFO Wrote 1 matching line(s) to /home/eyamrog/PycharmProjects/cl_st1_melina/cl_st1_ph1_melina/corpus/01_now_dataset/02_now_text/text_15-01-oam/15-01-gh.txt
2026-08-28 16:32:38,107 INFO No matches found in 15-01-hk.txt; skipping output file
2026-08-28 16:32:38,572 INFO Wrote 17 matching line(s) to /home/eyamrog/PycharmProjects/cl_st1_melina/cl_st1_ph1_melina/corpus/01_now_dataset/02_now_text/text_15-01-oam/15-01-ie.txt
2026-08-28 16:32:38,807 INFO Wrote 8 matching line(s) to /home/eyamrog/PycharmProjects/cl_st1_melina/cl_st1_ph1_melina/corpus/01_now_dataset/02_now_text/text_15-01-oam/15-01-in.txt
2026-08-28 16:32:38,835 INFO Wrote 1 matching line(s) to /home/eyamrog/PycharmProjects/cl_st1_melina/cl_st1_ph1_melina/corpus/01_now_dataset/02_now_text/text_15-01-oam/15-01-jm.txt
2026-08-28 16:32:38,873 INFO No matches found in 15-01-ke.txt; skipping output file
2026-08-28 16:32:38,894 INFO Wrote 2 matching line(s) to /home/eyamrog/PycharmProjects/cl_st1_melina/cl_st1_ph1_melina/corpus/01_now_dataset/02_now_text/text_15-01-oam/15-01-lk.txt
2026-08-28 16:32:38,962 INFO Wrote 5 matching line(s) to /home/eyamrog/PycharmProjects/cl_st1_melina/cl_st1_ph1_melina/corpus/01_now_dataset/02_now_text/text_15-01-oam/15-01-my.txt
2026-08-28 16:32:39,029 INFO No matches found in 15-01-ng.txt; skipping output file
2026-08-28 16:32:39,109 INFO Wrote 2 matching line(s) to /home/eyamrog/PycharmProjects/cl_st1_melina/cl_st1_ph1_melina/corpus/01_now_dataset/02_now_text/text_15-01-oam/15-01-nz.txt
2026-08-28 16:32:39,236 INFO Wrote 3 matching line(s) to /home/eyamrog/PycharmProjects/cl_st1_melina/cl_st1_ph1_melina/corpus/01_now_dataset/02_now_text/text_15-01-oam/15-01-ph.txt
2026-08-28 16:32:39,313 INFO Wrote 5 matching line(s) to /home/eyamrog/PycharmProjects/cl_st1_melina/cl_st1_ph1_melina/corpus/01_now_dataset/02_now_text/text_15-01-oam/15-01-pk.txt
2026-08-28 16:32:39,403 INFO Wrote 16 matching line(s) to /home/eyamrog/PycharmProjects/cl_st1_melina/cl_st1_ph1_melina/corpus/01_now_dataset/02_now_text/text_15-01-oam/15-01-sg.txt
2026-08-28 16:32:39,416 INFO No matches found in 15-01-tz.txt; skipping output file
2026-08-28 16:32:39,968 INFO Wrote 36 matching line(s) to /home/eyamrog/PycharmProjects/cl_st1_melina/cl_st1_ph1_melina/corpus/01_now_dataset/02_now_text/text_15-01-oam/15-01-us.txt
2026-08-28 16:32:40,209 INFO Wrote 15 matching line(s) to /home/eyamrog/PycharmProjects/cl_st1_melina/cl_st1_ph1_melina/corpus/01_now_dataset/02_now_text/text_15-01-oam/15-01-za.txt
2026-08-28 16:32:40,458 INFO Wrote 7 matching line(s) to /home/eyamrog/PycharmProjects/cl_st1_melina/cl_st1_ph1_melina/corpus/01_now_dataset/02_now_text/text_15-02-xnd/15-02-au.txt
2026-08-28 16:32:40,475 INFO No matches found in 15-02-bd.txt; skipping output file
2026-08-28 16:32:40,948 INFO Wrote 13 matching line(s) to /home/eyamrog/PycharmProjects/cl_st1_melina/cl_st1_ph1_melina/corpus/01_now_dataset/02_now_text/text_15-02-xnd/15-02-ca.txt
2026-08-28 16:32:41,391 INFO Wrote 35 matching line(s) to /home/eyamrog/PycharmProjects/cl_st1_melina/cl_st1_ph1_melina/corpus/01_now_dataset/02_now_text/text_15-02-xnd/15-02-gb.txt
2026-08-28 16:32:41,423 INFO No matches found in 15-02-gh.txt; skipping output file
2026-08-28 16:32:41,434 INFO No matches found in 15-02-hk.txt; skipping output file
2026-08-28 16:32:41,711 INFO Wrote 6 matching line(s) to /home/eyamrog/PycharmProjects/cl_st1_melina/cl_st1_ph1_melina/corpus/01_now_dataset/02_now_text/text_15-02-xnd/15-02-ie.txt
2026-08-28 16:32:41,897 INFO Wrote 2 matching line(s) to /home/eyamrog/PycharmProjects/cl_st1_melina/cl_st1_ph1_melina/corpus/01_now_dataset/02_now_text/text_15-02-xnd/15-02-in.txt
2026-08-28 16:32:41,918 INFO Wrote 1 matching line(s) to /home/eyamrog/PycharmProjects/cl_st1_melina/cl_st1_ph1_melina/corpus/01_now_dataset/02_now_text/text_15-02-xnd/15-02-jm.txt
2026-08-28 16:32:41,945 INFO No matches found in 15-02-ke.txt; skipping output file
2026-08-28 16:32:41,958 INFO No matches found in 15-02-lk.txt; skipping output file
2026-08-28 16:32:42,013 INFO Wrote 4 matching line(s) to /home/eyamrog/PycharmProjects/cl_st1_melina/cl_st1_ph1_melina/corpus/01_now_dataset/02_now_text/text_15-02-xnd/15-02-my.txt
2026-08-28 16:32:42,071 INFO No matches found in 15-02-ng.txt; skipping output file
2026-08-28 16:32:42,152 INFO Wrote 1 matching line(s) to /home/eyamrog/PycharmProjects/cl_st1_melina/cl_st1_ph1_melina/corpus/01_now_dataset/02_now_text/text_15-02-xnd/15-02-nz.txt
2026-08-28 16:32:42,270 INFO Wrote 4 matching line(s) to /home/eyamrog/PycharmProjects/cl_st1_melina/cl_st1_ph1_melina/corpus/01_now_dataset/02_now_text/text_15-02-xnd/15-02-ph.txt
2026-08-28 16:32:42,337 INFO Wrote 1 matching line(s) to /home/eyamrog/PycharmProjects/cl_st1_melina/cl_st1_ph1_melina/corpus/01_now_dataset/02_now_text/text_15-02-xnd/15-02-pk.txt
2026-08-28 16:32:42,427 INFO Wrote 3 matching line(s) to /home/eyamrog/PycharmProjects/cl_st1_melina/cl_st1_ph1_melina/corpus/01_now_dataset/02_now_text/text_15-02-xnd/15-02-sg.txt
2026-08-28 16:32:42,439 INFO No matches found in 15-02-tz.txt; skipping output file
2026-08-28 16:32:42,964 INFO Wrote 27 matching line(s) to /home/eyamrog/PycharmProjects/cl_st1_melina/cl_st1_ph1_melina/corpus/01_now_dataset/02_now_text/text_15-02-xnd/15-02-us.txt
2026-08-28 16:32:43,215 INFO Wrote 10 matching line(s) to /home/eyamrog/PycharmProjects/cl_st1_melina/cl_st1_ph1_melina/corpus/01_now_dataset/02_now_text/text_15-02-xnd/15-02-za.txt
2026-08-28 16:32:43,466 INFO Wrote 10 matching line(s) to /home/eyamrog/PycharmProjects/cl_st1_melina/cl_st1_ph1_melina/corpus/01_now_dataset/02_now_text/text_15-03-dhu/15-03-au.txt
2026-08-28 16:32:43,486 INFO No matches found in 15-03-bd.txt; skipping output file
2026-08-28 16:32:44,038 INFO Wrote 22 matching line(s) to /home/eyamrog/PycharmProjects/cl_st1_melina/cl_st1_ph1_melina/corpus/01_now_dataset/02_now_text/text_15-03-dhu/15-03-ca.txt
2026-08-28 16:32:44,561 INFO Wrote 34 matching line(s) to /home/eyamrog/PycharmProjects/cl_st1_melina/cl_st1_ph1_melina/corpus/01_now_dataset/02_now_text/text_15-03-dhu/15-03-gb.txt
2026-08-28 16:32:44,597 INFO No matches found in 15-03-gh.txt; skipping output file
2026-08-28 16:32:44,616 INFO Wrote 1 matching line(s) to /home/eyamrog/PycharmProjects/cl_st1_melina/cl_st1_ph1_melina/corpus/01_now_dataset/02_now_text/text_15-03-dhu/15-03-hk.txt
2026-08-28 16:32:44,908 INFO Wrote 8 matching line(s) to /home/eyamrog/PycharmProjects/cl_st1_melina/cl_st1_ph1_melina/corpus/01_now_dataset/02_now_text/text_15-03-dhu/15-03-ie.txt
2026-08-28 16:32:45,125 INFO Wrote 4 matching line(s) to /home/eyamrog/PycharmProjects/cl_st1_melina/cl_st1_ph1_melina/corpus/01_now_dataset/02_now_text/text_15-03-dhu/15-03-in.txt
2026-08-28 16:32:45,148 INFO Wrote 1 matching line(s) to /home/eyamrog/PycharmProjects/cl_st1_melina/cl_st1_ph1_melina/corpus/01_now_dataset/02_now_text/text_15-03-dhu/15-03-jm.txt
2026-08-28 16:32:45,180 INFO No matches found in 15-03-ke.txt; skipping output file
2026-08-28 16:32:45,200 INFO No matches found in 15-03-lk.txt; skipping output file
2026-08-28 16:32:45,258 INFO Wrote 3 matching line(s) to /home/eyamrog/PycharmProjects/cl_st1_melina/cl_st1_ph1_melina/corpus/01_now_dataset/02_now_text/text_15-03-dhu/15-03-my.txt
2026-08-28 16:32:45,315 INFO No matches found in 15-03-ng.txt; skipping output file
2026-08-28 16:32:45,404 INFO No matches found in 15-03-nz.txt; skipping output file
2026-08-28 16:32:45,564 INFO Wrote 2 matching line(s) to /home/eyamrog/PycharmProjects/cl_st1_melina/cl_st1_ph1_melina/corpus/01_now_dataset/02_now_text/text_15-03-dhu/15-03-ph.txt
2026-08-28 16:32:45,625 INFO Wrote 8 matching line(s) to /home/eyamrog/PycharmProjects/cl_st1_melina/cl_st1_ph1_melina/corpus/01_now_dataset/02_now_text/text_15-03-dhu/15-03-pk.txt
2026-08-28 16:32:45,735 INFO Wrote 3 matching line(s) to /home/eyamrog/PycharmProjects/cl_st1_melina/cl_st1_ph1_melina/corpus/01_now_dataset/02_now_text/text_15-03-dhu/15-03-sg.txt
2026-08-28 16:32:45,749 INFO No matches found in 15-03-tz.txt; skipping output file
2026-08-28 16:32:46,375 INFO Wrote 36 matching line(s) to /home/eyamrog/PycharmProjects/cl_st1_melina/cl_st1_ph1_melina/corpus/01_now_dataset/02_now_text/text_15-03-dhu/15-03-us.txt
2026-08-28 16:32:46,694 INFO Wrote 14 matching line(s) to /home/eyamrog/PycharmProjects/cl_st1_melina/cl_st1_ph1_melina/corpus/01_now_dataset/02_now_text/text_15-03-dhu/15-03-za.txt
2026-08-28 16:32:46,943 INFO Wrote 12 matching line(s) to /home/eyamrog/PycharmProjects/cl_st1_melina/cl_st1_ph1_melina/corpus/01_now_dataset/02_now_text/text_15-04-qci/15-04-au.txt
2026-08-28 16:32:46,963 INFO No matches found in 15-04-bd.txt; skipping output file
2026-08-28 16:32:47,459 INFO Wrote 5 matching line(s) to /home/eyamrog/PycharmProjects/cl_st1_melina/cl_st1_ph1_melina/corpus/01_now_dataset/02_now_text/text_15-04-qci/15-04-ca.txt
2026-08-28 16:32:47,940 INFO Wrote 32 matching line(s) to /home/eyamrog/PycharmProjects/cl_st1_melina/cl_st1_ph1_melina/corpus/01_now_dataset/02_now_text/text_15-04-qci/15-04-gb.txt
2026-08-28 16:32:47,974 INFO No matches found in 15-04-gh.txt; skipping output file
2026-08-28 16:32:47,999 INFO No matches found in 15-04-hk.txt; skipping output file
2026-08-28 16:32:48,274 INFO Wrote 6 matching line(s) to /home/eyamrog/PycharmProjects/cl_st1_melina/cl_st1_ph1_melina/corpus/01_now_dataset/02_now_text/text_15-04-qci/15-04-ie.txt
2026-08-28 16:32:48,473 INFO Wrote 6 matching line(s) to /home/eyamrog/PycharmProjects/cl_st1_melina/cl_st1_ph1_melina/corpus/01_now_dataset/02_now_text/text_15-04-qci/15-04-in.txt
2026-08-28 16:32:48,495 INFO Wrote 1 matching line(s) to /home/eyamrog/PycharmProjects/cl_st1_melina/cl_st1_ph1_melina/corpus/01_now_dataset/02_now_text/text_15-04-qci/15-04-jm.txt
2026-08-28 16:32:48,525 INFO No matches found in 15-04-ke.txt; skipping output file
2026-08-28 16:32:48,543 INFO No matches found in 15-04-lk.txt; skipping output file
2026-08-28 16:32:48,602 INFO Wrote 5 matching line(s) to /home/eyamrog/PycharmProjects/cl_st1_melina/cl_st1_ph1_melina/corpus/01_now_dataset/02_now_text/text_15-04-qci/15-04-my.txt
2026-08-28 16:32:48,644 INFO No matches found in 15-04-ng.txt; skipping output file
2026-08-28 16:32:48,729 INFO Wrote 1 matching line(s) to /home/eyamrog/PycharmProjects/cl_st1_melina/cl_st1_ph1_melina/corpus/01_now_dataset/02_now_text/text_15-04-qci/15-04-nz.txt
2026-08-28 16:32:48,882 INFO Wrote 3 matching line(s) to /home/eyamrog/PycharmProjects/cl_st1_melina/cl_st1_ph1_melina/corpus/01_now_dataset/02_now_text/text_15-04-qci/15-04-ph.txt
2026-08-28 16:32:48,953 INFO Wrote 6 matching line(s) to /home/eyamrog/PycharmProjects/cl_st1_melina/cl_st1_ph1_melina/corpus/01_now_dataset/02_now_text/text_15-04-qci/15-04-pk.txt
2026-08-28 16:32:49,079 INFO Wrote 4 matching line(s) to /home/eyamrog/PycharmProjects/cl_st1_melina/cl_st1_ph1_melina/corpus/01_now_dataset/02_now_text/text_15-04-qci/15-04-sg.txt
2026-08-28 16:32:49,093 INFO No matches found in 15-04-tz.txt; skipping output file
2026-08-28 16:32:49,663 INFO Wrote 16 matching line(s) to /home/eyamrog/PycharmProjects/cl_st1_melina/cl_st1_ph1_melina/corpus/01_now_dataset/02_now_text/text_15-04-qci/15-04-us.txt
2026-08-28 16:32:49,976 INFO Wrote 6 matching line(s) to /home/eyamrog/PycharmProjects/cl_st1_melina/cl_st1_ph1_melina/corpus/01_now_dataset/02_now_text/text_15-04-qci/15-04-za.txt
2026-08-28 16:32:50,213 INFO Wrote 5 matching line(s) to /home/eyamrog/PycharmProjects/cl_st1_melina/cl_st1_ph1_melina/corpus/01_now_dataset/02_now_text/text_15-05-xzr/15-05-au.txt
2026-08-28 16:32:50,240 INFO No matches found in 15-05-bd.txt; skipping output file
2026-08-28 16:32:50,696 INFO Wrote 11 matching line(s) to /home/eyamrog/PycharmProjects/cl_st1_melina/cl_st1_ph1_melina/corpus/01_now_dataset/02_now_text/text_15-05-xzr/15-05-ca.txt
2026-08-28 16:32:51,165 INFO Wrote 25 matching line(s) to /home/eyamrog/PycharmProjects/cl_st1_melina/cl_st1_ph1_melina/corpus/01_now_dataset/02_now_text/text_15-05-xzr/15-05-gb.txt
2026-08-28 16:32:51,195 INFO No matches found in 15-05-gh.txt; skipping output file
2026-08-28 16:32:51,220 INFO No matches found in 15-05-hk.txt; skipping output file
2026-08-28 16:32:51,488 INFO Wrote 9 matching line(s) to /home/eyamrog/PycharmProjects/cl_st1_melina/cl_st1_ph1_melina/corpus/01_now_dataset/02_now_text/text_15-05-xzr/15-05-ie.txt
2026-08-28 16:32:51,841 INFO Wrote 1 matching line(s) to /home/eyamrog/PycharmProjects/cl_st1_melina/cl_st1_ph1_melina/corpus/01_now_dataset/02_now_text/text_15-05-xzr/15-05-in.txt
2026-08-28 16:32:51,899 INFO Wrote 1 matching line(s) to /home/eyamrog/PycharmProjects/cl_st1_melina/cl_st1_ph1_melina/corpus/01_now_dataset/02_now_text/text_15-05-xzr/15-05-jm.txt
2026-08-28 16:32:51,954 INFO Wrote 1 matching line(s) to /home/eyamrog/PycharmProjects/cl_st1_melina/cl_st1_ph1_melina/corpus/01_now_dataset/02_now_text/text_15-05-xzr/15-05-ke.txt
2026-08-28 16:32:51,984 INFO No matches found in 15-05-lk.txt; skipping output file
2026-08-28 16:32:52,085 INFO Wrote 4 matching line(s) to /home/eyamrog/PycharmProjects/cl_st1_melina/cl_st1_ph1_melina/corpus/01_now_dataset/02_now_text/text_15-05-xzr/15-05-my.txt
2026-08-28 16:32:52,170 INFO Wrote 1 matching line(s) to /home/eyamrog/PycharmProjects/cl_st1_melina/cl_st1_ph1_melina/corpus/01_now_dataset/02_now_text/text_15-05-xzr/15-05-ng.txt
2026-08-28 16:32:52,342 INFO No matches found in 15-05-nz.txt; skipping output file
2026-08-28 16:32:52,744 INFO No matches found in 15-05-ph.txt; skipping output file
2026-08-28 16:32:52,959 INFO Wrote 1 matching line(s) to /home/eyamrog/PycharmProjects/cl_st1_melina/cl_st1_ph1_melina/corpus/01_now_dataset/02_now_text/text_15-05-xzr/15-05-pk.txt
2026-08-28 16:32:53,280 INFO Wrote 5 matching line(s) to /home/eyamrog/PycharmProjects/cl_st1_melina/cl_st1_ph1_melina/corpus/01_now_dataset/02_now_text/text_15-05-xzr/15-05-sg.txt
2026-08-28 16:32:53,299 INFO No matches found in 15-05-tz.txt; skipping output file
2026-08-28 16:32:54,283 INFO Wrote 16 matching line(s) to /home/eyamrog/PycharmProjects/cl_st1_melina/cl_st1_ph1_melina/corpus/01_now_dataset/02_now_text/text_15-05-xzr/15-05-us.txt
2026-08-28 16:32:54,625 INFO Wrote 8 matching line(s) to /home/eyamrog/PycharmProjects/cl_st1_melina/cl_st1_ph1_melina/corpus/01_now_dataset/02_now_text/text_15-05-xzr/15-05-za.txt
2026-08-28 16:32:54,871 INFO Wrote 9 matching line(s) to /home/eyamrog/PycharmProjects/cl_st1_melina/cl_st1_ph1_melina/corpus/01_now_dataset/02_now_text/text_15-06-jhb/15-06-au.txt
2026-08-28 16:32:54,891 INFO No matches found in 15-06-bd.txt; skipping output file
2026-08-28 16:32:55,401 INFO Wrote 10 matching line(s) to /home/eyamrog/PycharmProjects/cl_st1_melina/cl_st1_ph1_melina/corpus/01_now_dataset/02_now_text/text_15-06-jhb/15-06-ca.txt
2026-08-28 16:32:55,893 INFO Wrote 32 matching line(s) to /home/eyamrog/PycharmProjects/cl_st1_melina/cl_st1_ph1_melina/corpus/01_now_dataset/02_now_text/text_15-06-jhb/15-06-gb.txt
2026-08-28 16:32:55,920 INFO No matches found in 15-06-gh.txt; skipping output file
2026-08-28 16:32:55,948 INFO No matches found in 15-06-hk.txt; skipping output file
2026-08-28 16:32:56,203 INFO Wrote 5 matching line(s) to /home/eyamrog/PycharmProjects/cl_st1_melina/cl_st1_ph1_melina/corpus/01_now_dataset/02_now_text/text_15-06-jhb/15-06-ie.txt
2026-08-28 16:32:56,388 INFO Wrote 5 matching line(s) to /home/eyamrog/PycharmProjects/cl_st1_melina/cl_st1_ph1_melina/corpus/01_now_dataset/02_now_text/text_15-06-jhb/15-06-in.txt
2026-08-28 16:32:56,413 INFO Wrote 1 matching line(s) to /home/eyamrog/PycharmProjects/cl_st1_melina/cl_st1_ph1_melina/corpus/01_now_dataset/02_now_text/text_15-06-jhb/15-06-jm.txt
2026-08-28 16:32:56,449 INFO Wrote 1 matching line(s) to /home/eyamrog/PycharmProjects/cl_st1_melina/cl_st1_ph1_melina/corpus/01_now_dataset/02_now_text/text_15-06-jhb/15-06-ke.txt
2026-08-28 16:32:56,469 INFO No matches found in 15-06-lk.txt; skipping output file
2026-08-28 16:32:56,519 INFO Wrote 6 matching line(s) to /home/eyamrog/PycharmProjects/cl_st1_melina/cl_st1_ph1_melina/corpus/01_now_dataset/02_now_text/text_15-06-jhb/15-06-my.txt
2026-08-28 16:32:56,563 INFO No matches found in 15-06-ng.txt; skipping output file
2026-08-28 16:32:56,654 INFO Wrote 1 matching line(s) to /home/eyamrog/PycharmProjects/cl_st1_melina/cl_st1_ph1_melina/corpus/01_now_dataset/02_now_text/text_15-06-jhb/15-06-nz.txt
2026-08-28 16:32:56,806 INFO Wrote 6 matching line(s) to /home/eyamrog/PycharmProjects/cl_st1_melina/cl_st1_ph1_melina/corpus/01_now_dataset/02_now_text/text_15-06-jhb/15-06-ph.txt
2026-08-28 16:32:56,869 INFO Wrote 4 matching line(s) to /home/eyamrog/PycharmProjects/cl_st1_melina/cl_st1_ph1_melina/corpus/01_now_dataset/02_now_text/text_15-06-jhb/15-06-pk.txt
2026-08-28 16:32:57,002 INFO Wrote 1 matching line(s) to /home/eyamrog/PycharmProjects/cl_st1_melina/cl_st1_ph1_melina/corpus/01_now_dataset/02_now_text/text_15-06-jhb/15-06-sg.txt
2026-08-28 16:32:57,015 INFO No matches found in 15-06-tz.txt; skipping output file
2026-08-28 16:32:57,596 INFO Wrote 24 matching line(s) to /home/eyamrog/PycharmProjects/cl_st1_melina/cl_st1_ph1_melina/corpus/01_now_dataset/02_now_text/text_15-06-jhb/15-06-us.txt
2026-08-28 16:32:57,901 INFO Wrote 14 matching line(s) to /home/eyamrog/PycharmProjects/cl_st1_melina/cl_st1_ph1_melina/corpus/01_now_dataset/02_now_text/text_15-06-jhb/15-06-za.txt
2026-08-28 16:32:58,127 INFO Wrote 6 matching line(s) to /home/eyamrog/PycharmProjects/cl_st1_melina/cl_st1_ph1_melina/corpus/01_now_dataset/02_now_text/text_15-07-ztm/15-07-au.txt
2026-08-28 16:32:58,143 INFO Wrote 1 matching line(s) to /home/eyamrog/PycharmProjects/cl_st1_melina/cl_st1_ph1_melina/corpus/01_now_dataset/02_now_text/text_15-07-ztm/15-07-bd.txt
2026-08-28 16:32:58,622 INFO Wrote 10 matching line(s) to /home/eyamrog/PycharmProjects/cl_st1_melina/cl_st1_ph1_melina/corpus/01_now_dataset/02_now_text/text_15-07-ztm/15-07-ca.txt
2026-08-28 16:32:59,098 INFO Wrote 31 matching line(s) to /home/eyamrog/PycharmProjects/cl_st1_melina/cl_st1_ph1_melina/corpus/01_now_dataset/02_now_text/text_15-07-ztm/15-07-gb.txt
2026-08-28 16:32:59,129 INFO Wrote 1 matching line(s) to /home/eyamrog/PycharmProjects/cl_st1_melina/cl_st1_ph1_melina/corpus/01_now_dataset/02_now_text/text_15-07-ztm/15-07-gh.txt
2026-08-28 16:32:59,160 INFO No matches found in 15-07-hk.txt; skipping output file
2026-08-28 16:32:59,427 INFO Wrote 7 matching line(s) to /home/eyamrog/PycharmProjects/cl_st1_melina/cl_st1_ph1_melina/corpus/01_now_dataset/02_now_text/text_15-07-ztm/15-07-ie.txt
2026-08-28 16:32:59,619 INFO Wrote 2 matching line(s) to /home/eyamrog/PycharmProjects/cl_st1_melina/cl_st1_ph1_melina/corpus/01_now_dataset/02_now_text/text_15-07-ztm/15-07-in.txt
2026-08-28 16:32:59,642 INFO No matches found in 15-07-jm.txt; skipping output file
2026-08-28 16:32:59,683 INFO Wrote 1 matching line(s) to /home/eyamrog/PycharmProjects/cl_st1_melina/cl_st1_ph1_melina/corpus/01_now_dataset/02_now_text/text_15-07-ztm/15-07-ke.txt
2026-08-28 16:32:59,708 INFO Wrote 1 matching line(s) to /home/eyamrog/PycharmProjects/cl_st1_melina/cl_st1_ph1_melina/corpus/01_now_dataset/02_now_text/text_15-07-ztm/15-07-lk.txt
2026-08-28 16:32:59,763 INFO Wrote 1 matching line(s) to /home/eyamrog/PycharmProjects/cl_st1_melina/cl_st1_ph1_melina/corpus/01_now_dataset/02_now_text/text_15-07-ztm/15-07-my.txt
2026-08-28 16:32:59,807 INFO Wrote 1 matching line(s) to /home/eyamrog/PycharmProjects/cl_st1_melina/cl_st1_ph1_melina/corpus/01_now_dataset/02_now_text/text_15-07-ztm/15-07-ng.txt
2026-08-28 16:32:59,882 INFO Wrote 1 matching line(s) to /home/eyamrog/PycharmProjects/cl_st1_melina/cl_st1_ph1_melina/corpus/01_now_dataset/02_now_text/text_15-07-ztm/15-07-nz.txt
2026-08-28 16:33:00,043 INFO Wrote 1 matching line(s) to /home/eyamrog/PycharmProjects/cl_st1_melina/cl_st1_ph1_melina/corpus/01_now_dataset/02_now_text/text_15-07-ztm/15-07-ph.txt
2026-08-28 16:33:00,100 INFO Wrote 6 matching line(s) to /home/eyamrog/PycharmProjects/cl_st1_melina/cl_st1_ph1_melina/corpus/01_now_dataset/02_now_text/text_15-07-ztm/15-07-pk.txt
2026-08-28 16:33:00,257 INFO Wrote 8 matching line(s) to /home/eyamrog/PycharmProjects/cl_st1_melina/cl_st1_ph1_melina/corpus/01_now_dataset/02_now_text/text_15-07-ztm/15-07-sg.txt
2026-08-28 16:33:00,270 INFO No matches found in 15-07-tz.txt; skipping output file
2026-08-28 16:33:00,835 INFO Wrote 24 matching line(s) to /home/eyamrog/PycharmProjects/cl_st1_melina/cl_st1_ph1_melina/corpus/01_now_dataset/02_now_text/text_15-07-ztm/15-07-us.txt
2026-08-28 16:33:01,176 INFO Wrote 7 matching line(s) to /home/eyamrog/PycharmProjects/cl_st1_melina/cl_st1_ph1_melina/corpus/01_now_dataset/02_now_text/text_15-07-ztm/15-07-za.txt
2026-08-28 16:33:01,387 INFO Wrote 2 matching line(s) to /home/eyamrog/PycharmProjects/cl_st1_melina/cl_st1_ph1_melina/corpus/01_now_dataset/02_now_text/text_15-08-orq/15-08-au.txt
2026-08-28 16:33:01,406 INFO No matches found in 15-08-bd.txt; skipping output file
2026-08-28 16:33:01,798 INFO Wrote 10 matching line(s) to /home/eyamrog/PycharmProjects/cl_st1_melina/cl_st1_ph1_melina/corpus/01_now_dataset/02_now_text/text_15-08-orq/15-08-ca.txt
2026-08-28 16:33:02,190 INFO Wrote 17 matching line(s) to /home/eyamrog/PycharmProjects/cl_st1_melina/cl_st1_ph1_melina/corpus/01_now_dataset/02_now_text/text_15-08-orq/15-08-gb.txt
2026-08-28 16:33:02,219 INFO No matches found in 15-08-gh.txt; skipping output file
2026-08-28 16:33:02,237 INFO Wrote 1 matching line(s) to /home/eyamrog/PycharmProjects/cl_st1_melina/cl_st1_ph1_melina/corpus/01_now_dataset/02_now_text/text_15-08-orq/15-08-hk.txt
2026-08-28 16:33:02,457 INFO Wrote 5 matching line(s) to /home/eyamrog/PycharmProjects/cl_st1_melina/cl_st1_ph1_melina/corpus/01_now_dataset/02_now_text/text_15-08-orq/15-08-ie.txt
2026-08-28 16:33:02,638 INFO Wrote 1 matching line(s) to /home/eyamrog/PycharmProjects/cl_st1_melina/cl_st1_ph1_melina/corpus/01_now_dataset/02_now_text/text_15-08-orq/15-08-in.txt
2026-08-28 16:33:02,659 INFO No matches found in 15-08-jm.txt; skipping output file
2026-08-28 16:33:02,696 INFO Wrote 2 matching line(s) to /home/eyamrog/PycharmProjects/cl_st1_melina/cl_st1_ph1_melina/corpus/01_now_dataset/02_now_text/text_15-08-orq/15-08-ke.txt
2026-08-28 16:33:02,717 INFO No matches found in 15-08-lk.txt; skipping output file
2026-08-28 16:33:02,764 INFO Wrote 1 matching line(s) to /home/eyamrog/PycharmProjects/cl_st1_melina/cl_st1_ph1_melina/corpus/01_now_dataset/02_now_text/text_15-08-orq/15-08-my.txt
2026-08-28 16:33:02,811 INFO No matches found in 15-08-ng.txt; skipping output file
2026-08-28 16:33:02,860 INFO No matches found in 15-08-nz.txt; skipping output file
2026-08-28 16:33:03,009 INFO Wrote 3 matching line(s) to /home/eyamrog/PycharmProjects/cl_st1_melina/cl_st1_ph1_melina/corpus/01_now_dataset/02_now_text/text_15-08-orq/15-08-ph.txt
2026-08-28 16:33:03,076 INFO Wrote 3 matching line(s) to /home/eyamrog/PycharmProjects/cl_st1_melina/cl_st1_ph1_melina/corpus/01_now_dataset/02_now_text/text_15-08-orq/15-08-pk.txt
2026-08-28 16:33:03,212 INFO Wrote 10 matching line(s) to /home/eyamrog/PycharmProjects/cl_st1_melina/cl_st1_ph1_melina/corpus/01_now_dataset/02_now_text/text_15-08-orq/15-08-sg.txt
2026-08-28 16:33:03,223 INFO No matches found in 15-08-tz.txt; skipping output file
2026-08-28 16:33:03,745 INFO Wrote 29 matching line(s) to /home/eyamrog/PycharmProjects/cl_st1_melina/cl_st1_ph1_melina/corpus/01_now_dataset/02_now_text/text_15-08-orq/15-08-us.txt
2026-08-28 16:33:04,058 INFO Wrote 7 matching line(s) to /home/eyamrog/PycharmProjects/cl_st1_melina/cl_st1_ph1_melina/corpus/01_now_dataset/02_now_text/text_15-08-orq/15-08-za.txt
2026-08-28 16:33:04,252 INFO Wrote 1 matching line(s) to /home/eyamrog/PycharmProjects/cl_st1_melina/cl_st1_ph1_melina/corpus/01_now_dataset/02_now_text/text_15-09-jku/15-09-au.txt
2026-08-28 16:33:04,271 INFO No matches found in 15-09-bd.txt; skipping output file
2026-08-28 16:33:04,655 INFO Wrote 12 matching line(s) to /home/eyamrog/PycharmProjects/cl_st1_melina/cl_st1_ph1_melina/corpus/01_now_dataset/02_now_text/text_15-09-jku/15-09-ca.txt
2026-08-28 16:33:05,068 INFO Wrote 26 matching line(s) to /home/eyamrog/PycharmProjects/cl_st1_melina/cl_st1_ph1_melina/corpus/01_now_dataset/02_now_text/text_15-09-jku/15-09-gb.txt
2026-08-28 16:33:05,101 INFO Wrote 1 matching line(s) to /home/eyamrog/PycharmProjects/cl_st1_melina/cl_st1_ph1_melina/corpus/01_now_dataset/02_now_text/text_15-09-jku/15-09-gh.txt
2026-08-28 16:33:05,119 INFO No matches found in 15-09-hk.txt; skipping output file
2026-08-28 16:33:05,331 INFO Wrote 4 matching line(s) to /home/eyamrog/PycharmProjects/cl_st1_melina/cl_st1_ph1_melina/corpus/01_now_dataset/02_now_text/text_15-09-jku/15-09-ie.txt
2026-08-28 16:33:05,505 INFO Wrote 3 matching line(s) to /home/eyamrog/PycharmProjects/cl_st1_melina/cl_st1_ph1_melina/corpus/01_now_dataset/02_now_text/text_15-09-jku/15-09-in.txt
2026-08-28 16:33:05,531 INFO No matches found in 15-09-jm.txt; skipping output file
2026-08-28 16:33:05,571 INFO Wrote 5 matching line(s) to /home/eyamrog/PycharmProjects/cl_st1_melina/cl_st1_ph1_melina/corpus/01_now_dataset/02_now_text/text_15-09-jku/15-09-ke.txt
2026-08-28 16:33:05,596 INFO No matches found in 15-09-lk.txt; skipping output file
2026-08-28 16:33:05,646 INFO Wrote 1 matching line(s) to /home/eyamrog/PycharmProjects/cl_st1_melina/cl_st1_ph1_melina/corpus/01_now_dataset/02_now_text/text_15-09-jku/15-09-my.txt
2026-08-28 16:33:05,704 INFO Wrote 1 matching line(s) to /home/eyamrog/PycharmProjects/cl_st1_melina/cl_st1_ph1_melina/corpus/01_now_dataset/02_now_text/text_15-09-jku/15-09-ng.txt
2026-08-28 16:33:05,752 INFO Wrote 1 matching line(s) to /home/eyamrog/PycharmProjects/cl_st1_melina/cl_st1_ph1_melina/corpus/01_now_dataset/02_now_text/text_15-09-jku/15-09-nz.txt
2026-08-28 16:33:05,916 INFO Wrote 3 matching line(s) to /home/eyamrog/PycharmProjects/cl_st1_melina/cl_st1_ph1_melina/corpus/01_now_dataset/02_now_text/text_15-09-jku/15-09-ph.txt
2026-08-28 16:33:05,974 INFO Wrote 2 matching line(s) to /home/eyamrog/PycharmProjects/cl_st1_melina/cl_st1_ph1_melina/corpus/01_now_dataset/02_now_text/text_15-09-jku/15-09-pk.txt
2026-08-28 16:33:06,124 INFO Wrote 4 matching line(s) to /home/eyamrog/PycharmProjects/cl_st1_melina/cl_st1_ph1_melina/corpus/01_now_dataset/02_now_text/text_15-09-jku/15-09-sg.txt
2026-08-28 16:33:06,144 INFO No matches found in 15-09-tz.txt; skipping output file
2026-08-28 16:33:06,873 INFO Wrote 18 matching line(s) to /home/eyamrog/PycharmProjects/cl_st1_melina/cl_st1_ph1_melina/corpus/01_now_dataset/02_now_text/text_15-09-jku/15-09-us.txt
2026-08-28 16:33:07,589 INFO Wrote 10 matching line(s) to /home/eyamrog/PycharmProjects/cl_st1_melina/cl_st1_ph1_melina/corpus/01_now_dataset/02_now_text/text_15-09-jku/15-09-za.txt
2026-08-28 16:33:08,373 INFO Wrote 3 matching line(s) to /home/eyamrog/PycharmProjects/cl_st1_melina/cl_st1_ph1_melina/corpus/01_now_dataset/02_now_text/text_15-10-fxo/15-10-au.txt
2026-08-28 16:33:08,401 INFO No matches found in 15-10-bd.txt; skipping output file
2026-08-28 16:33:09,081 INFO Wrote 26 matching line(s) to /home/eyamrog/PycharmProjects/cl_st1_melina/cl_st1_ph1_melina/corpus/01_now_dataset/02_now_text/text_15-10-fxo/15-10-ca.txt
2026-08-28 16:33:09,704 INFO Wrote 38 matching line(s) to /home/eyamrog/PycharmProjects/cl_st1_melina/cl_st1_ph1_melina/corpus/01_now_dataset/02_now_text/text_15-10-fxo/15-10-gb.txt
2026-08-28 16:33:09,737 INFO No matches found in 15-10-gh.txt; skipping output file
2026-08-28 16:33:09,756 INFO Wrote 1 matching line(s) to /home/eyamrog/PycharmProjects/cl_st1_melina/cl_st1_ph1_melina/corpus/01_now_dataset/02_now_text/text_15-10-fxo/15-10-hk.txt
2026-08-28 16:33:10,081 INFO Wrote 12 matching line(s) to /home/eyamrog/PycharmProjects/cl_st1_melina/cl_st1_ph1_melina/corpus/01_now_dataset/02_now_text/text_15-10-fxo/15-10-ie.txt
2026-08-28 16:33:10,273 INFO Wrote 9 matching line(s) to /home/eyamrog/PycharmProjects/cl_st1_melina/cl_st1_ph1_melina/corpus/01_now_dataset/02_now_text/text_15-10-fxo/15-10-in.txt
2026-08-28 16:33:10,303 INFO No matches found in 15-10-jm.txt; skipping output file
2026-08-28 16:33:10,349 INFO Wrote 1 matching line(s) to /home/eyamrog/PycharmProjects/cl_st1_melina/cl_st1_ph1_melina/corpus/01_now_dataset/02_now_text/text_15-10-fxo/15-10-ke.txt
2026-08-28 16:33:10,395 INFO Wrote 3 matching line(s) to /home/eyamrog/PycharmProjects/cl_st1_melina/cl_st1_ph1_melina/corpus/01_now_dataset/02_now_text/text_15-10-fxo/15-10-lk.txt
2026-08-28 16:33:10,439 INFO Wrote 2 matching line(s) to /home/eyamrog/PycharmProjects/cl_st1_melina/cl_st1_ph1_melina/corpus/01_now_dataset/02_now_text/text_15-10-fxo/15-10-my.txt
2026-08-28 16:33:10,499 INFO Wrote 2 matching line(s) to /home/eyamrog/PycharmProjects/cl_st1_melina/cl_st1_ph1_melina/corpus/01_now_dataset/02_now_text/text_15-10-fxo/15-10-ng.txt
2026-08-28 16:33:10,546 INFO No matches found in 15-10-nz.txt; skipping output file
2026-08-28 16:33:10,718 INFO Wrote 6 matching line(s) to /home/eyamrog/PycharmProjects/cl_st1_melina/cl_st1_ph1_melina/corpus/01_now_dataset/02_now_text/text_15-10-fxo/15-10-ph.txt
2026-08-28 16:33:10,775 INFO Wrote 7 matching line(s) to /home/eyamrog/PycharmProjects/cl_st1_melina/cl_st1_ph1_melina/corpus/01_now_dataset/02_now_text/text_15-10-fxo/15-10-pk.txt
2026-08-28 16:33:10,959 INFO Wrote 13 matching line(s) to /home/eyamrog/PycharmProjects/cl_st1_melina/cl_st1_ph1_melina/corpus/01_now_dataset/02_now_text/text_15-10-fxo/15-10-sg.txt
2026-08-28 16:33:10,979 INFO No matches found in 15-10-tz.txt; skipping output file
2026-08-28 16:33:11,738 INFO Wrote 35 matching line(s) to /home/eyamrog/PycharmProjects/cl_st1_melina/cl_st1_ph1_melina/corpus/01_now_dataset/02_now_text/text_15-10-fxo/15-10-us.txt
2026-08-28 16:33:12,027 INFO Wrote 19 matching line(s) to /home/eyamrog/PycharmProjects/cl_st1_melina/cl_st1_ph1_melina/corpus/01_now_dataset/02_now_text/text_15-10-fxo/15-10-za.txt
2026-08-28 16:33:12,568 INFO Wrote 11 matching line(s) to /home/eyamrog/PycharmProjects/cl_st1_melina/cl_st1_ph1_melina/corpus/01_now_dataset/02_now_text/text_15-11-xje/15-11-au.txt
2026-08-28 16:33:12,586 INFO Wrote 1 matching line(s) to /home/eyamrog/PycharmProjects/cl_st1_melina/cl_st1_ph1_melina/corpus/01_now_dataset/02_now_text/text_15-11-xje/15-11-bd.txt
2026-08-28 16:33:13,392 INFO Wrote 23 matching line(s) to /home/eyamrog/PycharmProjects/cl_st1_melina/cl_st1_ph1_melina/corpus/01_now_dataset/02_now_text/text_15-11-xje/15-11-ca.txt
2026-08-28 16:33:14,231 INFO Wrote 33 matching line(s) to /home/eyamrog/PycharmProjects/cl_st1_melina/cl_st1_ph1_melina/corpus/01_now_dataset/02_now_text/text_15-11-xje/15-11-gb.txt
2026-08-28 16:33:14,266 INFO Wrote 1 matching line(s) to /home/eyamrog/PycharmProjects/cl_st1_melina/cl_st1_ph1_melina/corpus/01_now_dataset/02_now_text/text_15-11-xje/15-11-gh.txt
2026-08-28 16:33:14,292 INFO No matches found in 15-11-hk.txt; skipping output file
2026-08-28 16:33:14,758 INFO Wrote 11 matching line(s) to /home/eyamrog/PycharmProjects/cl_st1_melina/cl_st1_ph1_melina/corpus/01_now_dataset/02_now_text/text_15-11-xje/15-11-ie.txt
2026-08-28 16:33:15,355 INFO Wrote 16 matching line(s) to /home/eyamrog/PycharmProjects/cl_st1_melina/cl_st1_ph1_melina/corpus/01_now_dataset/02_now_text/text_15-11-xje/15-11-in.txt
2026-08-28 16:33:15,385 INFO Wrote 2 matching line(s) to /home/eyamrog/PycharmProjects/cl_st1_melina/cl_st1_ph1_melina/corpus/01_now_dataset/02_now_text/text_15-11-xje/15-11-jm.txt
2026-08-28 16:33:15,425 INFO No matches found in 15-11-ke.txt; skipping output file
2026-08-28 16:33:15,460 INFO Wrote 1 matching line(s) to /home/eyamrog/PycharmProjects/cl_st1_melina/cl_st1_ph1_melina/corpus/01_now_dataset/02_now_text/text_15-11-xje/15-11-lk.txt
2026-08-28 16:33:15,497 INFO Wrote 3 matching line(s) to /home/eyamrog/PycharmProjects/cl_st1_melina/cl_st1_ph1_melina/corpus/01_now_dataset/02_now_text/text_15-11-xje/15-11-my.txt
2026-08-28 16:33:15,550 INFO No matches found in 15-11-ng.txt; skipping output file
2026-08-28 16:33:15,680 INFO No matches found in 15-11-nz.txt; skipping output file
2026-08-28 16:33:15,896 INFO Wrote 3 matching line(s) to /home/eyamrog/PycharmProjects/cl_st1_melina/cl_st1_ph1_melina/corpus/01_now_dataset/02_now_text/text_15-11-xje/15-11-ph.txt
2026-08-28 16:33:15,946 INFO Wrote 7 matching line(s) to /home/eyamrog/PycharmProjects/cl_st1_melina/cl_st1_ph1_melina/corpus/01_now_dataset/02_now_text/text_15-11-xje/15-11-pk.txt
2026-08-28 16:33:16,173 INFO Wrote 8 matching line(s) to /home/eyamrog/PycharmProjects/cl_st1_melina/cl_st1_ph1_melina/corpus/01_now_dataset/02_now_text/text_15-11-xje/15-11-sg.txt
2026-08-28 16:33:16,194 INFO No matches found in 15-11-tz.txt; skipping output file
2026-08-28 16:33:17,205 INFO Wrote 33 matching line(s) to /home/eyamrog/PycharmProjects/cl_st1_melina/cl_st1_ph1_melina/corpus/01_now_dataset/02_now_text/text_15-11-xje/15-11-us.txt
2026-08-28 16:33:17,597 INFO Wrote 10 matching line(s) to /home/eyamrog/PycharmProjects/cl_st1_melina/cl_st1_ph1_melina/corpus/01_now_dataset/02_now_text/text_15-11-xje/15-11-za.txt
2026-08-28 16:33:18,185 INFO Wrote 8 matching line(s) to /home/eyamrog/PycharmProjects/cl_st1_melina/cl_st1_ph1_melina/corpus/01_now_dataset/02_now_text/text_15-12-bjr/15-12-au.txt
2026-08-28 16:33:18,210 INFO No matches found in 15-12-bd.txt; skipping output file
2026-08-28 16:33:18,952 INFO Wrote 10 matching line(s) to /home/eyamrog/PycharmProjects/cl_st1_melina/cl_st1_ph1_melina/corpus/01_now_dataset/02_now_text/text_15-12-bjr/15-12-ca.txt
2026-08-28 16:33:19,858 INFO Wrote 36 matching line(s) to /home/eyamrog/PycharmProjects/cl_st1_melina/cl_st1_ph1_melina/corpus/01_now_dataset/02_now_text/text_15-12-bjr/15-12-gb.txt
2026-08-28 16:33:19,898 INFO No matches found in 15-12-gh.txt; skipping output file
2026-08-28 16:33:19,939 INFO No matches found in 15-12-hk.txt; skipping output file
2026-08-28 16:33:20,473 INFO Wrote 8 matching line(s) to /home/eyamrog/PycharmProjects/cl_st1_melina/cl_st1_ph1_melina/corpus/01_now_dataset/02_now_text/text_15-12-bjr/15-12-ie.txt
2026-08-28 16:33:21,078 INFO Wrote 16 matching line(s) to /home/eyamrog/PycharmProjects/cl_st1_melina/cl_st1_ph1_melina/corpus/01_now_dataset/02_now_text/text_15-12-bjr/15-12-in.txt
2026-08-28 16:33:21,119 INFO Wrote 3 matching line(s) to /home/eyamrog/PycharmProjects/cl_st1_melina/cl_st1_ph1_melina/corpus/01_now_dataset/02_now_text/text_15-12-bjr/15-12-jm.txt
2026-08-28 16:33:21,168 INFO Wrote 1 matching line(s) to /home/eyamrog/PycharmProjects/cl_st1_melina/cl_st1_ph1_melina/corpus/01_now_dataset/02_now_text/text_15-12-bjr/15-12-ke.txt
2026-08-28 16:33:21,233 INFO Wrote 3 matching line(s) to /home/eyamrog/PycharmProjects/cl_st1_melina/cl_st1_ph1_melina/corpus/01_now_dataset/02_now_text/text_15-12-bjr/15-12-lk.txt
2026-08-28 16:33:21,278 INFO Wrote 2 matching line(s) to /home/eyamrog/PycharmProjects/cl_st1_melina/cl_st1_ph1_melina/corpus/01_now_dataset/02_now_text/text_15-12-bjr/15-12-my.txt
2026-08-28 16:33:21,355 INFO No matches found in 15-12-ng.txt; skipping output file
2026-08-28 16:33:21,575 INFO Wrote 2 matching line(s) to /home/eyamrog/PycharmProjects/cl_st1_melina/cl_st1_ph1_melina/corpus/01_now_dataset/02_now_text/text_15-12-bjr/15-12-nz.txt
2026-08-28 16:33:22,227 INFO Wrote 4 matching line(s) to /home/eyamrog/PycharmProjects/cl_st1_melina/cl_st1_ph1_melina/corpus/01_now_dataset/02_now_text/text_15-12-bjr/15-12-ph.txt
2026-08-28 16:33:22,362 INFO Wrote 1 matching line(s) to /home/eyamrog/PycharmProjects/cl_st1_melina/cl_st1_ph1_melina/corpus/01_now_dataset/02_now_text/text_15-12-bjr/15-12-pk.txt
2026-08-28 16:33:23,642 INFO Wrote 8 matching line(s) to /home/eyamrog/PycharmProjects/cl_st1_melina/cl_st1_ph1_melina/corpus/01_now_dataset/02_now_text/text_15-12-bjr/15-12-sg.txt
2026-08-28 16:33:23,695 INFO Wrote 1 matching line(s) to /home/eyamrog/PycharmProjects/cl_st1_melina/cl_st1_ph1_melina/corpus/01_now_dataset/02_now_text/text_15-12-bjr/15-12-tz.txt
2026-08-28 16:33:24,955 INFO Wrote 42 matching line(s) to /home/eyamrog/PycharmProjects/cl_st1_melina/cl_st1_ph1_melina/corpus/01_now_dataset/02_now_text/text_15-12-bjr/15-12-us.txt
2026-08-28 16:33:25,370 INFO Wrote 7 matching line(s) to /home/eyamrog/PycharmProjects/cl_st1_melina/cl_st1_ph1_melina/corpus/01_now_dataset/02_now_text/text_15-12-bjr/15-12-za.txt
2026-08-28 16:33:25,826 INFO Wrote 7 matching line(s) to /home/eyamrog/PycharmProjects/cl_st1_melina/cl_st1_ph1_melina/corpus/01_now_dataset/02_now_text/text_16-01-yxh/16-01-au.txt
2026-08-28 16:33:25,928 INFO Wrote 3 matching line(s) to /home/eyamrog/PycharmProjects/cl_st1_melina/cl_st1_ph1_melina/corpus/01_now_dataset/02_now_text/text_16-01-yxh/16-01-bd.txt
2026-08-28 16:33:26,640 INFO Wrote 17 matching line(s) to /home/eyamrog/PycharmProjects/cl_st1_melina/cl_st1_ph1_melina/corpus/01_now_dataset/02_now_text/text_16-01-yxh/16-01-ca.txt
2026-08-28 16:33:27,557 INFO Wrote 26 matching line(s) to /home/eyamrog/PycharmProjects/cl_st1_melina/cl_st1_ph1_melina/corpus/01_now_dataset/02_now_text/text_16-01-yxh/16-01-gb.txt
2026-08-28 16:33:27,752 INFO Wrote 17 matching line(s) to /home/eyamrog/PycharmProjects/cl_st1_melina/cl_st1_ph1_melina/corpus/01_now_dataset/02_now_text/text_16-01-yxh/16-01-gh.txt
2026-08-28 16:33:27,805 INFO Wrote 9 matching line(s) to /home/eyamrog/PycharmProjects/cl_st1_melina/cl_st1_ph1_melina/corpus/01_now_dataset/02_now_text/text_16-01-yxh/16-01-hk.txt
2026-08-28 16:33:28,292 INFO Wrote 10 matching line(s) to /home/eyamrog/PycharmProjects/cl_st1_melina/cl_st1_ph1_melina/corpus/01_now_dataset/02_now_text/text_16-01-yxh/16-01-ie.txt
2026-08-28 16:33:29,154 INFO Wrote 17 matching line(s) to /home/eyamrog/PycharmProjects/cl_st1_melina/cl_st1_ph1_melina/corpus/01_now_dataset/02_now_text/text_16-01-yxh/16-01-in.txt
2026-08-28 16:33:29,245 INFO Wrote 5 matching line(s) to /home/eyamrog/PycharmProjects/cl_st1_melina/cl_st1_ph1_melina/corpus/01_now_dataset/02_now_text/text_16-01-yxh/16-01-jm.txt
2026-08-28 16:33:29,380 INFO Wrote 3 matching line(s) to /home/eyamrog/PycharmProjects/cl_st1_melina/cl_st1_ph1_melina/corpus/01_now_dataset/02_now_text/text_16-01-yxh/16-01-ke.txt
2026-08-28 16:33:29,510 INFO Wrote 1 matching line(s) to /home/eyamrog/PycharmProjects/cl_st1_melina/cl_st1_ph1_melina/corpus/01_now_dataset/02_now_text/text_16-01-yxh/16-01-lk.txt
2026-08-28 16:33:29,851 INFO Wrote 9 matching line(s) to /home/eyamrog/PycharmProjects/cl_st1_melina/cl_st1_ph1_melina/corpus/01_now_dataset/02_now_text/text_16-01-yxh/16-01-my.txt
2026-08-28 16:33:30,163 INFO No matches found in 16-01-ng.txt; skipping output file
2026-08-28 16:33:30,477 INFO Wrote 2 matching line(s) to /home/eyamrog/PycharmProjects/cl_st1_melina/cl_st1_ph1_melina/corpus/01_now_dataset/02_now_text/text_16-01-yxh/16-01-nz.txt
2026-08-28 16:33:30,926 INFO Wrote 4 matching line(s) to /home/eyamrog/PycharmProjects/cl_st1_melina/cl_st1_ph1_melina/corpus/01_now_dataset/02_now_text/text_16-01-yxh/16-01-ph.txt
2026-08-28 16:33:31,444 INFO Wrote 21 matching line(s) to /home/eyamrog/PycharmProjects/cl_st1_melina/cl_st1_ph1_melina/corpus/01_now_dataset/02_now_text/text_16-01-yxh/16-01-pk.txt
2026-08-28 16:33:31,807 INFO Wrote 5 matching line(s) to /home/eyamrog/PycharmProjects/cl_st1_melina/cl_st1_ph1_melina/corpus/01_now_dataset/02_now_text/text_16-01-yxh/16-01-sg.txt
2026-08-28 16:33:31,840 INFO Wrote 1 matching line(s) to /home/eyamrog/PycharmProjects/cl_st1_melina/cl_st1_ph1_melina/corpus/01_now_dataset/02_now_text/text_16-01-yxh/16-01-tz.txt
2026-08-28 16:33:32,807 INFO Wrote 32 matching line(s) to /home/eyamrog/PycharmProjects/cl_st1_melina/cl_st1_ph1_melina/corpus/01_now_dataset/02_now_text/text_16-01-yxh/16-01-us.txt
2026-08-28 16:33:33,173 INFO Wrote 9 matching line(s) to /home/eyamrog/PycharmProjects/cl_st1_melina/cl_st1_ph1_melina/corpus/01_now_dataset/02_now_text/text_16-01-yxh/16-01-za.txt
2026-08-28 16:33:33,667 INFO Wrote 4 matching line(s) to /home/eyamrog/PycharmProjects/cl_st1_melina/cl_st1_ph1_melina/corpus/01_now_dataset/02_now_text/text_16-02-iuq/16-02-au.txt
2026-08-28 16:33:33,779 INFO Wrote 3 matching line(s) to /home/eyamrog/PycharmProjects/cl_st1_melina/cl_st1_ph1_melina/corpus/01_now_dataset/02_now_text/text_16-02-iuq/16-02-bd.txt
2026-08-28 16:33:34,374 INFO Wrote 15 matching line(s) to /home/eyamrog/PycharmProjects/cl_st1_melina/cl_st1_ph1_melina/corpus/01_now_dataset/02_now_text/text_16-02-iuq/16-02-ca.txt
2026-08-28 16:33:35,132 INFO Wrote 28 matching line(s) to /home/eyamrog/PycharmProjects/cl_st1_melina/cl_st1_ph1_melina/corpus/01_now_dataset/02_now_text/text_16-02-iuq/16-02-gb.txt
2026-08-28 16:33:35,296 INFO Wrote 24 matching line(s) to /home/eyamrog/PycharmProjects/cl_st1_melina/cl_st1_ph1_melina/corpus/01_now_dataset/02_now_text/text_16-02-iuq/16-02-gh.txt
2026-08-28 16:33:35,375 INFO Wrote 2 matching line(s) to /home/eyamrog/PycharmProjects/cl_st1_melina/cl_st1_ph1_melina/corpus/01_now_dataset/02_now_text/text_16-02-iuq/16-02-hk.txt
2026-08-28 16:33:35,961 INFO Wrote 2 matching line(s) to /home/eyamrog/PycharmProjects/cl_st1_melina/cl_st1_ph1_melina/corpus/01_now_dataset/02_now_text/text_16-02-iuq/16-02-ie.txt
2026-08-28 16:33:36,913 INFO Wrote 8 matching line(s) to /home/eyamrog/PycharmProjects/cl_st1_melina/cl_st1_ph1_melina/corpus/01_now_dataset/02_now_text/text_16-02-iuq/16-02-in.txt
2026-08-28 16:33:37,014 INFO No matches found in 16-02-jm.txt; skipping output file
2026-08-28 16:33:37,106 INFO No matches found in 16-02-ke.txt; skipping output file
2026-08-28 16:33:37,419 INFO Wrote 2 matching line(s) to /home/eyamrog/PycharmProjects/cl_st1_melina/cl_st1_ph1_melina/corpus/01_now_dataset/02_now_text/text_16-02-iuq/16-02-lk.txt
2026-08-28 16:33:38,284 INFO Wrote 11 matching line(s) to /home/eyamrog/PycharmProjects/cl_st1_melina/cl_st1_ph1_melina/corpus/01_now_dataset/02_now_text/text_16-02-iuq/16-02-my.txt
2026-08-28 16:33:38,682 INFO Wrote 1 matching line(s) to /home/eyamrog/PycharmProjects/cl_st1_melina/cl_st1_ph1_melina/corpus/01_now_dataset/02_now_text/text_16-02-iuq/16-02-ng.txt
2026-08-28 16:33:39,087 INFO Wrote 5 matching line(s) to /home/eyamrog/PycharmProjects/cl_st1_melina/cl_st1_ph1_melina/corpus/01_now_dataset/02_now_text/text_16-02-iuq/16-02-nz.txt
2026-08-28 16:33:39,305 INFO Wrote 1 matching line(s) to /home/eyamrog/PycharmProjects/cl_st1_melina/cl_st1_ph1_melina/corpus/01_now_dataset/02_now_text/text_16-02-iuq/16-02-ph.txt
2026-08-28 16:33:39,812 INFO Wrote 22 matching line(s) to /home/eyamrog/PycharmProjects/cl_st1_melina/cl_st1_ph1_melina/corpus/01_now_dataset/02_now_text/text_16-02-iuq/16-02-pk.txt
2026-08-28 16:33:40,024 INFO Wrote 3 matching line(s) to /home/eyamrog/PycharmProjects/cl_st1_melina/cl_st1_ph1_melina/corpus/01_now_dataset/02_now_text/text_16-02-iuq/16-02-sg.txt
2026-08-28 16:33:40,037 INFO No matches found in 16-02-tz.txt; skipping output file
2026-08-28 16:33:40,788 INFO Wrote 31 matching line(s) to /home/eyamrog/PycharmProjects/cl_st1_melina/cl_st1_ph1_melina/corpus/01_now_dataset/02_now_text/text_16-02-iuq/16-02-us.txt
2026-08-28 16:33:41,323 INFO Wrote 15 matching line(s) to /home/eyamrog/PycharmProjects/cl_st1_melina/cl_st1_ph1_melina/corpus/01_now_dataset/02_now_text/text_16-02-iuq/16-02-za.txt
2026-08-28 16:33:42,314 INFO Wrote 13 matching line(s) to /home/eyamrog/PycharmProjects/cl_st1_melina/cl_st1_ph1_melina/corpus/01_now_dataset/02_now_text/text_16-03-sls/16-03-au.txt
2026-08-28 16:33:42,363 INFO Wrote 2 matching line(s) to /home/eyamrog/PycharmProjects/cl_st1_melina/cl_st1_ph1_melina/corpus/01_now_dataset/02_now_text/text_16-03-sls/16-03-bd.txt
2026-08-28 16:33:43,557 INFO Wrote 30 matching line(s) to /home/eyamrog/PycharmProjects/cl_st1_melina/cl_st1_ph1_melina/corpus/01_now_dataset/02_now_text/text_16-03-sls/16-03-ca.txt
2026-08-28 16:33:44,835 INFO Wrote 40 matching line(s) to /home/eyamrog/PycharmProjects/cl_st1_melina/cl_st1_ph1_melina/corpus/01_now_dataset/02_now_text/text_16-03-sls/16-03-gb.txt
2026-08-28 16:33:45,061 INFO Wrote 11 matching line(s) to /home/eyamrog/PycharmProjects/cl_st1_melina/cl_st1_ph1_melina/corpus/01_now_dataset/02_now_text/text_16-03-sls/16-03-gh.txt
2026-08-28 16:33:45,122 INFO Wrote 1 matching line(s) to /home/eyamrog/PycharmProjects/cl_st1_melina/cl_st1_ph1_melina/corpus/01_now_dataset/02_now_text/text_16-03-sls/16-03-hk.txt
2026-08-28 16:33:46,100 INFO Wrote 5 matching line(s) to /home/eyamrog/PycharmProjects/cl_st1_melina/cl_st1_ph1_melina/corpus/01_now_dataset/02_now_text/text_16-03-sls/16-03-ie.txt
2026-08-28 16:33:47,536 INFO Wrote 11 matching line(s) to /home/eyamrog/PycharmProjects/cl_st1_melina/cl_st1_ph1_melina/corpus/01_now_dataset/02_now_text/text_16-03-sls/16-03-in.txt
2026-08-28 16:33:47,562 INFO Wrote 1 matching line(s) to /home/eyamrog/PycharmProjects/cl_st1_melina/cl_st1_ph1_melina/corpus/01_now_dataset/02_now_text/text_16-03-sls/16-03-jm.txt
2026-08-28 16:33:47,695 INFO Wrote 4 matching line(s) to /home/eyamrog/PycharmProjects/cl_st1_melina/cl_st1_ph1_melina/corpus/01_now_dataset/02_now_text/text_16-03-sls/16-03-ke.txt
2026-08-28 16:33:47,783 INFO Wrote 1 matching line(s) to /home/eyamrog/PycharmProjects/cl_st1_melina/cl_st1_ph1_melina/corpus/01_now_dataset/02_now_text/text_16-03-sls/16-03-lk.txt
2026-08-28 16:33:48,197 INFO Wrote 4 matching line(s) to /home/eyamrog/PycharmProjects/cl_st1_melina/cl_st1_ph1_melina/corpus/01_now_dataset/02_now_text/text_16-03-sls/16-03-my.txt
2026-08-28 16:33:48,805 INFO Wrote 2 matching line(s) to /home/eyamrog/PycharmProjects/cl_st1_melina/cl_st1_ph1_melina/corpus/01_now_dataset/02_now_text/text_16-03-sls/16-03-ng.txt
2026-08-28 16:33:49,316 INFO Wrote 9 matching line(s) to /home/eyamrog/PycharmProjects/cl_st1_melina/cl_st1_ph1_melina/corpus/01_now_dataset/02_now_text/text_16-03-sls/16-03-nz.txt
2026-08-28 16:33:49,778 INFO Wrote 1 matching line(s) to /home/eyamrog/PycharmProjects/cl_st1_melina/cl_st1_ph1_melina/corpus/01_now_dataset/02_now_text/text_16-03-sls/16-03-ph.txt
2026-08-28 16:33:50,255 INFO Wrote 22 matching line(s) to /home/eyamrog/PycharmProjects/cl_st1_melina/cl_st1_ph1_melina/corpus/01_now_dataset/02_now_text/text_16-03-sls/16-03-pk.txt
2026-08-28 16:33:50,725 INFO Wrote 11 matching line(s) to /home/eyamrog/PycharmProjects/cl_st1_melina/cl_st1_ph1_melina/corpus/01_now_dataset/02_now_text/text_16-03-sls/16-03-sg.txt
2026-08-28 16:33:50,744 INFO No matches found in 16-03-tz.txt; skipping output file
2026-08-28 16:33:52,677 INFO Wrote 56 matching line(s) to /home/eyamrog/PycharmProjects/cl_st1_melina/cl_st1_ph1_melina/corpus/01_now_dataset/02_now_text/text_16-03-sls/16-03-us.txt
2026-08-28 16:33:54,023 INFO Wrote 22 matching line(s) to /home/eyamrog/PycharmProjects/cl_st1_melina/cl_st1_ph1_melina/corpus/01_now_dataset/02_now_text/text_16-03-sls/16-03-za.txt
2026-08-28 16:33:55,120 INFO Wrote 9 matching line(s) to /home/eyamrog/PycharmProjects/cl_st1_melina/cl_st1_ph1_melina/corpus/01_now_dataset/02_now_text/text_16-04-ovb/16-04-au.txt
2026-08-28 16:33:55,166 INFO Wrote 2 matching line(s) to /home/eyamrog/PycharmProjects/cl_st1_melina/cl_st1_ph1_melina/corpus/01_now_dataset/02_now_text/text_16-04-ovb/16-04-bd.txt
2026-08-28 16:33:56,426 INFO Wrote 24 matching line(s) to /home/eyamrog/PycharmProjects/cl_st1_melina/cl_st1_ph1_melina/corpus/01_now_dataset/02_now_text/text_16-04-ovb/16-04-ca.txt
2026-08-28 16:33:57,614 INFO Wrote 34 matching line(s) to /home/eyamrog/PycharmProjects/cl_st1_melina/cl_st1_ph1_melina/corpus/01_now_dataset/02_now_text/text_16-04-ovb/16-04-gb.txt
2026-08-28 16:33:57,803 INFO Wrote 10 matching line(s) to /home/eyamrog/PycharmProjects/cl_st1_melina/cl_st1_ph1_melina/corpus/01_now_dataset/02_now_text/text_16-04-ovb/16-04-gh.txt
2026-08-28 16:33:57,852 INFO Wrote 2 matching line(s) to /home/eyamrog/PycharmProjects/cl_st1_melina/cl_st1_ph1_melina/corpus/01_now_dataset/02_now_text/text_16-04-ovb/16-04-hk.txt
2026-08-28 16:33:58,830 INFO Wrote 6 matching line(s) to /home/eyamrog/PycharmProjects/cl_st1_melina/cl_st1_ph1_melina/corpus/01_now_dataset/02_now_text/text_16-04-ovb/16-04-ie.txt
2026-08-28 16:34:00,281 INFO Wrote 17 matching line(s) to /home/eyamrog/PycharmProjects/cl_st1_melina/cl_st1_ph1_melina/corpus/01_now_dataset/02_now_text/text_16-04-ovb/16-04-in.txt
2026-08-28 16:34:00,301 INFO No matches found in 16-04-jm.txt; skipping output file
2026-08-28 16:34:01,080 INFO Wrote 2 matching line(s) to /home/eyamrog/PycharmProjects/cl_st1_melina/cl_st1_ph1_melina/corpus/01_now_dataset/02_now_text/text_16-04-ovb/16-04-ke.txt
2026-08-28 16:34:01,129 INFO No matches found in 16-04-lk.txt; skipping output file
2026-08-28 16:34:01,471 INFO Wrote 14 matching line(s) to /home/eyamrog/PycharmProjects/cl_st1_melina/cl_st1_ph1_melina/corpus/01_now_dataset/02_now_text/text_16-04-ovb/16-04-my.txt
2026-08-28 16:34:01,960 INFO Wrote 4 matching line(s) to /home/eyamrog/PycharmProjects/cl_st1_melina/cl_st1_ph1_melina/corpus/01_now_dataset/02_now_text/text_16-04-ovb/16-04-ng.txt
2026-08-28 16:34:02,453 INFO Wrote 4 matching line(s) to /home/eyamrog/PycharmProjects/cl_st1_melina/cl_st1_ph1_melina/corpus/01_now_dataset/02_now_text/text_16-04-ovb/16-04-nz.txt
2026-08-28 16:34:02,890 INFO Wrote 3 matching line(s) to /home/eyamrog/PycharmProjects/cl_st1_melina/cl_st1_ph1_melina/corpus/01_now_dataset/02_now_text/text_16-04-ovb/16-04-ph.txt
2026-08-28 16:34:03,221 INFO Wrote 18 matching line(s) to /home/eyamrog/PycharmProjects/cl_st1_melina/cl_st1_ph1_melina/corpus/01_now_dataset/02_now_text/text_16-04-ovb/16-04-pk.txt
2026-08-28 16:34:03,578 INFO Wrote 11 matching line(s) to /home/eyamrog/PycharmProjects/cl_st1_melina/cl_st1_ph1_melina/corpus/01_now_dataset/02_now_text/text_16-04-ovb/16-04-sg.txt
2026-08-28 16:34:03,592 INFO No matches found in 16-04-tz.txt; skipping output file
2026-08-28 16:34:04,875 INFO Wrote 61 matching line(s) to /home/eyamrog/PycharmProjects/cl_st1_melina/cl_st1_ph1_melina/corpus/01_now_dataset/02_now_text/text_16-04-ovb/16-04-us.txt
2026-08-28 16:34:05,405 INFO Wrote 9 matching line(s) to /home/eyamrog/PycharmProjects/cl_st1_melina/cl_st1_ph1_melina/corpus/01_now_dataset/02_now_text/text_16-04-ovb/16-04-za.txt
2026-08-28 16:34:06,511 INFO Wrote 18 matching line(s) to /home/eyamrog/PycharmProjects/cl_st1_melina/cl_st1_ph1_melina/corpus/01_now_dataset/02_now_text/text_16-05-bvk/16-05-au.txt
2026-08-28 16:34:06,553 INFO No matches found in 16-05-bd.txt; skipping output file
2026-08-28 16:34:08,818 INFO Wrote 20 matching line(s) to /home/eyamrog/PycharmProjects/cl_st1_melina/cl_st1_ph1_melina/corpus/01_now_dataset/02_now_text/text_16-05-bvk/16-05-ca.txt
2026-08-28 16:34:09,942 INFO Wrote 42 matching line(s) to /home/eyamrog/PycharmProjects/cl_st1_melina/cl_st1_ph1_melina/corpus/01_now_dataset/02_now_text/text_16-05-bvk/16-05-gb.txt
2026-08-28 16:34:10,122 INFO Wrote 2 matching line(s) to /home/eyamrog/PycharmProjects/cl_st1_melina/cl_st1_ph1_melina/corpus/01_now_dataset/02_now_text/text_16-05-bvk/16-05-gh.txt
2026-08-28 16:34:10,175 INFO Wrote 1 matching line(s) to /home/eyamrog/PycharmProjects/cl_st1_melina/cl_st1_ph1_melina/corpus/01_now_dataset/02_now_text/text_16-05-bvk/16-05-hk.txt
2026-08-28 16:34:11,123 INFO Wrote 12 matching line(s) to /home/eyamrog/PycharmProjects/cl_st1_melina/cl_st1_ph1_melina/corpus/01_now_dataset/02_now_text/text_16-05-bvk/16-05-ie.txt
2026-08-28 16:34:12,690 INFO Wrote 16 matching line(s) to /home/eyamrog/PycharmProjects/cl_st1_melina/cl_st1_ph1_melina/corpus/01_now_dataset/02_now_text/text_16-05-bvk/16-05-in.txt
2026-08-28 16:34:12,719 INFO No matches found in 16-05-jm.txt; skipping output file
2026-08-28 16:34:13,104 INFO Wrote 2 matching line(s) to /home/eyamrog/PycharmProjects/cl_st1_melina/cl_st1_ph1_melina/corpus/01_now_dataset/02_now_text/text_16-05-bvk/16-05-ke.txt
2026-08-28 16:34:13,168 INFO Wrote 2 matching line(s) to /home/eyamrog/PycharmProjects/cl_st1_melina/cl_st1_ph1_melina/corpus/01_now_dataset/02_now_text/text_16-05-bvk/16-05-lk.txt
2026-08-28 16:34:13,562 INFO Wrote 7 matching line(s) to /home/eyamrog/PycharmProjects/cl_st1_melina/cl_st1_ph1_melina/corpus/01_now_dataset/02_now_text/text_16-05-bvk/16-05-my.txt
2026-08-28 16:34:14,106 INFO Wrote 9 matching line(s) to /home/eyamrog/PycharmProjects/cl_st1_melina/cl_st1_ph1_melina/corpus/01_now_dataset/02_now_text/text_16-05-bvk/16-05-ng.txt
2026-08-28 16:34:14,622 INFO Wrote 7 matching line(s) to /home/eyamrog/PycharmProjects/cl_st1_melina/cl_st1_ph1_melina/corpus/01_now_dataset/02_now_text/text_16-05-bvk/16-05-nz.txt
2026-08-28 16:34:15,030 INFO Wrote 5 matching line(s) to /home/eyamrog/PycharmProjects/cl_st1_melina/cl_st1_ph1_melina/corpus/01_now_dataset/02_now_text/text_16-05-bvk/16-05-ph.txt
2026-08-28 16:34:15,472 INFO Wrote 20 matching line(s) to /home/eyamrog/PycharmProjects/cl_st1_melina/cl_st1_ph1_melina/corpus/01_now_dataset/02_now_text/text_16-05-bvk/16-05-pk.txt
2026-08-28 16:34:15,906 INFO Wrote 25 matching line(s) to /home/eyamrog/PycharmProjects/cl_st1_melina/cl_st1_ph1_melina/corpus/01_now_dataset/02_now_text/text_16-05-bvk/16-05-sg.txt
2026-08-28 16:34:15,924 INFO No matches found in 16-05-tz.txt; skipping output file
2026-08-28 16:34:17,179 INFO Wrote 66 matching line(s) to /home/eyamrog/PycharmProjects/cl_st1_melina/cl_st1_ph1_melina/corpus/01_now_dataset/02_now_text/text_16-05-bvk/16-05-us.txt
2026-08-28 16:34:17,785 INFO Wrote 18 matching line(s) to /home/eyamrog/PycharmProjects/cl_st1_melina/cl_st1_ph1_melina/corpus/01_now_dataset/02_now_text/text_16-05-bvk/16-05-za.txt
2026-08-28 16:34:18,709 INFO Wrote 13 matching line(s) to /home/eyamrog/PycharmProjects/cl_st1_melina/cl_st1_ph1_melina/corpus/01_now_dataset/02_now_text/text_16-06-uda/16-06-au.txt
2026-08-28 16:34:18,747 INFO Wrote 1 matching line(s) to /home/eyamrog/PycharmProjects/cl_st1_melina/cl_st1_ph1_melina/corpus/01_now_dataset/02_now_text/text_16-06-uda/16-06-bd.txt
2026-08-28 16:34:19,740 INFO Wrote 15 matching line(s) to /home/eyamrog/PycharmProjects/cl_st1_melina/cl_st1_ph1_melina/corpus/01_now_dataset/02_now_text/text_16-06-uda/16-06-ca.txt
2026-08-28 16:34:20,685 INFO Wrote 27 matching line(s) to /home/eyamrog/PycharmProjects/cl_st1_melina/cl_st1_ph1_melina/corpus/01_now_dataset/02_now_text/text_16-06-uda/16-06-gb.txt
2026-08-28 16:34:20,828 INFO Wrote 1 matching line(s) to /home/eyamrog/PycharmProjects/cl_st1_melina/cl_st1_ph1_melina/corpus/01_now_dataset/02_now_text/text_16-06-uda/16-06-gh.txt
2026-08-28 16:34:20,866 INFO Wrote 2 matching line(s) to /home/eyamrog/PycharmProjects/cl_st1_melina/cl_st1_ph1_melina/corpus/01_now_dataset/02_now_text/text_16-06-uda/16-06-hk.txt
2026-08-28 16:34:21,780 INFO Wrote 15 matching line(s) to /home/eyamrog/PycharmProjects/cl_st1_melina/cl_st1_ph1_melina/corpus/01_now_dataset/02_now_text/text_16-06-uda/16-06-ie.txt
2026-08-28 16:34:24,423 INFO Wrote 20 matching line(s) to /home/eyamrog/PycharmProjects/cl_st1_melina/cl_st1_ph1_melina/corpus/01_now_dataset/02_now_text/text_16-06-uda/16-06-in.txt
2026-08-28 16:34:24,447 INFO No matches found in 16-06-jm.txt; skipping output file
2026-08-28 16:34:24,553 INFO No matches found in 16-06-ke.txt; skipping output file
2026-08-28 16:34:24,614 INFO No matches found in 16-06-lk.txt; skipping output file
2026-08-28 16:34:24,949 INFO Wrote 15 matching line(s) to /home/eyamrog/PycharmProjects/cl_st1_melina/cl_st1_ph1_melina/corpus/01_now_dataset/02_now_text/text_16-06-uda/16-06-my.txt
2026-08-28 16:34:25,364 INFO Wrote 11 matching line(s) to /home/eyamrog/PycharmProjects/cl_st1_melina/cl_st1_ph1_melina/corpus/01_now_dataset/02_now_text/text_16-06-uda/16-06-ng.txt
2026-08-28 16:34:25,815 INFO Wrote 4 matching line(s) to /home/eyamrog/PycharmProjects/cl_st1_melina/cl_st1_ph1_melina/corpus/01_now_dataset/02_now_text/text_16-06-uda/16-06-nz.txt
2026-08-28 16:34:26,188 INFO Wrote 5 matching line(s) to /home/eyamrog/PycharmProjects/cl_st1_melina/cl_st1_ph1_melina/corpus/01_now_dataset/02_now_text/text_16-06-uda/16-06-ph.txt
2026-08-28 16:34:26,582 INFO Wrote 30 matching line(s) to /home/eyamrog/PycharmProjects/cl_st1_melina/cl_st1_ph1_melina/corpus/01_now_dataset/02_now_text/text_16-06-uda/16-06-pk.txt
2026-08-28 16:34:26,985 INFO Wrote 11 matching line(s) to /home/eyamrog/PycharmProjects/cl_st1_melina/cl_st1_ph1_melina/corpus/01_now_dataset/02_now_text/text_16-06-uda/16-06-sg.txt
2026-08-28 16:34:26,999 INFO No matches found in 16-06-tz.txt; skipping output file
2026-08-28 16:34:28,097 INFO Wrote 56 matching line(s) to /home/eyamrog/PycharmProjects/cl_st1_melina/cl_st1_ph1_melina/corpus/01_now_dataset/02_now_text/text_16-06-uda/16-06-us.txt
2026-08-28 16:34:28,571 INFO Wrote 16 matching line(s) to /home/eyamrog/PycharmProjects/cl_st1_melina/cl_st1_ph1_melina/corpus/01_now_dataset/02_now_text/text_16-06-uda/16-06-za.txt
2026-08-28 16:34:29,684 INFO Wrote 11 matching line(s) to /home/eyamrog/PycharmProjects/cl_st1_melina/cl_st1_ph1_melina/corpus/01_now_dataset/02_now_text/text_16-07-qxx/16-07-au.txt
2026-08-28 16:34:29,713 INFO No matches found in 16-07-bd.txt; skipping output file
2026-08-28 16:34:30,772 INFO Wrote 13 matching line(s) to /home/eyamrog/PycharmProjects/cl_st1_melina/cl_st1_ph1_melina/corpus/01_now_dataset/02_now_text/text_16-07-qxx/16-07-ca.txt
2026-08-28 16:34:31,781 INFO Wrote 23 matching line(s) to /home/eyamrog/PycharmProjects/cl_st1_melina/cl_st1_ph1_melina/corpus/01_now_dataset/02_now_text/text_16-07-qxx/16-07-gb.txt
2026-08-28 16:34:31,922 INFO Wrote 2 matching line(s) to /home/eyamrog/PycharmProjects/cl_st1_melina/cl_st1_ph1_melina/corpus/01_now_dataset/02_now_text/text_16-07-qxx/16-07-gh.txt
2026-08-28 16:34:31,959 INFO No matches found in 16-07-hk.txt; skipping output file
2026-08-28 16:34:32,864 INFO Wrote 10 matching line(s) to /home/eyamrog/PycharmProjects/cl_st1_melina/cl_st1_ph1_melina/corpus/01_now_dataset/02_now_text/text_16-07-qxx/16-07-ie.txt
2026-08-28 16:34:34,516 INFO Wrote 32 matching line(s) to /home/eyamrog/PycharmProjects/cl_st1_melina/cl_st1_ph1_melina/corpus/01_now_dataset/02_now_text/text_16-07-qxx/16-07-in.txt
2026-08-28 16:34:34,545 INFO No matches found in 16-07-jm.txt; skipping output file
2026-08-28 16:34:34,635 INFO Wrote 1 matching line(s) to /home/eyamrog/PycharmProjects/cl_st1_melina/cl_st1_ph1_melina/corpus/01_now_dataset/02_now_text/text_16-07-qxx/16-07-ke.txt
2026-08-28 16:34:34,687 INFO Wrote 1 matching line(s) to /home/eyamrog/PycharmProjects/cl_st1_melina/cl_st1_ph1_melina/corpus/01_now_dataset/02_now_text/text_16-07-qxx/16-07-lk.txt
2026-08-28 16:34:34,901 INFO Wrote 7 matching line(s) to /home/eyamrog/PycharmProjects/cl_st1_melina/cl_st1_ph1_melina/corpus/01_now_dataset/02_now_text/text_16-07-qxx/16-07-my.txt
2026-08-28 16:34:35,298 INFO Wrote 4 matching line(s) to /home/eyamrog/PycharmProjects/cl_st1_melina/cl_st1_ph1_melina/corpus/01_now_dataset/02_now_text/text_16-07-qxx/16-07-ng.txt
2026-08-28 16:34:35,777 INFO Wrote 8 matching line(s) to /home/eyamrog/PycharmProjects/cl_st1_melina/cl_st1_ph1_melina/corpus/01_now_dataset/02_now_text/text_16-07-qxx/16-07-nz.txt
2026-08-28 16:34:36,046 INFO Wrote 2 matching line(s) to /home/eyamrog/PycharmProjects/cl_st1_melina/cl_st1_ph1_melina/corpus/01_now_dataset/02_now_text/text_16-07-qxx/16-07-ph.txt
2026-08-28 16:34:36,301 INFO Wrote 18 matching line(s) to /home/eyamrog/PycharmProjects/cl_st1_melina/cl_st1_ph1_melina/corpus/01_now_dataset/02_now_text/text_16-07-qxx/16-07-pk.txt
2026-08-28 16:34:36,595 INFO Wrote 8 matching line(s) to /home/eyamrog/PycharmProjects/cl_st1_melina/cl_st1_ph1_melina/corpus/01_now_dataset/02_now_text/text_16-07-qxx/16-07-sg.txt
2026-08-28 16:34:36,610 INFO No matches found in 16-07-tz.txt; skipping output file
2026-08-28 16:34:38,863 INFO Wrote 46 matching line(s) to /home/eyamrog/PycharmProjects/cl_st1_melina/cl_st1_ph1_melina/corpus/01_now_dataset/02_now_text/text_16-07-qxx/16-07-us.txt
2026-08-28 16:34:39,355 INFO Wrote 11 matching line(s) to /home/eyamrog/PycharmProjects/cl_st1_melina/cl_st1_ph1_melina/corpus/01_now_dataset/02_now_text/text_16-07-qxx/16-07-za.txt
2026-08-28 16:34:40,409 INFO Wrote 33 matching line(s) to /home/eyamrog/PycharmProjects/cl_st1_melina/cl_st1_ph1_melina/corpus/01_now_dataset/02_now_text/text_16-08-pcg/16-08-au.txt
2026-08-28 16:34:40,476 INFO Wrote 1 matching line(s) to /home/eyamrog/PycharmProjects/cl_st1_melina/cl_st1_ph1_melina/corpus/01_now_dataset/02_now_text/text_16-08-pcg/16-08-bd.txt
2026-08-28 16:34:41,656 INFO Wrote 17 matching line(s) to /home/eyamrog/PycharmProjects/cl_st1_melina/cl_st1_ph1_melina/corpus/01_now_dataset/02_now_text/text_16-08-pcg/16-08-ca.txt
2026-08-28 16:34:42,739 INFO Wrote 26 matching line(s) to /home/eyamrog/PycharmProjects/cl_st1_melina/cl_st1_ph1_melina/corpus/01_now_dataset/02_now_text/text_16-08-pcg/16-08-gb.txt
2026-08-28 16:34:42,975 INFO Wrote 7 matching line(s) to /home/eyamrog/PycharmProjects/cl_st1_melina/cl_st1_ph1_melina/corpus/01_now_dataset/02_now_text/text_16-08-pcg/16-08-gh.txt
2026-08-28 16:34:43,035 INFO Wrote 2 matching line(s) to /home/eyamrog/PycharmProjects/cl_st1_melina/cl_st1_ph1_melina/corpus/01_now_dataset/02_now_text/text_16-08-pcg/16-08-hk.txt
2026-08-28 16:34:43,924 INFO Wrote 21 matching line(s) to /home/eyamrog/PycharmProjects/cl_st1_melina/cl_st1_ph1_melina/corpus/01_now_dataset/02_now_text/text_16-08-pcg/16-08-ie.txt
2026-08-28 16:34:45,454 INFO Wrote 6 matching line(s) to /home/eyamrog/PycharmProjects/cl_st1_melina/cl_st1_ph1_melina/corpus/01_now_dataset/02_now_text/text_16-08-pcg/16-08-in.txt
2026-08-28 16:34:45,491 INFO Wrote 3 matching line(s) to /home/eyamrog/PycharmProjects/cl_st1_melina/cl_st1_ph1_melina/corpus/01_now_dataset/02_now_text/text_16-08-pcg/16-08-jm.txt
2026-08-28 16:34:45,670 INFO Wrote 2 matching line(s) to /home/eyamrog/PycharmProjects/cl_st1_melina/cl_st1_ph1_melina/corpus/01_now_dataset/02_now_text/text_16-08-pcg/16-08-ke.txt
2026-08-28 16:34:45,766 INFO No matches found in 16-08-lk.txt; skipping output file
2026-08-28 16:34:46,153 INFO Wrote 19 matching line(s) to /home/eyamrog/PycharmProjects/cl_st1_melina/cl_st1_ph1_melina/corpus/01_now_dataset/02_now_text/text_16-08-pcg/16-08-my.txt
2026-08-28 16:34:47,042 INFO Wrote 12 matching line(s) to /home/eyamrog/PycharmProjects/cl_st1_melina/cl_st1_ph1_melina/corpus/01_now_dataset/02_now_text/text_16-08-pcg/16-08-ng.txt
2026-08-28 16:34:47,665 INFO Wrote 7 matching line(s) to /home/eyamrog/PycharmProjects/cl_st1_melina/cl_st1_ph1_melina/corpus/01_now_dataset/02_now_text/text_16-08-pcg/16-08-nz.txt
2026-08-28 16:34:48,385 INFO Wrote 5 matching line(s) to /home/eyamrog/PycharmProjects/cl_st1_melina/cl_st1_ph1_melina/corpus/01_now_dataset/02_now_text/text_16-08-pcg/16-08-ph.txt
2026-08-28 16:34:48,916 INFO Wrote 24 matching line(s) to /home/eyamrog/PycharmProjects/cl_st1_melina/cl_st1_ph1_melina/corpus/01_now_dataset/02_now_text/text_16-08-pcg/16-08-pk.txt
2026-08-28 16:34:49,411 INFO Wrote 10 matching line(s) to /home/eyamrog/PycharmProjects/cl_st1_melina/cl_st1_ph1_melina/corpus/01_now_dataset/02_now_text/text_16-08-pcg/16-08-sg.txt
2026-08-28 16:34:49,432 INFO No matches found in 16-08-tz.txt; skipping output file
2026-08-28 16:34:50,577 INFO Wrote 48 matching line(s) to /home/eyamrog/PycharmProjects/cl_st1_melina/cl_st1_ph1_melina/corpus/01_now_dataset/02_now_text/text_16-08-pcg/16-08-us.txt
2026-08-28 16:34:51,197 INFO Wrote 17 matching line(s) to /home/eyamrog/PycharmProjects/cl_st1_melina/cl_st1_ph1_melina/corpus/01_now_dataset/02_now_text/text_16-08-pcg/16-08-za.txt
2026-08-28 16:34:52,795 INFO Wrote 8 matching line(s) to /home/eyamrog/PycharmProjects/cl_st1_melina/cl_st1_ph1_melina/corpus/01_now_dataset/02_now_text/text_16-09-bmb/16-09-au.txt
2026-08-28 16:34:53,021 INFO No matches found in 16-09-bd.txt; skipping output file
2026-08-28 16:34:54,772 INFO Wrote 20 matching line(s) to /home/eyamrog/PycharmProjects/cl_st1_melina/cl_st1_ph1_melina/corpus/01_now_dataset/02_now_text/text_16-09-bmb/16-09-ca.txt
2026-08-28 16:34:55,788 INFO Wrote 33 matching line(s) to /home/eyamrog/PycharmProjects/cl_st1_melina/cl_st1_ph1_melina/corpus/01_now_dataset/02_now_text/text_16-09-bmb/16-09-gb.txt
2026-08-28 16:34:56,023 INFO No matches found in 16-09-gh.txt; skipping output file
2026-08-28 16:34:56,075 INFO No matches found in 16-09-hk.txt; skipping output file
2026-08-28 16:34:57,011 INFO Wrote 6 matching line(s) to /home/eyamrog/PycharmProjects/cl_st1_melina/cl_st1_ph1_melina/corpus/01_now_dataset/02_now_text/text_16-09-bmb/16-09-ie.txt
2026-08-28 16:34:58,458 INFO Wrote 15 matching line(s) to /home/eyamrog/PycharmProjects/cl_st1_melina/cl_st1_ph1_melina/corpus/01_now_dataset/02_now_text/text_16-09-bmb/16-09-in.txt
2026-08-28 16:34:58,500 INFO Wrote 1 matching line(s) to /home/eyamrog/PycharmProjects/cl_st1_melina/cl_st1_ph1_melina/corpus/01_now_dataset/02_now_text/text_16-09-bmb/16-09-jm.txt
2026-08-28 16:34:58,709 INFO Wrote 3 matching line(s) to /home/eyamrog/PycharmProjects/cl_st1_melina/cl_st1_ph1_melina/corpus/01_now_dataset/02_now_text/text_16-09-bmb/16-09-ke.txt
2026-08-28 16:34:58,804 INFO Wrote 4 matching line(s) to /home/eyamrog/PycharmProjects/cl_st1_melina/cl_st1_ph1_melina/corpus/01_now_dataset/02_now_text/text_16-09-bmb/16-09-lk.txt
2026-08-28 16:34:59,220 INFO Wrote 13 matching line(s) to /home/eyamrog/PycharmProjects/cl_st1_melina/cl_st1_ph1_melina/corpus/01_now_dataset/02_now_text/text_16-09-bmb/16-09-my.txt
2026-08-28 16:35:00,144 INFO Wrote 5 matching line(s) to /home/eyamrog/PycharmProjects/cl_st1_melina/cl_st1_ph1_melina/corpus/01_now_dataset/02_now_text/text_16-09-bmb/16-09-ng.txt
2026-08-28 16:35:00,761 INFO Wrote 75 matching line(s) to /home/eyamrog/PycharmProjects/cl_st1_melina/cl_st1_ph1_melina/corpus/01_now_dataset/02_now_text/text_16-09-bmb/16-09-nz.txt
2026-08-28 16:35:01,244 INFO Wrote 1 matching line(s) to /home/eyamrog/PycharmProjects/cl_st1_melina/cl_st1_ph1_melina/corpus/01_now_dataset/02_now_text/text_16-09-bmb/16-09-ph.txt
2026-08-28 16:35:01,699 INFO Wrote 29 matching line(s) to /home/eyamrog/PycharmProjects/cl_st1_melina/cl_st1_ph1_melina/corpus/01_now_dataset/02_now_text/text_16-09-bmb/16-09-pk.txt
2026-08-28 16:35:02,227 INFO Wrote 21 matching line(s) to /home/eyamrog/PycharmProjects/cl_st1_melina/cl_st1_ph1_melina/corpus/01_now_dataset/02_now_text/text_16-09-bmb/16-09-sg.txt
2026-08-28 16:35:02,242 INFO No matches found in 16-09-tz.txt; skipping output file
2026-08-28 16:35:03,361 INFO Wrote 45 matching line(s) to /home/eyamrog/PycharmProjects/cl_st1_melina/cl_st1_ph1_melina/corpus/01_now_dataset/02_now_text/text_16-09-bmb/16-09-us.txt
2026-08-28 16:35:04,024 INFO Wrote 15 matching line(s) to /home/eyamrog/PycharmProjects/cl_st1_melina/cl_st1_ph1_melina/corpus/01_now_dataset/02_now_text/text_16-09-bmb/16-09-za.txt
2026-08-28 16:35:05,105 INFO Wrote 15 matching line(s) to /home/eyamrog/PycharmProjects/cl_st1_melina/cl_st1_ph1_melina/corpus/01_now_dataset/02_now_text/text_16-10-ykw/16-10-au.txt
2026-08-28 16:35:05,173 INFO Wrote 2 matching line(s) to /home/eyamrog/PycharmProjects/cl_st1_melina/cl_st1_ph1_melina/corpus/01_now_dataset/02_now_text/text_16-10-ykw/16-10-bd.txt
2026-08-28 16:35:06,362 INFO Wrote 16 matching line(s) to /home/eyamrog/PycharmProjects/cl_st1_melina/cl_st1_ph1_melina/corpus/01_now_dataset/02_now_text/text_16-10-ykw/16-10-ca.txt
2026-08-28 16:35:08,418 INFO Wrote 26 matching line(s) to /home/eyamrog/PycharmProjects/cl_st1_melina/cl_st1_ph1_melina/corpus/01_now_dataset/02_now_text/text_16-10-ykw/16-10-gb.txt
2026-08-28 16:35:08,783 INFO Wrote 5 matching line(s) to /home/eyamrog/PycharmProjects/cl_st1_melina/cl_st1_ph1_melina/corpus/01_now_dataset/02_now_text/text_16-10-ykw/16-10-gh.txt
2026-08-28 16:35:08,853 INFO No matches found in 16-10-hk.txt; skipping output file
2026-08-28 16:35:09,906 INFO Wrote 16 matching line(s) to /home/eyamrog/PycharmProjects/cl_st1_melina/cl_st1_ph1_melina/corpus/01_now_dataset/02_now_text/text_16-10-ykw/16-10-ie.txt
2026-08-28 16:35:11,413 INFO Wrote 12 matching line(s) to /home/eyamrog/PycharmProjects/cl_st1_melina/cl_st1_ph1_melina/corpus/01_now_dataset/02_now_text/text_16-10-ykw/16-10-in.txt
2026-08-28 16:35:11,456 INFO Wrote 1 matching line(s) to /home/eyamrog/PycharmProjects/cl_st1_melina/cl_st1_ph1_melina/corpus/01_now_dataset/02_now_text/text_16-10-ykw/16-10-jm.txt
2026-08-28 16:35:11,654 INFO Wrote 2 matching line(s) to /home/eyamrog/PycharmProjects/cl_st1_melina/cl_st1_ph1_melina/corpus/01_now_dataset/02_now_text/text_16-10-ykw/16-10-ke.txt
2026-08-28 16:35:11,744 INFO No matches found in 16-10-lk.txt; skipping output file
2026-08-28 16:35:12,082 INFO Wrote 37 matching line(s) to /home/eyamrog/PycharmProjects/cl_st1_melina/cl_st1_ph1_melina/corpus/01_now_dataset/02_now_text/text_16-10-ykw/16-10-my.txt
2026-08-28 16:35:13,022 INFO Wrote 10 matching line(s) to /home/eyamrog/PycharmProjects/cl_st1_melina/cl_st1_ph1_melina/corpus/01_now_dataset/02_now_text/text_16-10-ykw/16-10-ng.txt
2026-08-28 16:35:13,699 INFO Wrote 38 matching line(s) to /home/eyamrog/PycharmProjects/cl_st1_melina/cl_st1_ph1_melina/corpus/01_now_dataset/02_now_text/text_16-10-ykw/16-10-nz.txt
2026-08-28 16:35:14,142 INFO Wrote 2 matching line(s) to /home/eyamrog/PycharmProjects/cl_st1_melina/cl_st1_ph1_melina/corpus/01_now_dataset/02_now_text/text_16-10-ykw/16-10-ph.txt
2026-08-28 16:35:14,603 INFO Wrote 14 matching line(s) to /home/eyamrog/PycharmProjects/cl_st1_melina/cl_st1_ph1_melina/corpus/01_now_dataset/02_now_text/text_16-10-ykw/16-10-pk.txt
2026-08-28 16:35:15,137 INFO Wrote 11 matching line(s) to /home/eyamrog/PycharmProjects/cl_st1_melina/cl_st1_ph1_melina/corpus/01_now_dataset/02_now_text/text_16-10-ykw/16-10-sg.txt
2026-08-28 16:35:15,151 INFO No matches found in 16-10-tz.txt; skipping output file
2026-08-28 16:35:16,467 INFO Wrote 34 matching line(s) to /home/eyamrog/PycharmProjects/cl_st1_melina/cl_st1_ph1_melina/corpus/01_now_dataset/02_now_text/text_16-10-ykw/16-10-us.txt
2026-08-28 16:35:17,111 INFO Wrote 31 matching line(s) to /home/eyamrog/PycharmProjects/cl_st1_melina/cl_st1_ph1_melina/corpus/01_now_dataset/02_now_text/text_16-10-ykw/16-10-za.txt
2026-08-28 16:35:17,112 INFO Processing complete
