source_id,url,local_path,http_status,fetch_status,error_message
the_times_of_israel,https://www.timesofisrael.com/news-sitemap.xml,data/raw/sitemaps/news-sitemap.xml,200,saved,
the_times_of_israel,https://www.timesofisrael.com/sitemap_index.xml,data/raw/sitemaps/sitemap_index.xml,200,saved,
the_times_of_israel,https://www.timesofisrael.com/category-sitemap.xml,data/raw/sitemaps/category-sitemap.xml,200,saved,
the_times_of_israel,https://www.timesofisrael.com/class-sitemap.xml,data/raw/sitemaps/class-sitemap.xml,200,saved,
the_times_of_israel,https://www.timesofisrael.com/community-sitemap.xml,data/raw/sitemaps/community-sitemap.xml,200,saved,
the_times_of_israel,https://www.timesofisrael.com/liveblog_entry-sitemap.xml,data/raw/sitemaps/liveblog_entry-sitemap.xml,200,saved,
the_times_of_israel,https://www.timesofisrael.com/liveblog_entry-sitemap10.xml,data/raw/sitemaps/liveblog_entry-sitemap10.xml,200,saved,
the_times_of_israel,https://www.timesofisrael.com/liveblog_entry-sitemap100.xml,data/raw/sitemaps/liveblog_entry-sitemap100.xml,200,saved,
the_times_of_israel,https://www.timesofisrael.com/liveblog_entry-sitemap101.xml,data/raw/sitemaps/liveblog_entry-sitemap101.xml,200,saved,
the_times_of_israel,https://www.timesofisrael.com/liveblog_entry-sitemap102.xml,data/raw/sitemaps/liveblog_entry-sitemap102.xml,200,saved,
the_times_of_israel,https://www.timesofisrael.com/liveblog_entry-sitemap103.xml,data/raw/sitemaps/liveblog_entry-sitemap103.xml,200,saved,
the_times_of_israel,https://www.timesofisrael.com/liveblog_entry-sitemap104.xml,data/raw/sitemaps/liveblog_entry-sitemap104.xml,200,saved,
the_times_of_israel,https://www.timesofisrael.com/liveblog_entry-sitemap105.xml,data/raw/sitemaps/liveblog_entry-sitemap105.xml,200,saved,
the_times_of_israel,https://www.timesofisrael.com/liveblog_entry-sitemap106.xml,data/raw/sitemaps/liveblog_entry-sitemap106.xml,200,saved,
the_times_of_israel,https://www.timesofisrael.com/liveblog_entry-sitemap107.xml,data/raw/sitemaps/liveblog_entry-sitemap107.xml,200,saved,
the_times_of_israel,https://www.timesofisrael.com/liveblog_entry-sitemap108.xml,data/raw/sitemaps/liveblog_entry-sitemap108.xml,200,saved,
the_times_of_israel,https://www.timesofisrael.com/liveblog_entry-sitemap109.xml,data/raw/sitemaps/liveblog_entry-sitemap109.xml,200,saved,
the_times_of_israel,https://www.timesofisrael.com/liveblog_entry-sitemap11.xml,data/raw/sitemaps/liveblog_entry-sitemap11.xml,200,saved,
the_times_of_israel,https://www.timesofisrael.com/liveblog_entry-sitemap110.xml,data/raw/sitemaps/liveblog_entry-sitemap110.xml,200,saved,
the_times_of_israel,https://www.timesofisrael.com/liveblog_entry-sitemap111.xml,data/raw/sitemaps/liveblog_entry-sitemap111.xml,200,saved,
the_times_of_israel,https://www.timesofisrael.com/liveblog_entry-sitemap112.xml,data/raw/sitemaps/liveblog_entry-sitemap112.xml,200,saved,
the_times_of_israel,https://www.timesofisrael.com/liveblog_entry-sitemap113.xml,data/raw/sitemaps/liveblog_entry-sitemap113.xml,200,saved,
the_times_of_israel,https://www.timesofisrael.com/liveblog_entry-sitemap114.xml,data/raw/sitemaps/liveblog_entry-sitemap114.xml,200,saved,
the_times_of_israel,https://www.timesofisrael.com/liveblog_entry-sitemap115.xml,data/raw/sitemaps/liveblog_entry-sitemap115.xml,200,saved,
the_times_of_israel,https://www.timesofisrael.com/liveblog_entry-sitemap116.xml,data/raw/sitemaps/liveblog_entry-sitemap116.xml,200,saved,
the_times_of_israel,https://www.timesofisrael.com/liveblog_entry-sitemap117.xml,data/raw/sitemaps/liveblog_entry-sitemap117.xml,200,saved,
the_times_of_israel,https://www.timesofisrael.com/liveblog_entry-sitemap118.xml,data/raw/sitemaps/liveblog_entry-sitemap118.xml,200,saved,
the_times_of_israel,https://www.timesofisrael.com/liveblog_entry-sitemap119.xml,data/raw/sitemaps/liveblog_entry-sitemap119.xml,200,saved,
the_times_of_israel,https://www.timesofisrael.com/liveblog_entry-sitemap12.xml,data/raw/sitemaps/liveblog_entry-sitemap12.xml,200,saved,
the_times_of_israel,https://www.timesofisrael.com/liveblog_entry-sitemap120.xml,data/raw/sitemaps/liveblog_entry-sitemap120.xml,200,saved,
the_times_of_israel,https://www.timesofisrael.com/liveblog_entry-sitemap121.xml,data/raw/sitemaps/liveblog_entry-sitemap121.xml,200,saved,
the_times_of_israel,https://www.timesofisrael.com/liveblog_entry-sitemap122.xml,data/raw/sitemaps/liveblog_entry-sitemap122.xml,200,saved,
the_times_of_israel,https://www.timesofisrael.com/liveblog_entry-sitemap123.xml,data/raw/sitemaps/liveblog_entry-sitemap123.xml,200,saved,
the_times_of_israel,https://www.timesofisrael.com/liveblog_entry-sitemap124.xml,data/raw/sitemaps/liveblog_entry-sitemap124.xml,200,saved,
the_times_of_israel,https://www.timesofisrael.com/liveblog_entry-sitemap125.xml,data/raw/sitemaps/liveblog_entry-sitemap125.xml,200,saved,
the_times_of_israel,https://www.timesofisrael.com/liveblog_entry-sitemap126.xml,data/raw/sitemaps/liveblog_entry-sitemap126.xml,200,saved,
the_times_of_israel,https://www.timesofisrael.com/liveblog_entry-sitemap127.xml,data/raw/sitemaps/liveblog_entry-sitemap127.xml,200,saved,
the_times_of_israel,https://www.timesofisrael.com/liveblog_entry-sitemap128.xml,data/raw/sitemaps/liveblog_entry-sitemap128.xml,200,saved,
the_times_of_israel,https://www.timesofisrael.com/liveblog_entry-sitemap129.xml,data/raw/sitemaps/liveblog_entry-sitemap129.xml,200,saved,
the_times_of_israel,https://www.timesofisrael.com/liveblog_entry-sitemap13.xml,data/raw/sitemaps/liveblog_entry-sitemap13.xml,200,saved,
the_times_of_israel,https://www.timesofisrael.com/liveblog_entry-sitemap130.xml,data/raw/sitemaps/liveblog_entry-sitemap130.xml,200,saved,
the_times_of_israel,https://www.timesofisrael.com/liveblog_entry-sitemap131.xml,data/raw/sitemaps/liveblog_entry-sitemap131.xml,200,saved,
the_times_of_israel,https://www.timesofisrael.com/liveblog_entry-sitemap132.xml,data/raw/sitemaps/liveblog_entry-sitemap132.xml,200,saved,
the_times_of_israel,https://www.timesofisrael.com/liveblog_entry-sitemap133.xml,data/raw/sitemaps/liveblog_entry-sitemap133.xml,200,saved,
the_times_of_israel,https://www.timesofisrael.com/liveblog_entry-sitemap134.xml,data/raw/sitemaps/liveblog_entry-sitemap134.xml,200,saved,
the_times_of_israel,https://www.timesofisrael.com/liveblog_entry-sitemap135.xml,data/raw/sitemaps/liveblog_entry-sitemap135.xml,200,saved,
the_times_of_israel,https://www.timesofisrael.com/liveblog_entry-sitemap136.xml,data/raw/sitemaps/liveblog_entry-sitemap136.xml,200,saved,
the_times_of_israel,https://www.timesofisrael.com/liveblog_entry-sitemap137.xml,data/raw/sitemaps/liveblog_entry-sitemap137.xml,200,saved,
the_times_of_israel,https://www.timesofisrael.com/liveblog_entry-sitemap138.xml,data/raw/sitemaps/liveblog_entry-sitemap138.xml,200,saved,
the_times_of_israel,https://www.timesofisrael.com/liveblog_entry-sitemap139.xml,data/raw/sitemaps/liveblog_entry-sitemap139.xml,200,saved,
the_times_of_israel,https://www.timesofisrael.com/liveblog_entry-sitemap14.xml,data/raw/sitemaps/liveblog_entry-sitemap14.xml,200,saved,
the_times_of_israel,https://www.timesofisrael.com/liveblog_entry-sitemap140.xml,data/raw/sitemaps/liveblog_entry-sitemap140.xml,200,saved,
the_times_of_israel,https://www.timesofisrael.com/liveblog_entry-sitemap141.xml,data/raw/sitemaps/liveblog_entry-sitemap141.xml,200,saved,
the_times_of_israel,https://www.timesofisrael.com/liveblog_entry-sitemap142.xml,data/raw/sitemaps/liveblog_entry-sitemap142.xml,200,saved,
the_times_of_israel,https://www.timesofisrael.com/liveblog_entry-sitemap143.xml,data/raw/sitemaps/liveblog_entry-sitemap143.xml,200,saved,
the_times_of_israel,https://www.timesofisrael.com/liveblog_entry-sitemap144.xml,data/raw/sitemaps/liveblog_entry-sitemap144.xml,200,saved,
the_times_of_israel,https://www.timesofisrael.com/liveblog_entry-sitemap145.xml,data/raw/sitemaps/liveblog_entry-sitemap145.xml,200,saved,
the_times_of_israel,https://www.timesofisrael.com/liveblog_entry-sitemap146.xml,data/raw/sitemaps/liveblog_entry-sitemap146.xml,200,saved,
the_times_of_israel,https://www.timesofisrael.com/liveblog_entry-sitemap147.xml,data/raw/sitemaps/liveblog_entry-sitemap147.xml,200,saved,
the_times_of_israel,https://www.timesofisrael.com/liveblog_entry-sitemap148.xml,data/raw/sitemaps/liveblog_entry-sitemap148.xml,200,saved,
the_times_of_israel,https://www.timesofisrael.com/liveblog_entry-sitemap149.xml,data/raw/sitemaps/liveblog_entry-sitemap149.xml,200,saved,
the_times_of_israel,https://www.timesofisrael.com/liveblog_entry-sitemap15.xml,data/raw/sitemaps/liveblog_entry-sitemap15.xml,200,saved,
the_times_of_israel,https://www.timesofisrael.com/liveblog_entry-sitemap150.xml,data/raw/sitemaps/liveblog_entry-sitemap150.xml,200,saved,
the_times_of_israel,https://www.timesofisrael.com/liveblog_entry-sitemap151.xml,data/raw/sitemaps/liveblog_entry-sitemap151.xml,200,saved,
the_times_of_israel,https://www.timesofisrael.com/liveblog_entry-sitemap152.xml,data/raw/sitemaps/liveblog_entry-sitemap152.xml,200,saved,
the_times_of_israel,https://www.timesofisrael.com/liveblog_entry-sitemap153.xml,data/raw/sitemaps/liveblog_entry-sitemap153.xml,200,saved,
the_times_of_israel,https://www.timesofisrael.com/liveblog_entry-sitemap154.xml,data/raw/sitemaps/liveblog_entry-sitemap154.xml,200,saved,
the_times_of_israel,https://www.timesofisrael.com/liveblog_entry-sitemap155.xml,data/raw/sitemaps/liveblog_entry-sitemap155.xml,200,saved,
the_times_of_israel,https://www.timesofisrael.com/liveblog_entry-sitemap156.xml,data/raw/sitemaps/liveblog_entry-sitemap156.xml,200,saved,
the_times_of_israel,https://www.timesofisrael.com/liveblog_entry-sitemap157.xml,data/raw/sitemaps/liveblog_entry-sitemap157.xml,200,saved,
the_times_of_israel,https://www.timesofisrael.com/liveblog_entry-sitemap158.xml,data/raw/sitemaps/liveblog_entry-sitemap158.xml,200,saved,
the_times_of_israel,https://www.timesofisrael.com/liveblog_entry-sitemap159.xml,data/raw/sitemaps/liveblog_entry-sitemap159.xml,200,saved,
the_times_of_israel,https://www.timesofisrael.com/liveblog_entry-sitemap16.xml,data/raw/sitemaps/liveblog_entry-sitemap16.xml,200,saved,
the_times_of_israel,https://www.timesofisrael.com/liveblog_entry-sitemap160.xml,data/raw/sitemaps/liveblog_entry-sitemap160.xml,200,saved,
the_times_of_israel,https://www.timesofisrael.com/liveblog_entry-sitemap161.xml,data/raw/sitemaps/liveblog_entry-sitemap161.xml,200,saved,
the_times_of_israel,https://www.timesofisrael.com/liveblog_entry-sitemap162.xml,data/raw/sitemaps/liveblog_entry-sitemap162.xml,200,saved,
the_times_of_israel,https://www.timesofisrael.com/liveblog_entry-sitemap163.xml,data/raw/sitemaps/liveblog_entry-sitemap163.xml,200,saved,
the_times_of_israel,https://www.timesofisrael.com/liveblog_entry-sitemap164.xml,data/raw/sitemaps/liveblog_entry-sitemap164.xml,200,saved,
the_times_of_israel,https://www.timesofisrael.com/liveblog_entry-sitemap165.xml,data/raw/sitemaps/liveblog_entry-sitemap165.xml,200,saved,
the_times_of_israel,https://www.timesofisrael.com/liveblog_entry-sitemap166.xml,data/raw/sitemaps/liveblog_entry-sitemap166.xml,200,saved,
the_times_of_israel,https://www.timesofisrael.com/liveblog_entry-sitemap167.xml,data/raw/sitemaps/liveblog_entry-sitemap167.xml,200,saved,
the_times_of_israel,https://www.timesofisrael.com/liveblog_entry-sitemap168.xml,data/raw/sitemaps/liveblog_entry-sitemap168.xml,200,saved,
the_times_of_israel,https://www.timesofisrael.com/liveblog_entry-sitemap169.xml,data/raw/sitemaps/liveblog_entry-sitemap169.xml,200,saved,
the_times_of_israel,https://www.timesofisrael.com/liveblog_entry-sitemap17.xml,data/raw/sitemaps/liveblog_entry-sitemap17.xml,200,saved,
the_times_of_israel,https://www.timesofisrael.com/liveblog_entry-sitemap170.xml,data/raw/sitemaps/liveblog_entry-sitemap170.xml,200,saved,
the_times_of_israel,https://www.timesofisrael.com/liveblog_entry-sitemap171.xml,data/raw/sitemaps/liveblog_entry-sitemap171.xml,200,saved,
the_times_of_israel,https://www.timesofisrael.com/liveblog_entry-sitemap172.xml,data/raw/sitemaps/liveblog_entry-sitemap172.xml,200,saved,
the_times_of_israel,https://www.timesofisrael.com/liveblog_entry-sitemap173.xml,data/raw/sitemaps/liveblog_entry-sitemap173.xml,200,saved,
the_times_of_israel,https://www.timesofisrael.com/liveblog_entry-sitemap174.xml,data/raw/sitemaps/liveblog_entry-sitemap174.xml,200,saved,
the_times_of_israel,https://www.timesofisrael.com/liveblog_entry-sitemap175.xml,data/raw/sitemaps/liveblog_entry-sitemap175.xml,200,saved,
the_times_of_israel,https://www.timesofisrael.com/liveblog_entry-sitemap176.xml,data/raw/sitemaps/liveblog_entry-sitemap176.xml,200,saved,
the_times_of_israel,https://www.timesofisrael.com/liveblog_entry-sitemap177.xml,data/raw/sitemaps/liveblog_entry-sitemap177.xml,200,saved,
the_times_of_israel,https://www.timesofisrael.com/liveblog_entry-sitemap178.xml,data/raw/sitemaps/liveblog_entry-sitemap178.xml,200,saved,
the_times_of_israel,https://www.timesofisrael.com/liveblog_entry-sitemap179.xml,data/raw/sitemaps/liveblog_entry-sitemap179.xml,200,saved,
the_times_of_israel,https://www.timesofisrael.com/liveblog_entry-sitemap18.xml,data/raw/sitemaps/liveblog_entry-sitemap18.xml,200,saved,
the_times_of_israel,https://www.timesofisrael.com/liveblog_entry-sitemap180.xml,data/raw/sitemaps/liveblog_entry-sitemap180.xml,200,saved,
the_times_of_israel,https://www.timesofisrael.com/liveblog_entry-sitemap181.xml,data/raw/sitemaps/liveblog_entry-sitemap181.xml,200,saved,
the_times_of_israel,https://www.timesofisrael.com/liveblog_entry-sitemap182.xml,data/raw/sitemaps/liveblog_entry-sitemap182.xml,200,saved,
the_times_of_israel,https://www.timesofisrael.com/liveblog_entry-sitemap183.xml,data/raw/sitemaps/liveblog_entry-sitemap183.xml,200,saved,
the_times_of_israel,https://www.timesofisrael.com/liveblog_entry-sitemap184.xml,data/raw/sitemaps/liveblog_entry-sitemap184.xml,200,saved,
the_times_of_israel,https://www.timesofisrael.com/liveblog_entry-sitemap185.xml,data/raw/sitemaps/liveblog_entry-sitemap185.xml,200,saved,
the_times_of_israel,https://www.timesofisrael.com/liveblog_entry-sitemap186.xml,data/raw/sitemaps/liveblog_entry-sitemap186.xml,200,saved,
the_times_of_israel,https://www.timesofisrael.com/liveblog_entry-sitemap187.xml,data/raw/sitemaps/liveblog_entry-sitemap187.xml,200,saved,
the_times_of_israel,https://www.timesofisrael.com/liveblog_entry-sitemap188.xml,data/raw/sitemaps/liveblog_entry-sitemap188.xml,200,saved,
the_times_of_israel,https://www.timesofisrael.com/liveblog_entry-sitemap189.xml,data/raw/sitemaps/liveblog_entry-sitemap189.xml,200,saved,
the_times_of_israel,https://www.timesofisrael.com/liveblog_entry-sitemap19.xml,data/raw/sitemaps/liveblog_entry-sitemap19.xml,200,saved,
the_times_of_israel,https://www.timesofisrael.com/liveblog_entry-sitemap190.xml,data/raw/sitemaps/liveblog_entry-sitemap190.xml,200,saved,
the_times_of_israel,https://www.timesofisrael.com/liveblog_entry-sitemap191.xml,data/raw/sitemaps/liveblog_entry-sitemap191.xml,200,saved,
the_times_of_israel,https://www.timesofisrael.com/liveblog_entry-sitemap192.xml,data/raw/sitemaps/liveblog_entry-sitemap192.xml,200,saved,
the_times_of_israel,https://www.timesofisrael.com/liveblog_entry-sitemap193.xml,data/raw/sitemaps/liveblog_entry-sitemap193.xml,200,saved,
the_times_of_israel,https://www.timesofisrael.com/liveblog_entry-sitemap194.xml,data/raw/sitemaps/liveblog_entry-sitemap194.xml,200,saved,
the_times_of_israel,https://www.timesofisrael.com/liveblog_entry-sitemap195.xml,data/raw/sitemaps/liveblog_entry-sitemap195.xml,200,saved,
the_times_of_israel,https://www.timesofisrael.com/liveblog_entry-sitemap196.xml,data/raw/sitemaps/liveblog_entry-sitemap196.xml,200,saved,
the_times_of_israel,https://www.timesofisrael.com/liveblog_entry-sitemap197.xml,data/raw/sitemaps/liveblog_entry-sitemap197.xml,200,saved,
the_times_of_israel,https://www.timesofisrael.com/liveblog_entry-sitemap198.xml,data/raw/sitemaps/liveblog_entry-sitemap198.xml,200,saved,
the_times_of_israel,https://www.timesofisrael.com/liveblog_entry-sitemap199.xml,data/raw/sitemaps/liveblog_entry-sitemap199.xml,200,saved,
the_times_of_israel,https://www.timesofisrael.com/liveblog_entry-sitemap2.xml,data/raw/sitemaps/liveblog_entry-sitemap2.xml,200,saved,
the_times_of_israel,https://www.timesofisrael.com/liveblog_entry-sitemap20.xml,data/raw/sitemaps/liveblog_entry-sitemap20.xml,200,saved,
the_times_of_israel,https://www.timesofisrael.com/liveblog_entry-sitemap200.xml,data/raw/sitemaps/liveblog_entry-sitemap200.xml,200,saved,
the_times_of_israel,https://www.timesofisrael.com/liveblog_entry-sitemap201.xml,data/raw/sitemaps/liveblog_entry-sitemap201.xml,200,saved,
the_times_of_israel,https://www.timesofisrael.com/liveblog_entry-sitemap202.xml,data/raw/sitemaps/liveblog_entry-sitemap202.xml,200,saved,
the_times_of_israel,https://www.timesofisrael.com/liveblog_entry-sitemap203.xml,data/raw/sitemaps/liveblog_entry-sitemap203.xml,200,saved,
the_times_of_israel,https://www.timesofisrael.com/liveblog_entry-sitemap204.xml,data/raw/sitemaps/liveblog_entry-sitemap204.xml,200,saved,
the_times_of_israel,https://www.timesofisrael.com/liveblog_entry-sitemap205.xml,data/raw/sitemaps/liveblog_entry-sitemap205.xml,200,saved,
the_times_of_israel,https://www.timesofisrael.com/liveblog_entry-sitemap206.xml,data/raw/sitemaps/liveblog_entry-sitemap206.xml,200,saved,
the_times_of_israel,https://www.timesofisrael.com/liveblog_entry-sitemap207.xml,data/raw/sitemaps/liveblog_entry-sitemap207.xml,200,saved,
the_times_of_israel,https://www.timesofisrael.com/liveblog_entry-sitemap208.xml,data/raw/sitemaps/liveblog_entry-sitemap208.xml,200,saved,
the_times_of_israel,https://www.timesofisrael.com/liveblog_entry-sitemap209.xml,data/raw/sitemaps/liveblog_entry-sitemap209.xml,200,saved,
the_times_of_israel,https://www.timesofisrael.com/liveblog_entry-sitemap21.xml,data/raw/sitemaps/liveblog_entry-sitemap21.xml,200,saved,
the_times_of_israel,https://www.timesofisrael.com/liveblog_entry-sitemap210.xml,data/raw/sitemaps/liveblog_entry-sitemap210.xml,200,saved,
the_times_of_israel,https://www.timesofisrael.com/liveblog_entry-sitemap211.xml,data/raw/sitemaps/liveblog_entry-sitemap211.xml,200,saved,
the_times_of_israel,https://www.timesofisrael.com/liveblog_entry-sitemap212.xml,data/raw/sitemaps/liveblog_entry-sitemap212.xml,200,saved,
the_times_of_israel,https://www.timesofisrael.com/liveblog_entry-sitemap213.xml,data/raw/sitemaps/liveblog_entry-sitemap213.xml,200,saved,
the_times_of_israel,https://www.timesofisrael.com/liveblog_entry-sitemap214.xml,data/raw/sitemaps/liveblog_entry-sitemap214.xml,200,saved,
the_times_of_israel,https://www.timesofisrael.com/liveblog_entry-sitemap215.xml,data/raw/sitemaps/liveblog_entry-sitemap215.xml,200,saved,
the_times_of_israel,https://www.timesofisrael.com/liveblog_entry-sitemap216.xml,data/raw/sitemaps/liveblog_entry-sitemap216.xml,200,saved,
the_times_of_israel,https://www.timesofisrael.com/liveblog_entry-sitemap217.xml,data/raw/sitemaps/liveblog_entry-sitemap217.xml,200,saved,
the_times_of_israel,https://www.timesofisrael.com/liveblog_entry-sitemap218.xml,data/raw/sitemaps/liveblog_entry-sitemap218.xml,200,saved,
the_times_of_israel,https://www.timesofisrael.com/liveblog_entry-sitemap219.xml,data/raw/sitemaps/liveblog_entry-sitemap219.xml,200,saved,
the_times_of_israel,https://www.timesofisrael.com/liveblog_entry-sitemap22.xml,data/raw/sitemaps/liveblog_entry-sitemap22.xml,200,saved,
the_times_of_israel,https://www.timesofisrael.com/liveblog_entry-sitemap220.xml,data/raw/sitemaps/liveblog_entry-sitemap220.xml,200,saved,
the_times_of_israel,https://www.timesofisrael.com/liveblog_entry-sitemap221.xml,data/raw/sitemaps/liveblog_entry-sitemap221.xml,200,saved,
the_times_of_israel,https://www.timesofisrael.com/liveblog_entry-sitemap222.xml,data/raw/sitemaps/liveblog_entry-sitemap222.xml,200,saved,
the_times_of_israel,https://www.timesofisrael.com/liveblog_entry-sitemap223.xml,data/raw/sitemaps/liveblog_entry-sitemap223.xml,200,saved,
the_times_of_israel,https://www.timesofisrael.com/liveblog_entry-sitemap224.xml,data/raw/sitemaps/liveblog_entry-sitemap224.xml,200,saved,
the_times_of_israel,https://www.timesofisrael.com/liveblog_entry-sitemap225.xml,data/raw/sitemaps/liveblog_entry-sitemap225.xml,200,saved,
the_times_of_israel,https://www.timesofisrael.com/liveblog_entry-sitemap226.xml,data/raw/sitemaps/liveblog_entry-sitemap226.xml,200,saved,
the_times_of_israel,https://www.timesofisrael.com/liveblog_entry-sitemap227.xml,data/raw/sitemaps/liveblog_entry-sitemap227.xml,200,saved,
the_times_of_israel,https://www.timesofisrael.com/liveblog_entry-sitemap228.xml,data/raw/sitemaps/liveblog_entry-sitemap228.xml,200,saved,
the_times_of_israel,https://www.timesofisrael.com/liveblog_entry-sitemap229.xml,data/raw/sitemaps/liveblog_entry-sitemap229.xml,200,saved,
the_times_of_israel,https://www.timesofisrael.com/liveblog_entry-sitemap23.xml,data/raw/sitemaps/liveblog_entry-sitemap23.xml,200,saved,
the_times_of_israel,https://www.timesofisrael.com/liveblog_entry-sitemap230.xml,data/raw/sitemaps/liveblog_entry-sitemap230.xml,200,saved,
the_times_of_israel,https://www.timesofisrael.com/liveblog_entry-sitemap231.xml,data/raw/sitemaps/liveblog_entry-sitemap231.xml,200,saved,
the_times_of_israel,https://www.timesofisrael.com/liveblog_entry-sitemap232.xml,data/raw/sitemaps/liveblog_entry-sitemap232.xml,200,saved,
the_times_of_israel,https://www.timesofisrael.com/liveblog_entry-sitemap233.xml,data/raw/sitemaps/liveblog_entry-sitemap233.xml,200,saved,
the_times_of_israel,https://www.timesofisrael.com/liveblog_entry-sitemap234.xml,data/raw/sitemaps/liveblog_entry-sitemap234.xml,200,saved,
the_times_of_israel,https://www.timesofisrael.com/liveblog_entry-sitemap235.xml,data/raw/sitemaps/liveblog_entry-sitemap235.xml,200,saved,
the_times_of_israel,https://www.timesofisrael.com/liveblog_entry-sitemap236.xml,data/raw/sitemaps/liveblog_entry-sitemap236.xml,200,saved,
the_times_of_israel,https://www.timesofisrael.com/liveblog_entry-sitemap237.xml,data/raw/sitemaps/liveblog_entry-sitemap237.xml,200,saved,
the_times_of_israel,https://www.timesofisrael.com/liveblog_entry-sitemap238.xml,data/raw/sitemaps/liveblog_entry-sitemap238.xml,200,saved,
the_times_of_israel,https://www.timesofisrael.com/liveblog_entry-sitemap239.xml,data/raw/sitemaps/liveblog_entry-sitemap239.xml,200,saved,
the_times_of_israel,https://www.timesofisrael.com/liveblog_entry-sitemap24.xml,data/raw/sitemaps/liveblog_entry-sitemap24.xml,200,saved,
the_times_of_israel,https://www.timesofisrael.com/liveblog_entry-sitemap240.xml,data/raw/sitemaps/liveblog_entry-sitemap240.xml,200,saved,
the_times_of_israel,https://www.timesofisrael.com/liveblog_entry-sitemap241.xml,data/raw/sitemaps/liveblog_entry-sitemap241.xml,200,saved,
the_times_of_israel,https://www.timesofisrael.com/liveblog_entry-sitemap242.xml,data/raw/sitemaps/liveblog_entry-sitemap242.xml,200,saved,
the_times_of_israel,https://www.timesofisrael.com/liveblog_entry-sitemap243.xml,data/raw/sitemaps/liveblog_entry-sitemap243.xml,200,saved,
the_times_of_israel,https://www.timesofisrael.com/liveblog_entry-sitemap244.xml,data/raw/sitemaps/liveblog_entry-sitemap244.xml,200,saved,
the_times_of_israel,https://www.timesofisrael.com/liveblog_entry-sitemap245.xml,data/raw/sitemaps/liveblog_entry-sitemap245.xml,200,saved,
the_times_of_israel,https://www.timesofisrael.com/liveblog_entry-sitemap246.xml,data/raw/sitemaps/liveblog_entry-sitemap246.xml,200,saved,
the_times_of_israel,https://www.timesofisrael.com/liveblog_entry-sitemap247.xml,data/raw/sitemaps/liveblog_entry-sitemap247.xml,200,saved,
the_times_of_israel,https://www.timesofisrael.com/liveblog_entry-sitemap248.xml,data/raw/sitemaps/liveblog_entry-sitemap248.xml,200,saved,
the_times_of_israel,https://www.timesofisrael.com/liveblog_entry-sitemap249.xml,data/raw/sitemaps/liveblog_entry-sitemap249.xml,200,saved,
the_times_of_israel,https://www.timesofisrael.com/liveblog_entry-sitemap25.xml,data/raw/sitemaps/liveblog_entry-sitemap25.xml,200,saved,
the_times_of_israel,https://www.timesofisrael.com/liveblog_entry-sitemap250.xml,data/raw/sitemaps/liveblog_entry-sitemap250.xml,200,saved,
the_times_of_israel,https://www.timesofisrael.com/liveblog_entry-sitemap251.xml,data/raw/sitemaps/liveblog_entry-sitemap251.xml,200,saved,
the_times_of_israel,https://www.timesofisrael.com/liveblog_entry-sitemap252.xml,data/raw/sitemaps/liveblog_entry-sitemap252.xml,200,saved,
the_times_of_israel,https://www.timesofisrael.com/liveblog_entry-sitemap253.xml,data/raw/sitemaps/liveblog_entry-sitemap253.xml,200,saved,
the_times_of_israel,https://www.timesofisrael.com/liveblog_entry-sitemap254.xml,data/raw/sitemaps/liveblog_entry-sitemap254.xml,200,saved,
the_times_of_israel,https://www.timesofisrael.com/liveblog_entry-sitemap255.xml,data/raw/sitemaps/liveblog_entry-sitemap255.xml,200,saved,
the_times_of_israel,https://www.timesofisrael.com/liveblog_entry-sitemap256.xml,data/raw/sitemaps/liveblog_entry-sitemap256.xml,200,saved,
the_times_of_israel,https://www.timesofisrael.com/liveblog_entry-sitemap257.xml,data/raw/sitemaps/liveblog_entry-sitemap257.xml,200,saved,
the_times_of_israel,https://www.timesofisrael.com/liveblog_entry-sitemap258.xml,data/raw/sitemaps/liveblog_entry-sitemap258.xml,200,saved,
the_times_of_israel,https://www.timesofisrael.com/liveblog_entry-sitemap259.xml,data/raw/sitemaps/liveblog_entry-sitemap259.xml,200,saved,
the_times_of_israel,https://www.timesofisrael.com/liveblog_entry-sitemap26.xml,data/raw/sitemaps/liveblog_entry-sitemap26.xml,200,saved,
the_times_of_israel,https://www.timesofisrael.com/liveblog_entry-sitemap260.xml,data/raw/sitemaps/liveblog_entry-sitemap260.xml,200,saved,
the_times_of_israel,https://www.timesofisrael.com/liveblog_entry-sitemap261.xml,data/raw/sitemaps/liveblog_entry-sitemap261.xml,200,saved,
the_times_of_israel,https://www.timesofisrael.com/liveblog_entry-sitemap262.xml,data/raw/sitemaps/liveblog_entry-sitemap262.xml,200,saved,
the_times_of_israel,https://www.timesofisrael.com/liveblog_entry-sitemap263.xml,data/raw/sitemaps/liveblog_entry-sitemap263.xml,200,saved,
the_times_of_israel,https://www.timesofisrael.com/liveblog_entry-sitemap264.xml,data/raw/sitemaps/liveblog_entry-sitemap264.xml,200,saved,
the_times_of_israel,https://www.timesofisrael.com/liveblog_entry-sitemap265.xml,data/raw/sitemaps/liveblog_entry-sitemap265.xml,200,saved,
the_times_of_israel,https://www.timesofisrael.com/liveblog_entry-sitemap266.xml,data/raw/sitemaps/liveblog_entry-sitemap266.xml,200,saved,
the_times_of_israel,https://www.timesofisrael.com/liveblog_entry-sitemap267.xml,data/raw/sitemaps/liveblog_entry-sitemap267.xml,200,saved,
the_times_of_israel,https://www.timesofisrael.com/liveblog_entry-sitemap268.xml,data/raw/sitemaps/liveblog_entry-sitemap268.xml,200,saved,
the_times_of_israel,https://www.timesofisrael.com/liveblog_entry-sitemap269.xml,data/raw/sitemaps/liveblog_entry-sitemap269.xml,200,saved,
the_times_of_israel,https://www.timesofisrael.com/liveblog_entry-sitemap27.xml,data/raw/sitemaps/liveblog_entry-sitemap27.xml,200,saved,
the_times_of_israel,https://www.timesofisrael.com/liveblog_entry-sitemap270.xml,data/raw/sitemaps/liveblog_entry-sitemap270.xml,200,saved,
the_times_of_israel,https://www.timesofisrael.com/liveblog_entry-sitemap271.xml,data/raw/sitemaps/liveblog_entry-sitemap271.xml,200,saved,
the_times_of_israel,https://www.timesofisrael.com/liveblog_entry-sitemap272.xml,data/raw/sitemaps/liveblog_entry-sitemap272.xml,200,saved,
the_times_of_israel,https://www.timesofisrael.com/liveblog_entry-sitemap273.xml,data/raw/sitemaps/liveblog_entry-sitemap273.xml,200,saved,
the_times_of_israel,https://www.timesofisrael.com/liveblog_entry-sitemap274.xml,data/raw/sitemaps/liveblog_entry-sitemap274.xml,200,saved,
the_times_of_israel,https://www.timesofisrael.com/liveblog_entry-sitemap275.xml,data/raw/sitemaps/liveblog_entry-sitemap275.xml,200,saved,
the_times_of_israel,https://www.timesofisrael.com/liveblog_entry-sitemap276.xml,data/raw/sitemaps/liveblog_entry-sitemap276.xml,200,saved,
the_times_of_israel,https://www.timesofisrael.com/liveblog_entry-sitemap277.xml,data/raw/sitemaps/liveblog_entry-sitemap277.xml,200,saved,
the_times_of_israel,https://www.timesofisrael.com/liveblog_entry-sitemap278.xml,data/raw/sitemaps/liveblog_entry-sitemap278.xml,200,saved,
the_times_of_israel,https://www.timesofisrael.com/liveblog_entry-sitemap279.xml,data/raw/sitemaps/liveblog_entry-sitemap279.xml,200,saved,
the_times_of_israel,https://www.timesofisrael.com/liveblog_entry-sitemap28.xml,data/raw/sitemaps/liveblog_entry-sitemap28.xml,200,saved,
the_times_of_israel,https://www.timesofisrael.com/liveblog_entry-sitemap280.xml,data/raw/sitemaps/liveblog_entry-sitemap280.xml,200,saved,
the_times_of_israel,https://www.timesofisrael.com/liveblog_entry-sitemap281.xml,data/raw/sitemaps/liveblog_entry-sitemap281.xml,200,saved,
the_times_of_israel,https://www.timesofisrael.com/liveblog_entry-sitemap282.xml,data/raw/sitemaps/liveblog_entry-sitemap282.xml,200,saved,
the_times_of_israel,https://www.timesofisrael.com/liveblog_entry-sitemap283.xml,data/raw/sitemaps/liveblog_entry-sitemap283.xml,200,saved,
the_times_of_israel,https://www.timesofisrael.com/liveblog_entry-sitemap284.xml,data/raw/sitemaps/liveblog_entry-sitemap284.xml,200,saved,
the_times_of_israel,https://www.timesofisrael.com/liveblog_entry-sitemap285.xml,data/raw/sitemaps/liveblog_entry-sitemap285.xml,200,saved,
the_times_of_israel,https://www.timesofisrael.com/liveblog_entry-sitemap286.xml,data/raw/sitemaps/liveblog_entry-sitemap286.xml,200,saved,
the_times_of_israel,https://www.timesofisrael.com/liveblog_entry-sitemap287.xml,data/raw/sitemaps/liveblog_entry-sitemap287.xml,200,saved,
the_times_of_israel,https://www.timesofisrael.com/liveblog_entry-sitemap288.xml,data/raw/sitemaps/liveblog_entry-sitemap288.xml,200,saved,
the_times_of_israel,https://www.timesofisrael.com/liveblog_entry-sitemap289.xml,data/raw/sitemaps/liveblog_entry-sitemap289.xml,200,saved,
the_times_of_israel,https://www.timesofisrael.com/liveblog_entry-sitemap29.xml,data/raw/sitemaps/liveblog_entry-sitemap29.xml,200,saved,
the_times_of_israel,https://www.timesofisrael.com/liveblog_entry-sitemap290.xml,data/raw/sitemaps/liveblog_entry-sitemap290.xml,200,saved,
the_times_of_israel,https://www.timesofisrael.com/liveblog_entry-sitemap291.xml,data/raw/sitemaps/liveblog_entry-sitemap291.xml,200,saved,
the_times_of_israel,https://www.timesofisrael.com/liveblog_entry-sitemap292.xml,data/raw/sitemaps/liveblog_entry-sitemap292.xml,200,saved,
the_times_of_israel,https://www.timesofisrael.com/liveblog_entry-sitemap293.xml,data/raw/sitemaps/liveblog_entry-sitemap293.xml,200,saved,
the_times_of_israel,https://www.timesofisrael.com/liveblog_entry-sitemap294.xml,data/raw/sitemaps/liveblog_entry-sitemap294.xml,200,saved,
the_times_of_israel,https://www.timesofisrael.com/liveblog_entry-sitemap295.xml,data/raw/sitemaps/liveblog_entry-sitemap295.xml,200,saved,
the_times_of_israel,https://www.timesofisrael.com/liveblog_entry-sitemap296.xml,data/raw/sitemaps/liveblog_entry-sitemap296.xml,200,saved,
the_times_of_israel,https://www.timesofisrael.com/liveblog_entry-sitemap297.xml,data/raw/sitemaps/liveblog_entry-sitemap297.xml,200,saved,
the_times_of_israel,https://www.timesofisrael.com/liveblog_entry-sitemap298.xml,data/raw/sitemaps/liveblog_entry-sitemap298.xml,200,saved,
the_times_of_israel,https://www.timesofisrael.com/liveblog_entry-sitemap299.xml,data/raw/sitemaps/liveblog_entry-sitemap299.xml,200,saved,
the_times_of_israel,https://www.timesofisrael.com/liveblog_entry-sitemap3.xml,data/raw/sitemaps/liveblog_entry-sitemap3.xml,200,saved,
the_times_of_israel,https://www.timesofisrael.com/liveblog_entry-sitemap30.xml,data/raw/sitemaps/liveblog_entry-sitemap30.xml,200,saved,
the_times_of_israel,https://www.timesofisrael.com/liveblog_entry-sitemap300.xml,data/raw/sitemaps/liveblog_entry-sitemap300.xml,200,saved,
the_times_of_israel,https://www.timesofisrael.com/liveblog_entry-sitemap301.xml,data/raw/sitemaps/liveblog_entry-sitemap301.xml,200,saved,
the_times_of_israel,https://www.timesofisrael.com/liveblog_entry-sitemap302.xml,data/raw/sitemaps/liveblog_entry-sitemap302.xml,200,saved,
the_times_of_israel,https://www.timesofisrael.com/liveblog_entry-sitemap303.xml,data/raw/sitemaps/liveblog_entry-sitemap303.xml,200,saved,
the_times_of_israel,https://www.timesofisrael.com/liveblog_entry-sitemap304.xml,data/raw/sitemaps/liveblog_entry-sitemap304.xml,200,saved,
the_times_of_israel,https://www.timesofisrael.com/liveblog_entry-sitemap305.xml,data/raw/sitemaps/liveblog_entry-sitemap305.xml,200,saved,
the_times_of_israel,https://www.timesofisrael.com/liveblog_entry-sitemap306.xml,data/raw/sitemaps/liveblog_entry-sitemap306.xml,200,saved,
the_times_of_israel,https://www.timesofisrael.com/liveblog_entry-sitemap307.xml,data/raw/sitemaps/liveblog_entry-sitemap307.xml,200,saved,
the_times_of_israel,https://www.timesofisrael.com/liveblog_entry-sitemap308.xml,data/raw/sitemaps/liveblog_entry-sitemap308.xml,200,saved,
the_times_of_israel,https://www.timesofisrael.com/liveblog_entry-sitemap309.xml,data/raw/sitemaps/liveblog_entry-sitemap309.xml,200,saved,
the_times_of_israel,https://www.timesofisrael.com/liveblog_entry-sitemap31.xml,data/raw/sitemaps/liveblog_entry-sitemap31.xml,200,saved,
the_times_of_israel,https://www.timesofisrael.com/liveblog_entry-sitemap310.xml,data/raw/sitemaps/liveblog_entry-sitemap310.xml,200,saved,
the_times_of_israel,https://www.timesofisrael.com/liveblog_entry-sitemap311.xml,data/raw/sitemaps/liveblog_entry-sitemap311.xml,200,saved,
the_times_of_israel,https://www.timesofisrael.com/liveblog_entry-sitemap312.xml,data/raw/sitemaps/liveblog_entry-sitemap312.xml,200,saved,
the_times_of_israel,https://www.timesofisrael.com/liveblog_entry-sitemap313.xml,data/raw/sitemaps/liveblog_entry-sitemap313.xml,200,saved,
the_times_of_israel,https://www.timesofisrael.com/liveblog_entry-sitemap314.xml,data/raw/sitemaps/liveblog_entry-sitemap314.xml,200,saved,
the_times_of_israel,https://www.timesofisrael.com/liveblog_entry-sitemap315.xml,data/raw/sitemaps/liveblog_entry-sitemap315.xml,200,saved,
the_times_of_israel,https://www.timesofisrael.com/liveblog_entry-sitemap316.xml,data/raw/sitemaps/liveblog_entry-sitemap316.xml,200,saved,
the_times_of_israel,https://www.timesofisrael.com/liveblog_entry-sitemap317.xml,data/raw/sitemaps/liveblog_entry-sitemap317.xml,200,saved,
the_times_of_israel,https://www.timesofisrael.com/liveblog_entry-sitemap318.xml,data/raw/sitemaps/liveblog_entry-sitemap318.xml,200,saved,
the_times_of_israel,https://www.timesofisrael.com/liveblog_entry-sitemap319.xml,data/raw/sitemaps/liveblog_entry-sitemap319.xml,200,saved,
the_times_of_israel,https://www.timesofisrael.com/liveblog_entry-sitemap32.xml,data/raw/sitemaps/liveblog_entry-sitemap32.xml,200,saved,
the_times_of_israel,https://www.timesofisrael.com/liveblog_entry-sitemap320.xml,data/raw/sitemaps/liveblog_entry-sitemap320.xml,200,saved,
the_times_of_israel,https://www.timesofisrael.com/liveblog_entry-sitemap321.xml,data/raw/sitemaps/liveblog_entry-sitemap321.xml,200,saved,
the_times_of_israel,https://www.timesofisrael.com/liveblog_entry-sitemap322.xml,data/raw/sitemaps/liveblog_entry-sitemap322.xml,200,saved,
the_times_of_israel,https://www.timesofisrael.com/liveblog_entry-sitemap323.xml,data/raw/sitemaps/liveblog_entry-sitemap323.xml,200,saved,
the_times_of_israel,https://www.timesofisrael.com/liveblog_entry-sitemap324.xml,data/raw/sitemaps/liveblog_entry-sitemap324.xml,200,saved,
the_times_of_israel,https://www.timesofisrael.com/liveblog_entry-sitemap325.xml,data/raw/sitemaps/liveblog_entry-sitemap325.xml,200,saved,
the_times_of_israel,https://www.timesofisrael.com/liveblog_entry-sitemap326.xml,data/raw/sitemaps/liveblog_entry-sitemap326.xml,200,saved,
the_times_of_israel,https://www.timesofisrael.com/liveblog_entry-sitemap327.xml,data/raw/sitemaps/liveblog_entry-sitemap327.xml,200,saved,
the_times_of_israel,https://www.timesofisrael.com/liveblog_entry-sitemap328.xml,data/raw/sitemaps/liveblog_entry-sitemap328.xml,200,saved,
the_times_of_israel,https://www.timesofisrael.com/liveblog_entry-sitemap329.xml,data/raw/sitemaps/liveblog_entry-sitemap329.xml,200,saved,
the_times_of_israel,https://www.timesofisrael.com/liveblog_entry-sitemap33.xml,data/raw/sitemaps/liveblog_entry-sitemap33.xml,200,saved,
the_times_of_israel,https://www.timesofisrael.com/liveblog_entry-sitemap330.xml,data/raw/sitemaps/liveblog_entry-sitemap330.xml,200,saved,
the_times_of_israel,https://www.timesofisrael.com/liveblog_entry-sitemap331.xml,data/raw/sitemaps/liveblog_entry-sitemap331.xml,200,saved,
the_times_of_israel,https://www.timesofisrael.com/liveblog_entry-sitemap332.xml,data/raw/sitemaps/liveblog_entry-sitemap332.xml,200,saved,
the_times_of_israel,https://www.timesofisrael.com/liveblog_entry-sitemap333.xml,data/raw/sitemaps/liveblog_entry-sitemap333.xml,200,saved,
the_times_of_israel,https://www.timesofisrael.com/liveblog_entry-sitemap334.xml,data/raw/sitemaps/liveblog_entry-sitemap334.xml,200,saved,
the_times_of_israel,https://www.timesofisrael.com/liveblog_entry-sitemap335.xml,data/raw/sitemaps/liveblog_entry-sitemap335.xml,200,saved,
the_times_of_israel,https://www.timesofisrael.com/liveblog_entry-sitemap336.xml,data/raw/sitemaps/liveblog_entry-sitemap336.xml,200,saved,
the_times_of_israel,https://www.timesofisrael.com/liveblog_entry-sitemap337.xml,data/raw/sitemaps/liveblog_entry-sitemap337.xml,200,saved,
the_times_of_israel,https://www.timesofisrael.com/liveblog_entry-sitemap338.xml,data/raw/sitemaps/liveblog_entry-sitemap338.xml,200,saved,
the_times_of_israel,https://www.timesofisrael.com/liveblog_entry-sitemap34.xml,data/raw/sitemaps/liveblog_entry-sitemap34.xml,200,saved,
the_times_of_israel,https://www.timesofisrael.com/liveblog_entry-sitemap35.xml,data/raw/sitemaps/liveblog_entry-sitemap35.xml,200,saved,
the_times_of_israel,https://www.timesofisrael.com/liveblog_entry-sitemap36.xml,data/raw/sitemaps/liveblog_entry-sitemap36.xml,200,saved,
the_times_of_israel,https://www.timesofisrael.com/liveblog_entry-sitemap37.xml,data/raw/sitemaps/liveblog_entry-sitemap37.xml,200,saved,
the_times_of_israel,https://www.timesofisrael.com/liveblog_entry-sitemap38.xml,data/raw/sitemaps/liveblog_entry-sitemap38.xml,200,saved,
the_times_of_israel,https://www.timesofisrael.com/liveblog_entry-sitemap39.xml,data/raw/sitemaps/liveblog_entry-sitemap39.xml,200,saved,
the_times_of_israel,https://www.timesofisrael.com/liveblog_entry-sitemap4.xml,data/raw/sitemaps/liveblog_entry-sitemap4.xml,200,saved,
the_times_of_israel,https://www.timesofisrael.com/liveblog_entry-sitemap40.xml,data/raw/sitemaps/liveblog_entry-sitemap40.xml,200,saved,
the_times_of_israel,https://www.timesofisrael.com/liveblog_entry-sitemap41.xml,data/raw/sitemaps/liveblog_entry-sitemap41.xml,200,saved,
the_times_of_israel,https://www.timesofisrael.com/liveblog_entry-sitemap42.xml,data/raw/sitemaps/liveblog_entry-sitemap42.xml,200,saved,
the_times_of_israel,https://www.timesofisrael.com/liveblog_entry-sitemap43.xml,data/raw/sitemaps/liveblog_entry-sitemap43.xml,200,saved,
the_times_of_israel,https://www.timesofisrael.com/liveblog_entry-sitemap44.xml,data/raw/sitemaps/liveblog_entry-sitemap44.xml,200,saved,
the_times_of_israel,https://www.timesofisrael.com/liveblog_entry-sitemap45.xml,data/raw/sitemaps/liveblog_entry-sitemap45.xml,200,saved,
the_times_of_israel,https://www.timesofisrael.com/liveblog_entry-sitemap46.xml,data/raw/sitemaps/liveblog_entry-sitemap46.xml,200,saved,
the_times_of_israel,https://www.timesofisrael.com/liveblog_entry-sitemap47.xml,data/raw/sitemaps/liveblog_entry-sitemap47.xml,200,saved,
the_times_of_israel,https://www.timesofisrael.com/liveblog_entry-sitemap48.xml,data/raw/sitemaps/liveblog_entry-sitemap48.xml,200,saved,
the_times_of_israel,https://www.timesofisrael.com/liveblog_entry-sitemap49.xml,data/raw/sitemaps/liveblog_entry-sitemap49.xml,200,saved,
the_times_of_israel,https://www.timesofisrael.com/liveblog_entry-sitemap5.xml,data/raw/sitemaps/liveblog_entry-sitemap5.xml,200,saved,
the_times_of_israel,https://www.timesofisrael.com/liveblog_entry-sitemap50.xml,data/raw/sitemaps/liveblog_entry-sitemap50.xml,200,saved,
the_times_of_israel,https://www.timesofisrael.com/liveblog_entry-sitemap51.xml,data/raw/sitemaps/liveblog_entry-sitemap51.xml,200,saved,
the_times_of_israel,https://www.timesofisrael.com/liveblog_entry-sitemap52.xml,data/raw/sitemaps/liveblog_entry-sitemap52.xml,200,saved,
the_times_of_israel,https://www.timesofisrael.com/liveblog_entry-sitemap53.xml,data/raw/sitemaps/liveblog_entry-sitemap53.xml,200,saved,
the_times_of_israel,https://www.timesofisrael.com/liveblog_entry-sitemap54.xml,data/raw/sitemaps/liveblog_entry-sitemap54.xml,200,saved,
the_times_of_israel,https://www.timesofisrael.com/liveblog_entry-sitemap55.xml,data/raw/sitemaps/liveblog_entry-sitemap55.xml,200,saved,
the_times_of_israel,https://www.timesofisrael.com/liveblog_entry-sitemap56.xml,data/raw/sitemaps/liveblog_entry-sitemap56.xml,200,saved,
the_times_of_israel,https://www.timesofisrael.com/liveblog_entry-sitemap57.xml,data/raw/sitemaps/liveblog_entry-sitemap57.xml,200,saved,
the_times_of_israel,https://www.timesofisrael.com/liveblog_entry-sitemap58.xml,data/raw/sitemaps/liveblog_entry-sitemap58.xml,200,saved,
the_times_of_israel,https://www.timesofisrael.com/liveblog_entry-sitemap59.xml,data/raw/sitemaps/liveblog_entry-sitemap59.xml,200,saved,
the_times_of_israel,https://www.timesofisrael.com/liveblog_entry-sitemap6.xml,data/raw/sitemaps/liveblog_entry-sitemap6.xml,200,saved,
the_times_of_israel,https://www.timesofisrael.com/liveblog_entry-sitemap60.xml,data/raw/sitemaps/liveblog_entry-sitemap60.xml,200,saved,
the_times_of_israel,https://www.timesofisrael.com/liveblog_entry-sitemap61.xml,data/raw/sitemaps/liveblog_entry-sitemap61.xml,200,saved,
the_times_of_israel,https://www.timesofisrael.com/liveblog_entry-sitemap62.xml,data/raw/sitemaps/liveblog_entry-sitemap62.xml,200,saved,
the_times_of_israel,https://www.timesofisrael.com/liveblog_entry-sitemap63.xml,data/raw/sitemaps/liveblog_entry-sitemap63.xml,200,saved,
the_times_of_israel,https://www.timesofisrael.com/liveblog_entry-sitemap64.xml,data/raw/sitemaps/liveblog_entry-sitemap64.xml,200,saved,
the_times_of_israel,https://www.timesofisrael.com/liveblog_entry-sitemap65.xml,data/raw/sitemaps/liveblog_entry-sitemap65.xml,200,saved,
the_times_of_israel,https://www.timesofisrael.com/liveblog_entry-sitemap66.xml,data/raw/sitemaps/liveblog_entry-sitemap66.xml,200,saved,
the_times_of_israel,https://www.timesofisrael.com/liveblog_entry-sitemap67.xml,data/raw/sitemaps/liveblog_entry-sitemap67.xml,200,saved,
the_times_of_israel,https://www.timesofisrael.com/liveblog_entry-sitemap68.xml,data/raw/sitemaps/liveblog_entry-sitemap68.xml,200,saved,
the_times_of_israel,https://www.timesofisrael.com/liveblog_entry-sitemap69.xml,data/raw/sitemaps/liveblog_entry-sitemap69.xml,200,saved,
the_times_of_israel,https://www.timesofisrael.com/liveblog_entry-sitemap7.xml,data/raw/sitemaps/liveblog_entry-sitemap7.xml,200,saved,
the_times_of_israel,https://www.timesofisrael.com/liveblog_entry-sitemap70.xml,data/raw/sitemaps/liveblog_entry-sitemap70.xml,200,saved,
the_times_of_israel,https://www.timesofisrael.com/liveblog_entry-sitemap71.xml,data/raw/sitemaps/liveblog_entry-sitemap71.xml,200,saved,
the_times_of_israel,https://www.timesofisrael.com/liveblog_entry-sitemap72.xml,data/raw/sitemaps/liveblog_entry-sitemap72.xml,200,saved,
the_times_of_israel,https://www.timesofisrael.com/liveblog_entry-sitemap73.xml,data/raw/sitemaps/liveblog_entry-sitemap73.xml,200,saved,
the_times_of_israel,https://www.timesofisrael.com/liveblog_entry-sitemap74.xml,data/raw/sitemaps/liveblog_entry-sitemap74.xml,200,saved,
the_times_of_israel,https://www.timesofisrael.com/liveblog_entry-sitemap75.xml,data/raw/sitemaps/liveblog_entry-sitemap75.xml,200,saved,
the_times_of_israel,https://www.timesofisrael.com/liveblog_entry-sitemap76.xml,data/raw/sitemaps/liveblog_entry-sitemap76.xml,200,saved,
the_times_of_israel,https://www.timesofisrael.com/liveblog_entry-sitemap77.xml,data/raw/sitemaps/liveblog_entry-sitemap77.xml,200,saved,
the_times_of_israel,https://www.timesofisrael.com/liveblog_entry-sitemap78.xml,data/raw/sitemaps/liveblog_entry-sitemap78.xml,200,saved,
the_times_of_israel,https://www.timesofisrael.com/liveblog_entry-sitemap79.xml,data/raw/sitemaps/liveblog_entry-sitemap79.xml,200,saved,
the_times_of_israel,https://www.timesofisrael.com/liveblog_entry-sitemap8.xml,data/raw/sitemaps/liveblog_entry-sitemap8.xml,200,saved,
the_times_of_israel,https://www.timesofisrael.com/liveblog_entry-sitemap80.xml,data/raw/sitemaps/liveblog_entry-sitemap80.xml,200,saved,
the_times_of_israel,https://www.timesofisrael.com/liveblog_entry-sitemap81.xml,data/raw/sitemaps/liveblog_entry-sitemap81.xml,200,saved,
the_times_of_israel,https://www.timesofisrael.com/liveblog_entry-sitemap82.xml,data/raw/sitemaps/liveblog_entry-sitemap82.xml,200,saved,
the_times_of_israel,https://www.timesofisrael.com/liveblog_entry-sitemap83.xml,data/raw/sitemaps/liveblog_entry-sitemap83.xml,200,saved,
the_times_of_israel,https://www.timesofisrael.com/liveblog_entry-sitemap84.xml,data/raw/sitemaps/liveblog_entry-sitemap84.xml,200,saved,
the_times_of_israel,https://www.timesofisrael.com/liveblog_entry-sitemap85.xml,data/raw/sitemaps/liveblog_entry-sitemap85.xml,200,saved,
the_times_of_israel,https://www.timesofisrael.com/liveblog_entry-sitemap86.xml,data/raw/sitemaps/liveblog_entry-sitemap86.xml,200,saved,
the_times_of_israel,https://www.timesofisrael.com/liveblog_entry-sitemap87.xml,data/raw/sitemaps/liveblog_entry-sitemap87.xml,200,saved,
the_times_of_israel,https://www.timesofisrael.com/liveblog_entry-sitemap88.xml,data/raw/sitemaps/liveblog_entry-sitemap88.xml,200,saved,
the_times_of_israel,https://www.timesofisrael.com/liveblog_entry-sitemap89.xml,data/raw/sitemaps/liveblog_entry-sitemap89.xml,200,saved,
the_times_of_israel,https://www.timesofisrael.com/liveblog_entry-sitemap9.xml,data/raw/sitemaps/liveblog_entry-sitemap9.xml,200,saved,
the_times_of_israel,https://www.timesofisrael.com/liveblog_entry-sitemap90.xml,data/raw/sitemaps/liveblog_entry-sitemap90.xml,200,saved,
the_times_of_israel,https://www.timesofisrael.com/liveblog_entry-sitemap91.xml,data/raw/sitemaps/liveblog_entry-sitemap91.xml,200,saved,
the_times_of_israel,https://www.timesofisrael.com/liveblog_entry-sitemap92.xml,data/raw/sitemaps/liveblog_entry-sitemap92.xml,200,saved,
the_times_of_israel,https://www.timesofisrael.com/liveblog_entry-sitemap93.xml,data/raw/sitemaps/liveblog_entry-sitemap93.xml,200,saved,
the_times_of_israel,https://www.timesofisrael.com/liveblog_entry-sitemap94.xml,data/raw/sitemaps/liveblog_entry-sitemap94.xml,200,saved,
the_times_of_israel,https://www.timesofisrael.com/liveblog_entry-sitemap95.xml,data/raw/sitemaps/liveblog_entry-sitemap95.xml,200,saved,
the_times_of_israel,https://www.timesofisrael.com/liveblog_entry-sitemap96.xml,data/raw/sitemaps/liveblog_entry-sitemap96.xml,200,saved,
the_times_of_israel,https://www.timesofisrael.com/liveblog_entry-sitemap97.xml,data/raw/sitemaps/liveblog_entry-sitemap97.xml,200,saved,
the_times_of_israel,https://www.timesofisrael.com/liveblog_entry-sitemap98.xml,data/raw/sitemaps/liveblog_entry-sitemap98.xml,200,saved,
the_times_of_israel,https://www.timesofisrael.com/liveblog_entry-sitemap99.xml,data/raw/sitemaps/liveblog_entry-sitemap99.xml,200,saved,
the_times_of_israel,https://www.timesofisrael.com/page-sitemap.xml,data/raw/sitemaps/page-sitemap.xml,200,saved,
the_times_of_israel,https://www.timesofisrael.com/post-sitemap.xml,data/raw/sitemaps/post-sitemap.xml,200,saved,
the_times_of_israel,https://www.timesofisrael.com/post-sitemap10.xml,data/raw/sitemaps/post-sitemap10.xml,200,saved,
the_times_of_israel,https://www.timesofisrael.com/post-sitemap100.xml,data/raw/sitemaps/post-sitemap100.xml,200,saved,
the_times_of_israel,https://www.timesofisrael.com/post-sitemap101.xml,data/raw/sitemaps/post-sitemap101.xml,200,saved,
the_times_of_israel,https://www.timesofisrael.com/post-sitemap102.xml,data/raw/sitemaps/post-sitemap102.xml,200,saved,
the_times_of_israel,https://www.timesofisrael.com/post-sitemap103.xml,data/raw/sitemaps/post-sitemap103.xml,200,saved,
the_times_of_israel,https://www.timesofisrael.com/post-sitemap104.xml,data/raw/sitemaps/post-sitemap104.xml,200,saved,
the_times_of_israel,https://www.timesofisrael.com/post-sitemap105.xml,data/raw/sitemaps/post-sitemap105.xml,200,saved,
the_times_of_israel,https://www.timesofisrael.com/post-sitemap106.xml,data/raw/sitemaps/post-sitemap106.xml,200,saved,
the_times_of_israel,https://www.timesofisrael.com/post-sitemap107.xml,data/raw/sitemaps/post-sitemap107.xml,200,saved,
the_times_of_israel,https://www.timesofisrael.com/post-sitemap108.xml,data/raw/sitemaps/post-sitemap108.xml,200,saved,
the_times_of_israel,https://www.timesofisrael.com/post-sitemap109.xml,data/raw/sitemaps/post-sitemap109.xml,200,saved,
the_times_of_israel,https://www.timesofisrael.com/post-sitemap11.xml,data/raw/sitemaps/post-sitemap11.xml,200,saved,
the_times_of_israel,https://www.timesofisrael.com/post-sitemap110.xml,data/raw/sitemaps/post-sitemap110.xml,200,saved,
the_times_of_israel,https://www.timesofisrael.com/post-sitemap111.xml,data/raw/sitemaps/post-sitemap111.xml,200,saved,
the_times_of_israel,https://www.timesofisrael.com/post-sitemap112.xml,data/raw/sitemaps/post-sitemap112.xml,200,saved,
the_times_of_israel,https://www.timesofisrael.com/post-sitemap113.xml,data/raw/sitemaps/post-sitemap113.xml,200,saved,
the_times_of_israel,https://www.timesofisrael.com/post-sitemap114.xml,data/raw/sitemaps/post-sitemap114.xml,200,saved,
the_times_of_israel,https://www.timesofisrael.com/post-sitemap115.xml,data/raw/sitemaps/post-sitemap115.xml,200,saved,
the_times_of_israel,https://www.timesofisrael.com/post-sitemap116.xml,data/raw/sitemaps/post-sitemap116.xml,200,saved,
the_times_of_israel,https://www.timesofisrael.com/post-sitemap117.xml,data/raw/sitemaps/post-sitemap117.xml,200,saved,
the_times_of_israel,https://www.timesofisrael.com/post-sitemap118.xml,data/raw/sitemaps/post-sitemap118.xml,200,saved,
the_times_of_israel,https://www.timesofisrael.com/post-sitemap119.xml,data/raw/sitemaps/post-sitemap119.xml,200,saved,
the_times_of_israel,https://www.timesofisrael.com/post-sitemap12.xml,data/raw/sitemaps/post-sitemap12.xml,200,saved,
the_times_of_israel,https://www.timesofisrael.com/post-sitemap120.xml,data/raw/sitemaps/post-sitemap120.xml,200,saved,
the_times_of_israel,https://www.timesofisrael.com/post-sitemap121.xml,data/raw/sitemaps/post-sitemap121.xml,200,saved,
the_times_of_israel,https://www.timesofisrael.com/post-sitemap122.xml,data/raw/sitemaps/post-sitemap122.xml,200,saved,
the_times_of_israel,https://www.timesofisrael.com/post-sitemap123.xml,data/raw/sitemaps/post-sitemap123.xml,200,saved,
the_times_of_israel,https://www.timesofisrael.com/post-sitemap124.xml,data/raw/sitemaps/post-sitemap124.xml,200,saved,
the_times_of_israel,https://www.timesofisrael.com/post-sitemap125.xml,data/raw/sitemaps/post-sitemap125.xml,200,saved,
the_times_of_israel,https://www.timesofisrael.com/post-sitemap126.xml,data/raw/sitemaps/post-sitemap126.xml,200,saved,
the_times_of_israel,https://www.timesofisrael.com/post-sitemap127.xml,data/raw/sitemaps/post-sitemap127.xml,200,saved,
the_times_of_israel,https://www.timesofisrael.com/post-sitemap128.xml,data/raw/sitemaps/post-sitemap128.xml,200,saved,
the_times_of_israel,https://www.timesofisrael.com/post-sitemap129.xml,data/raw/sitemaps/post-sitemap129.xml,200,saved,
the_times_of_israel,https://www.timesofisrael.com/post-sitemap13.xml,data/raw/sitemaps/post-sitemap13.xml,200,saved,
the_times_of_israel,https://www.timesofisrael.com/post-sitemap130.xml,data/raw/sitemaps/post-sitemap130.xml,200,saved,
the_times_of_israel,https://www.timesofisrael.com/post-sitemap131.xml,data/raw/sitemaps/post-sitemap131.xml,200,saved,
the_times_of_israel,https://www.timesofisrael.com/post-sitemap132.xml,data/raw/sitemaps/post-sitemap132.xml,200,saved,
the_times_of_israel,https://www.timesofisrael.com/post-sitemap133.xml,data/raw/sitemaps/post-sitemap133.xml,200,saved,
the_times_of_israel,https://www.timesofisrael.com/post-sitemap134.xml,data/raw/sitemaps/post-sitemap134.xml,200,saved,
the_times_of_israel,https://www.timesofisrael.com/post-sitemap135.xml,data/raw/sitemaps/post-sitemap135.xml,200,saved,
the_times_of_israel,https://www.timesofisrael.com/post-sitemap136.xml,data/raw/sitemaps/post-sitemap136.xml,200,saved,
the_times_of_israel,https://www.timesofisrael.com/post-sitemap137.xml,data/raw/sitemaps/post-sitemap137.xml,200,saved,
the_times_of_israel,https://www.timesofisrael.com/post-sitemap138.xml,data/raw/sitemaps/post-sitemap138.xml,200,saved,
the_times_of_israel,https://www.timesofisrael.com/post-sitemap139.xml,data/raw/sitemaps/post-sitemap139.xml,200,saved,
the_times_of_israel,https://www.timesofisrael.com/post-sitemap14.xml,data/raw/sitemaps/post-sitemap14.xml,200,saved,
the_times_of_israel,https://www.timesofisrael.com/post-sitemap140.xml,data/raw/sitemaps/post-sitemap140.xml,200,saved,
the_times_of_israel,https://www.timesofisrael.com/post-sitemap141.xml,data/raw/sitemaps/post-sitemap141.xml,200,saved,
the_times_of_israel,https://www.timesofisrael.com/post-sitemap142.xml,data/raw/sitemaps/post-sitemap142.xml,200,saved,
the_times_of_israel,https://www.timesofisrael.com/post-sitemap143.xml,data/raw/sitemaps/post-sitemap143.xml,200,saved,
the_times_of_israel,https://www.timesofisrael.com/post-sitemap144.xml,data/raw/sitemaps/post-sitemap144.xml,200,saved,
the_times_of_israel,https://www.timesofisrael.com/post-sitemap145.xml,data/raw/sitemaps/post-sitemap145.xml,200,saved,
the_times_of_israel,https://www.timesofisrael.com/post-sitemap146.xml,data/raw/sitemaps/post-sitemap146.xml,200,saved,
the_times_of_israel,https://www.timesofisrael.com/post-sitemap147.xml,data/raw/sitemaps/post-sitemap147.xml,200,saved,
the_times_of_israel,https://www.timesofisrael.com/post-sitemap148.xml,data/raw/sitemaps/post-sitemap148.xml,200,saved,
the_times_of_israel,https://www.timesofisrael.com/post-sitemap149.xml,data/raw/sitemaps/post-sitemap149.xml,200,saved,
the_times_of_israel,https://www.timesofisrael.com/post-sitemap15.xml,data/raw/sitemaps/post-sitemap15.xml,200,saved,
the_times_of_israel,https://www.timesofisrael.com/post-sitemap150.xml,data/raw/sitemaps/post-sitemap150.xml,200,saved,
the_times_of_israel,https://www.timesofisrael.com/post-sitemap151.xml,data/raw/sitemaps/post-sitemap151.xml,200,saved,
the_times_of_israel,https://www.timesofisrael.com/post-sitemap152.xml,data/raw/sitemaps/post-sitemap152.xml,200,saved,
the_times_of_israel,https://www.timesofisrael.com/post-sitemap153.xml,data/raw/sitemaps/post-sitemap153.xml,200,saved,
the_times_of_israel,https://www.timesofisrael.com/post-sitemap154.xml,data/raw/sitemaps/post-sitemap154.xml,200,saved,
the_times_of_israel,https://www.timesofisrael.com/post-sitemap155.xml,data/raw/sitemaps/post-sitemap155.xml,200,saved,
the_times_of_israel,https://www.timesofisrael.com/post-sitemap156.xml,data/raw/sitemaps/post-sitemap156.xml,200,saved,
the_times_of_israel,https://www.timesofisrael.com/post-sitemap157.xml,data/raw/sitemaps/post-sitemap157.xml,200,saved,
the_times_of_israel,https://www.timesofisrael.com/post-sitemap158.xml,data/raw/sitemaps/post-sitemap158.xml,200,saved,
the_times_of_israel,https://www.timesofisrael.com/post-sitemap159.xml,data/raw/sitemaps/post-sitemap159.xml,200,saved,
the_times_of_israel,https://www.timesofisrael.com/post-sitemap16.xml,data/raw/sitemaps/post-sitemap16.xml,200,saved,
the_times_of_israel,https://www.timesofisrael.com/post-sitemap160.xml,data/raw/sitemaps/post-sitemap160.xml,200,saved,
the_times_of_israel,https://www.timesofisrael.com/post-sitemap161.xml,data/raw/sitemaps/post-sitemap161.xml,200,saved,
the_times_of_israel,https://www.timesofisrael.com/post-sitemap162.xml,data/raw/sitemaps/post-sitemap162.xml,200,saved,
the_times_of_israel,https://www.timesofisrael.com/post-sitemap163.xml,data/raw/sitemaps/post-sitemap163.xml,200,saved,
the_times_of_israel,https://www.timesofisrael.com/post-sitemap164.xml,data/raw/sitemaps/post-sitemap164.xml,200,saved,
the_times_of_israel,https://www.timesofisrael.com/post-sitemap165.xml,data/raw/sitemaps/post-sitemap165.xml,200,saved,
the_times_of_israel,https://www.timesofisrael.com/post-sitemap166.xml,data/raw/sitemaps/post-sitemap166.xml,200,saved,
the_times_of_israel,https://www.timesofisrael.com/post-sitemap167.xml,data/raw/sitemaps/post-sitemap167.xml,200,saved,
the_times_of_israel,https://www.timesofisrael.com/post-sitemap168.xml,data/raw/sitemaps/post-sitemap168.xml,200,saved,
the_times_of_israel,https://www.timesofisrael.com/post-sitemap169.xml,data/raw/sitemaps/post-sitemap169.xml,200,saved,
the_times_of_israel,https://www.timesofisrael.com/post-sitemap17.xml,data/raw/sitemaps/post-sitemap17.xml,200,saved,
the_times_of_israel,https://www.timesofisrael.com/post-sitemap170.xml,data/raw/sitemaps/post-sitemap170.xml,200,saved,
the_times_of_israel,https://www.timesofisrael.com/post-sitemap171.xml,data/raw/sitemaps/post-sitemap171.xml,200,saved,
the_times_of_israel,https://www.timesofisrael.com/post-sitemap172.xml,data/raw/sitemaps/post-sitemap172.xml,200,saved,
the_times_of_israel,https://www.timesofisrael.com/post-sitemap173.xml,data/raw/sitemaps/post-sitemap173.xml,200,saved,
the_times_of_israel,https://www.timesofisrael.com/post-sitemap174.xml,data/raw/sitemaps/post-sitemap174.xml,200,saved,
the_times_of_israel,https://www.timesofisrael.com/post-sitemap175.xml,data/raw/sitemaps/post-sitemap175.xml,200,saved,
the_times_of_israel,https://www.timesofisrael.com/post-sitemap176.xml,data/raw/sitemaps/post-sitemap176.xml,200,saved,
the_times_of_israel,https://www.timesofisrael.com/post-sitemap177.xml,data/raw/sitemaps/post-sitemap177.xml,200,saved,
the_times_of_israel,https://www.timesofisrael.com/post-sitemap178.xml,data/raw/sitemaps/post-sitemap178.xml,200,saved,
the_times_of_israel,https://www.timesofisrael.com/post-sitemap179.xml,data/raw/sitemaps/post-sitemap179.xml,200,saved,
the_times_of_israel,https://www.timesofisrael.com/post-sitemap18.xml,data/raw/sitemaps/post-sitemap18.xml,200,saved,
the_times_of_israel,https://www.timesofisrael.com/post-sitemap180.xml,data/raw/sitemaps/post-sitemap180.xml,200,saved,
the_times_of_israel,https://www.timesofisrael.com/post-sitemap181.xml,data/raw/sitemaps/post-sitemap181.xml,200,saved,
the_times_of_israel,https://www.timesofisrael.com/post-sitemap182.xml,data/raw/sitemaps/post-sitemap182.xml,200,saved,
the_times_of_israel,https://www.timesofisrael.com/post-sitemap183.xml,data/raw/sitemaps/post-sitemap183.xml,200,saved,
the_times_of_israel,https://www.timesofisrael.com/post-sitemap184.xml,data/raw/sitemaps/post-sitemap184.xml,200,saved,
the_times_of_israel,https://www.timesofisrael.com/post-sitemap185.xml,data/raw/sitemaps/post-sitemap185.xml,200,saved,
the_times_of_israel,https://www.timesofisrael.com/post-sitemap186.xml,data/raw/sitemaps/post-sitemap186.xml,200,saved,
the_times_of_israel,https://www.timesofisrael.com/post-sitemap187.xml,data/raw/sitemaps/post-sitemap187.xml,200,saved,
the_times_of_israel,https://www.timesofisrael.com/post-sitemap188.xml,data/raw/sitemaps/post-sitemap188.xml,200,saved,
the_times_of_israel,https://www.timesofisrael.com/post-sitemap189.xml,data/raw/sitemaps/post-sitemap189.xml,200,saved,
the_times_of_israel,https://www.timesofisrael.com/post-sitemap19.xml,data/raw/sitemaps/post-sitemap19.xml,200,saved,
the_times_of_israel,https://www.timesofisrael.com/post-sitemap190.xml,data/raw/sitemaps/post-sitemap190.xml,200,saved,
the_times_of_israel,https://www.timesofisrael.com/post-sitemap191.xml,data/raw/sitemaps/post-sitemap191.xml,200,saved,
the_times_of_israel,https://www.timesofisrael.com/post-sitemap192.xml,data/raw/sitemaps/post-sitemap192.xml,200,saved,
the_times_of_israel,https://www.timesofisrael.com/post-sitemap193.xml,data/raw/sitemaps/post-sitemap193.xml,200,saved,
the_times_of_israel,https://www.timesofisrael.com/post-sitemap194.xml,data/raw/sitemaps/post-sitemap194.xml,200,saved,
the_times_of_israel,https://www.timesofisrael.com/post-sitemap195.xml,data/raw/sitemaps/post-sitemap195.xml,200,saved,
the_times_of_israel,https://www.timesofisrael.com/post-sitemap196.xml,data/raw/sitemaps/post-sitemap196.xml,200,saved,
the_times_of_israel,https://www.timesofisrael.com/post-sitemap197.xml,data/raw/sitemaps/post-sitemap197.xml,200,saved,
the_times_of_israel,https://www.timesofisrael.com/post-sitemap198.xml,data/raw/sitemaps/post-sitemap198.xml,200,saved,
the_times_of_israel,https://www.timesofisrael.com/post-sitemap199.xml,data/raw/sitemaps/post-sitemap199.xml,200,saved,
the_times_of_israel,https://www.timesofisrael.com/post-sitemap2.xml,data/raw/sitemaps/post-sitemap2.xml,200,saved,
the_times_of_israel,https://www.timesofisrael.com/post-sitemap20.xml,data/raw/sitemaps/post-sitemap20.xml,200,saved,
the_times_of_israel,https://www.timesofisrael.com/post-sitemap200.xml,data/raw/sitemaps/post-sitemap200.xml,200,saved,
the_times_of_israel,https://www.timesofisrael.com/post-sitemap201.xml,data/raw/sitemaps/post-sitemap201.xml,200,saved,
the_times_of_israel,https://www.timesofisrael.com/post-sitemap202.xml,data/raw/sitemaps/post-sitemap202.xml,200,saved,
the_times_of_israel,https://www.timesofisrael.com/post-sitemap203.xml,data/raw/sitemaps/post-sitemap203.xml,200,saved,
the_times_of_israel,https://www.timesofisrael.com/post-sitemap204.xml,data/raw/sitemaps/post-sitemap204.xml,200,saved,
the_times_of_israel,https://www.timesofisrael.com/post-sitemap205.xml,data/raw/sitemaps/post-sitemap205.xml,200,saved,
the_times_of_israel,https://www.timesofisrael.com/post-sitemap206.xml,data/raw/sitemaps/post-sitemap206.xml,200,saved,
the_times_of_israel,https://www.timesofisrael.com/post-sitemap207.xml,data/raw/sitemaps/post-sitemap207.xml,200,saved,
the_times_of_israel,https://www.timesofisrael.com/post-sitemap208.xml,data/raw/sitemaps/post-sitemap208.xml,200,saved,
the_times_of_israel,https://www.timesofisrael.com/post-sitemap209.xml,data/raw/sitemaps/post-sitemap209.xml,200,saved,
the_times_of_israel,https://www.timesofisrael.com/post-sitemap21.xml,data/raw/sitemaps/post-sitemap21.xml,200,saved,
the_times_of_israel,https://www.timesofisrael.com/post-sitemap210.xml,data/raw/sitemaps/post-sitemap210.xml,200,saved,
the_times_of_israel,https://www.timesofisrael.com/post-sitemap211.xml,data/raw/sitemaps/post-sitemap211.xml,200,saved,
the_times_of_israel,https://www.timesofisrael.com/post-sitemap212.xml,data/raw/sitemaps/post-sitemap212.xml,200,saved,
the_times_of_israel,https://www.timesofisrael.com/post-sitemap213.xml,data/raw/sitemaps/post-sitemap213.xml,200,saved,
the_times_of_israel,https://www.timesofisrael.com/post-sitemap214.xml,data/raw/sitemaps/post-sitemap214.xml,200,saved,
the_times_of_israel,https://www.timesofisrael.com/post-sitemap215.xml,data/raw/sitemaps/post-sitemap215.xml,200,saved,
the_times_of_israel,https://www.timesofisrael.com/post-sitemap216.xml,data/raw/sitemaps/post-sitemap216.xml,200,saved,
the_times_of_israel,https://www.timesofisrael.com/post-sitemap217.xml,data/raw/sitemaps/post-sitemap217.xml,200,saved,
the_times_of_israel,https://www.timesofisrael.com/post-sitemap218.xml,data/raw/sitemaps/post-sitemap218.xml,200,saved,
the_times_of_israel,https://www.timesofisrael.com/post-sitemap219.xml,data/raw/sitemaps/post-sitemap219.xml,200,saved,
the_times_of_israel,https://www.timesofisrael.com/post-sitemap22.xml,data/raw/sitemaps/post-sitemap22.xml,200,saved,
the_times_of_israel,https://www.timesofisrael.com/post-sitemap220.xml,data/raw/sitemaps/post-sitemap220.xml,200,saved,
the_times_of_israel,https://www.timesofisrael.com/post-sitemap221.xml,data/raw/sitemaps/post-sitemap221.xml,200,saved,
the_times_of_israel,https://www.timesofisrael.com/post-sitemap222.xml,data/raw/sitemaps/post-sitemap222.xml,200,saved,
the_times_of_israel,https://www.timesofisrael.com/post-sitemap223.xml,data/raw/sitemaps/post-sitemap223.xml,200,saved,
the_times_of_israel,https://www.timesofisrael.com/post-sitemap224.xml,data/raw/sitemaps/post-sitemap224.xml,200,saved,
the_times_of_israel,https://www.timesofisrael.com/post-sitemap225.xml,data/raw/sitemaps/post-sitemap225.xml,200,saved,
the_times_of_israel,https://www.timesofisrael.com/post-sitemap226.xml,data/raw/sitemaps/post-sitemap226.xml,200,saved,
the_times_of_israel,https://www.timesofisrael.com/post-sitemap227.xml,data/raw/sitemaps/post-sitemap227.xml,200,saved,
the_times_of_israel,https://www.timesofisrael.com/post-sitemap228.xml,data/raw/sitemaps/post-sitemap228.xml,200,saved,
the_times_of_israel,https://www.timesofisrael.com/post-sitemap229.xml,data/raw/sitemaps/post-sitemap229.xml,200,saved,
the_times_of_israel,https://www.timesofisrael.com/post-sitemap23.xml,data/raw/sitemaps/post-sitemap23.xml,200,saved,
the_times_of_israel,https://www.timesofisrael.com/post-sitemap230.xml,data/raw/sitemaps/post-sitemap230.xml,200,saved,
the_times_of_israel,https://www.timesofisrael.com/post-sitemap231.xml,data/raw/sitemaps/post-sitemap231.xml,200,saved,
the_times_of_israel,https://www.timesofisrael.com/post-sitemap232.xml,data/raw/sitemaps/post-sitemap232.xml,200,saved,
the_times_of_israel,https://www.timesofisrael.com/post-sitemap233.xml,data/raw/sitemaps/post-sitemap233.xml,200,saved,
the_times_of_israel,https://www.timesofisrael.com/post-sitemap234.xml,data/raw/sitemaps/post-sitemap234.xml,200,saved,
the_times_of_israel,https://www.timesofisrael.com/post-sitemap235.xml,data/raw/sitemaps/post-sitemap235.xml,200,saved,
the_times_of_israel,https://www.timesofisrael.com/post-sitemap236.xml,data/raw/sitemaps/post-sitemap236.xml,200,saved,
the_times_of_israel,https://www.timesofisrael.com/post-sitemap237.xml,data/raw/sitemaps/post-sitemap237.xml,200,saved,
the_times_of_israel,https://www.timesofisrael.com/post-sitemap238.xml,data/raw/sitemaps/post-sitemap238.xml,200,saved,
the_times_of_israel,https://www.timesofisrael.com/post-sitemap239.xml,data/raw/sitemaps/post-sitemap239.xml,200,saved,
the_times_of_israel,https://www.timesofisrael.com/post-sitemap24.xml,data/raw/sitemaps/post-sitemap24.xml,200,saved,
the_times_of_israel,https://www.timesofisrael.com/post-sitemap240.xml,data/raw/sitemaps/post-sitemap240.xml,200,saved,
the_times_of_israel,https://www.timesofisrael.com/post-sitemap241.xml,data/raw/sitemaps/post-sitemap241.xml,200,saved,
the_times_of_israel,https://www.timesofisrael.com/post-sitemap242.xml,data/raw/sitemaps/post-sitemap242.xml,200,saved,
the_times_of_israel,https://www.timesofisrael.com/post-sitemap243.xml,data/raw/sitemaps/post-sitemap243.xml,200,saved,
the_times_of_israel,https://www.timesofisrael.com/post-sitemap244.xml,data/raw/sitemaps/post-sitemap244.xml,200,saved,
the_times_of_israel,https://www.timesofisrael.com/post-sitemap245.xml,data/raw/sitemaps/post-sitemap245.xml,200,saved,
the_times_of_israel,https://www.timesofisrael.com/post-sitemap246.xml,data/raw/sitemaps/post-sitemap246.xml,200,saved,
the_times_of_israel,https://www.timesofisrael.com/post-sitemap247.xml,data/raw/sitemaps/post-sitemap247.xml,200,saved,
the_times_of_israel,https://www.timesofisrael.com/post-sitemap248.xml,data/raw/sitemaps/post-sitemap248.xml,200,saved,
the_times_of_israel,https://www.timesofisrael.com/post-sitemap249.xml,data/raw/sitemaps/post-sitemap249.xml,200,saved,
the_times_of_israel,https://www.timesofisrael.com/post-sitemap25.xml,data/raw/sitemaps/post-sitemap25.xml,200,saved,
the_times_of_israel,https://www.timesofisrael.com/post-sitemap250.xml,data/raw/sitemaps/post-sitemap250.xml,200,saved,
the_times_of_israel,https://www.timesofisrael.com/post-sitemap251.xml,data/raw/sitemaps/post-sitemap251.xml,200,saved,
the_times_of_israel,https://www.timesofisrael.com/post-sitemap252.xml,data/raw/sitemaps/post-sitemap252.xml,200,saved,
the_times_of_israel,https://www.timesofisrael.com/post-sitemap253.xml,data/raw/sitemaps/post-sitemap253.xml,200,saved,
the_times_of_israel,https://www.timesofisrael.com/post-sitemap254.xml,data/raw/sitemaps/post-sitemap254.xml,200,saved,
the_times_of_israel,https://www.timesofisrael.com/post-sitemap255.xml,data/raw/sitemaps/post-sitemap255.xml,200,saved,
the_times_of_israel,https://www.timesofisrael.com/post-sitemap256.xml,data/raw/sitemaps/post-sitemap256.xml,200,saved,
the_times_of_israel,https://www.timesofisrael.com/post-sitemap257.xml,data/raw/sitemaps/post-sitemap257.xml,200,saved,
the_times_of_israel,https://www.timesofisrael.com/post-sitemap258.xml,data/raw/sitemaps/post-sitemap258.xml,200,saved,
the_times_of_israel,https://www.timesofisrael.com/post-sitemap259.xml,data/raw/sitemaps/post-sitemap259.xml,200,saved,
the_times_of_israel,https://www.timesofisrael.com/post-sitemap26.xml,data/raw/sitemaps/post-sitemap26.xml,200,saved,
the_times_of_israel,https://www.timesofisrael.com/post-sitemap260.xml,data/raw/sitemaps/post-sitemap260.xml,200,saved,
the_times_of_israel,https://www.timesofisrael.com/post-sitemap261.xml,data/raw/sitemaps/post-sitemap261.xml,200,saved,
the_times_of_israel,https://www.timesofisrael.com/post-sitemap262.xml,data/raw/sitemaps/post-sitemap262.xml,200,saved,
the_times_of_israel,https://www.timesofisrael.com/post-sitemap263.xml,data/raw/sitemaps/post-sitemap263.xml,200,saved,
the_times_of_israel,https://www.timesofisrael.com/post-sitemap264.xml,data/raw/sitemaps/post-sitemap264.xml,200,saved,
the_times_of_israel,https://www.timesofisrael.com/post-sitemap265.xml,data/raw/sitemaps/post-sitemap265.xml,200,saved,
the_times_of_israel,https://www.timesofisrael.com/post-sitemap266.xml,data/raw/sitemaps/post-sitemap266.xml,200,saved,
the_times_of_israel,https://www.timesofisrael.com/post-sitemap267.xml,data/raw/sitemaps/post-sitemap267.xml,200,saved,
the_times_of_israel,https://www.timesofisrael.com/post-sitemap268.xml,data/raw/sitemaps/post-sitemap268.xml,200,saved,
the_times_of_israel,https://www.timesofisrael.com/post-sitemap269.xml,data/raw/sitemaps/post-sitemap269.xml,200,saved,
the_times_of_israel,https://www.timesofisrael.com/post-sitemap27.xml,data/raw/sitemaps/post-sitemap27.xml,200,saved,
the_times_of_israel,https://www.timesofisrael.com/post-sitemap270.xml,data/raw/sitemaps/post-sitemap270.xml,200,saved,
the_times_of_israel,https://www.timesofisrael.com/post-sitemap271.xml,data/raw/sitemaps/post-sitemap271.xml,200,saved,
the_times_of_israel,https://www.timesofisrael.com/post-sitemap272.xml,data/raw/sitemaps/post-sitemap272.xml,200,saved,
the_times_of_israel,https://www.timesofisrael.com/post-sitemap273.xml,data/raw/sitemaps/post-sitemap273.xml,200,saved,
the_times_of_israel,https://www.timesofisrael.com/post-sitemap274.xml,data/raw/sitemaps/post-sitemap274.xml,200,saved,
the_times_of_israel,https://www.timesofisrael.com/post-sitemap275.xml,data/raw/sitemaps/post-sitemap275.xml,200,saved,
the_times_of_israel,https://www.timesofisrael.com/post-sitemap276.xml,data/raw/sitemaps/post-sitemap276.xml,200,saved,
the_times_of_israel,https://www.timesofisrael.com/post-sitemap277.xml,data/raw/sitemaps/post-sitemap277.xml,200,saved,
the_times_of_israel,https://www.timesofisrael.com/post-sitemap278.xml,data/raw/sitemaps/post-sitemap278.xml,200,saved,
the_times_of_israel,https://www.timesofisrael.com/post-sitemap279.xml,data/raw/sitemaps/post-sitemap279.xml,200,saved,
the_times_of_israel,https://www.timesofisrael.com/post-sitemap28.xml,data/raw/sitemaps/post-sitemap28.xml,200,saved,
the_times_of_israel,https://www.timesofisrael.com/post-sitemap280.xml,data/raw/sitemaps/post-sitemap280.xml,200,saved,
the_times_of_israel,https://www.timesofisrael.com/post-sitemap281.xml,data/raw/sitemaps/post-sitemap281.xml,200,saved,
the_times_of_israel,https://www.timesofisrael.com/post-sitemap282.xml,data/raw/sitemaps/post-sitemap282.xml,200,saved,
the_times_of_israel,https://www.timesofisrael.com/post-sitemap283.xml,data/raw/sitemaps/post-sitemap283.xml,200,saved,
the_times_of_israel,https://www.timesofisrael.com/post-sitemap284.xml,data/raw/sitemaps/post-sitemap284.xml,200,saved,
the_times_of_israel,https://www.timesofisrael.com/post-sitemap285.xml,data/raw/sitemaps/post-sitemap285.xml,200,saved,
the_times_of_israel,https://www.timesofisrael.com/post-sitemap286.xml,data/raw/sitemaps/post-sitemap286.xml,200,saved,
the_times_of_israel,https://www.timesofisrael.com/post-sitemap287.xml,data/raw/sitemaps/post-sitemap287.xml,200,saved,
the_times_of_israel,https://www.timesofisrael.com/post-sitemap288.xml,data/raw/sitemaps/post-sitemap288.xml,200,saved,
the_times_of_israel,https://www.timesofisrael.com/post-sitemap289.xml,data/raw/sitemaps/post-sitemap289.xml,200,saved,
the_times_of_israel,https://www.timesofisrael.com/post-sitemap29.xml,data/raw/sitemaps/post-sitemap29.xml,200,saved,
the_times_of_israel,https://www.timesofisrael.com/post-sitemap290.xml,data/raw/sitemaps/post-sitemap290.xml,200,saved,
the_times_of_israel,https://www.timesofisrael.com/post-sitemap291.xml,data/raw/sitemaps/post-sitemap291.xml,200,saved,
the_times_of_israel,https://www.timesofisrael.com/post-sitemap292.xml,data/raw/sitemaps/post-sitemap292.xml,200,saved,
the_times_of_israel,https://www.timesofisrael.com/post-sitemap293.xml,data/raw/sitemaps/post-sitemap293.xml,200,saved,
the_times_of_israel,https://www.timesofisrael.com/post-sitemap294.xml,data/raw/sitemaps/post-sitemap294.xml,200,saved,
the_times_of_israel,https://www.timesofisrael.com/post-sitemap295.xml,data/raw/sitemaps/post-sitemap295.xml,200,saved,
the_times_of_israel,https://www.timesofisrael.com/post-sitemap296.xml,data/raw/sitemaps/post-sitemap296.xml,200,saved,
the_times_of_israel,https://www.timesofisrael.com/post-sitemap297.xml,data/raw/sitemaps/post-sitemap297.xml,200,saved,
the_times_of_israel,https://www.timesofisrael.com/post-sitemap298.xml,data/raw/sitemaps/post-sitemap298.xml,200,saved,
the_times_of_israel,https://www.timesofisrael.com/post-sitemap299.xml,data/raw/sitemaps/post-sitemap299.xml,200,saved,
the_times_of_israel,https://www.timesofisrael.com/post-sitemap3.xml,data/raw/sitemaps/post-sitemap3.xml,200,saved,
the_times_of_israel,https://www.timesofisrael.com/post-sitemap30.xml,data/raw/sitemaps/post-sitemap30.xml,200,saved,
the_times_of_israel,https://www.timesofisrael.com/post-sitemap300.xml,data/raw/sitemaps/post-sitemap300.xml,200,saved,
the_times_of_israel,https://www.timesofisrael.com/post-sitemap301.xml,data/raw/sitemaps/post-sitemap301.xml,200,saved,
the_times_of_israel,https://www.timesofisrael.com/post-sitemap302.xml,data/raw/sitemaps/post-sitemap302.xml,200,saved,
the_times_of_israel,https://www.timesofisrael.com/post-sitemap303.xml,data/raw/sitemaps/post-sitemap303.xml,200,saved,
the_times_of_israel,https://www.timesofisrael.com/post-sitemap304.xml,data/raw/sitemaps/post-sitemap304.xml,200,saved,
the_times_of_israel,https://www.timesofisrael.com/post-sitemap305.xml,data/raw/sitemaps/post-sitemap305.xml,200,saved,
the_times_of_israel,https://www.timesofisrael.com/post-sitemap306.xml,data/raw/sitemaps/post-sitemap306.xml,200,saved,
the_times_of_israel,https://www.timesofisrael.com/post-sitemap307.xml,data/raw/sitemaps/post-sitemap307.xml,200,saved,
the_times_of_israel,https://www.timesofisrael.com/post-sitemap308.xml,data/raw/sitemaps/post-sitemap308.xml,200,saved,
the_times_of_israel,https://www.timesofisrael.com/post-sitemap309.xml,data/raw/sitemaps/post-sitemap309.xml,200,saved,
the_times_of_israel,https://www.timesofisrael.com/post-sitemap31.xml,data/raw/sitemaps/post-sitemap31.xml,200,saved,
the_times_of_israel,https://www.timesofisrael.com/post-sitemap310.xml,data/raw/sitemaps/post-sitemap310.xml,200,saved,
the_times_of_israel,https://www.timesofisrael.com/post-sitemap311.xml,data/raw/sitemaps/post-sitemap311.xml,200,saved,
the_times_of_israel,https://www.timesofisrael.com/post-sitemap312.xml,data/raw/sitemaps/post-sitemap312.xml,200,saved,
the_times_of_israel,https://www.timesofisrael.com/post-sitemap313.xml,data/raw/sitemaps/post-sitemap313.xml,200,saved,
the_times_of_israel,https://www.timesofisrael.com/post-sitemap314.xml,data/raw/sitemaps/post-sitemap314.xml,200,saved,
the_times_of_israel,https://www.timesofisrael.com/post-sitemap315.xml,data/raw/sitemaps/post-sitemap315.xml,200,saved,
the_times_of_israel,https://www.timesofisrael.com/post-sitemap316.xml,data/raw/sitemaps/post-sitemap316.xml,200,saved,
the_times_of_israel,https://www.timesofisrael.com/post-sitemap317.xml,data/raw/sitemaps/post-sitemap317.xml,200,saved,
the_times_of_israel,https://www.timesofisrael.com/post-sitemap318.xml,data/raw/sitemaps/post-sitemap318.xml,200,saved,
the_times_of_israel,https://www.timesofisrael.com/post-sitemap319.xml,data/raw/sitemaps/post-sitemap319.xml,200,saved,
the_times_of_israel,https://www.timesofisrael.com/post-sitemap32.xml,data/raw/sitemaps/post-sitemap32.xml,200,saved,
the_times_of_israel,https://www.timesofisrael.com/post-sitemap320.xml,data/raw/sitemaps/post-sitemap320.xml,200,saved,
the_times_of_israel,https://www.timesofisrael.com/post-sitemap321.xml,data/raw/sitemaps/post-sitemap321.xml,200,saved,
the_times_of_israel,https://www.timesofisrael.com/post-sitemap322.xml,data/raw/sitemaps/post-sitemap322.xml,200,saved,
the_times_of_israel,https://www.timesofisrael.com/post-sitemap323.xml,data/raw/sitemaps/post-sitemap323.xml,200,saved,
the_times_of_israel,https://www.timesofisrael.com/post-sitemap324.xml,data/raw/sitemaps/post-sitemap324.xml,200,saved,
the_times_of_israel,https://www.timesofisrael.com/post-sitemap325.xml,data/raw/sitemaps/post-sitemap325.xml,200,saved,
the_times_of_israel,https://www.timesofisrael.com/post-sitemap326.xml,data/raw/sitemaps/post-sitemap326.xml,200,saved,
the_times_of_israel,https://www.timesofisrael.com/post-sitemap327.xml,data/raw/sitemaps/post-sitemap327.xml,200,saved,
the_times_of_israel,https://www.timesofisrael.com/post-sitemap328.xml,data/raw/sitemaps/post-sitemap328.xml,200,saved,
the_times_of_israel,https://www.timesofisrael.com/post-sitemap329.xml,data/raw/sitemaps/post-sitemap329.xml,200,saved,
the_times_of_israel,https://www.timesofisrael.com/post-sitemap33.xml,data/raw/sitemaps/post-sitemap33.xml,200,saved,
the_times_of_israel,https://www.timesofisrael.com/post-sitemap330.xml,data/raw/sitemaps/post-sitemap330.xml,200,saved,
the_times_of_israel,https://www.timesofisrael.com/post-sitemap331.xml,data/raw/sitemaps/post-sitemap331.xml,200,saved,
the_times_of_israel,https://www.timesofisrael.com/post-sitemap332.xml,data/raw/sitemaps/post-sitemap332.xml,200,saved,
the_times_of_israel,https://www.timesofisrael.com/post-sitemap333.xml,data/raw/sitemaps/post-sitemap333.xml,200,saved,
the_times_of_israel,https://www.timesofisrael.com/post-sitemap334.xml,data/raw/sitemaps/post-sitemap334.xml,200,saved,
the_times_of_israel,https://www.timesofisrael.com/post-sitemap335.xml,data/raw/sitemaps/post-sitemap335.xml,200,saved,
the_times_of_israel,https://www.timesofisrael.com/post-sitemap336.xml,data/raw/sitemaps/post-sitemap336.xml,200,saved,
the_times_of_israel,https://www.timesofisrael.com/post-sitemap337.xml,data/raw/sitemaps/post-sitemap337.xml,200,saved,
the_times_of_israel,https://www.timesofisrael.com/post-sitemap338.xml,data/raw/sitemaps/post-sitemap338.xml,200,saved,
the_times_of_israel,https://www.timesofisrael.com/post-sitemap339.xml,data/raw/sitemaps/post-sitemap339.xml,200,saved,
the_times_of_israel,https://www.timesofisrael.com/post-sitemap34.xml,data/raw/sitemaps/post-sitemap34.xml,200,saved,
the_times_of_israel,https://www.timesofisrael.com/post-sitemap340.xml,data/raw/sitemaps/post-sitemap340.xml,200,saved,
the_times_of_israel,https://www.timesofisrael.com/post-sitemap341.xml,data/raw/sitemaps/post-sitemap341.xml,200,saved,
the_times_of_israel,https://www.timesofisrael.com/post-sitemap342.xml,data/raw/sitemaps/post-sitemap342.xml,200,saved,
the_times_of_israel,https://www.timesofisrael.com/post-sitemap343.xml,data/raw/sitemaps/post-sitemap343.xml,200,saved,
the_times_of_israel,https://www.timesofisrael.com/post-sitemap344.xml,data/raw/sitemaps/post-sitemap344.xml,200,saved,
the_times_of_israel,https://www.timesofisrael.com/post-sitemap345.xml,data/raw/sitemaps/post-sitemap345.xml,200,saved,
the_times_of_israel,https://www.timesofisrael.com/post-sitemap346.xml,data/raw/sitemaps/post-sitemap346.xml,200,saved,
the_times_of_israel,https://www.timesofisrael.com/post-sitemap347.xml,data/raw/sitemaps/post-sitemap347.xml,200,saved,
the_times_of_israel,https://www.timesofisrael.com/post-sitemap348.xml,data/raw/sitemaps/post-sitemap348.xml,200,saved,
the_times_of_israel,https://www.timesofisrael.com/post-sitemap349.xml,data/raw/sitemaps/post-sitemap349.xml,200,saved,
the_times_of_israel,https://www.timesofisrael.com/post-sitemap35.xml,data/raw/sitemaps/post-sitemap35.xml,200,saved,
the_times_of_israel,https://www.timesofisrael.com/post-sitemap350.xml,data/raw/sitemaps/post-sitemap350.xml,200,saved,
the_times_of_israel,https://www.timesofisrael.com/post-sitemap351.xml,data/raw/sitemaps/post-sitemap351.xml,200,saved,
the_times_of_israel,https://www.timesofisrael.com/post-sitemap352.xml,data/raw/sitemaps/post-sitemap352.xml,200,saved,
the_times_of_israel,https://www.timesofisrael.com/post-sitemap353.xml,data/raw/sitemaps/post-sitemap353.xml,200,saved,
the_times_of_israel,https://www.timesofisrael.com/post-sitemap354.xml,data/raw/sitemaps/post-sitemap354.xml,200,saved,
the_times_of_israel,https://www.timesofisrael.com/post-sitemap355.xml,data/raw/sitemaps/post-sitemap355.xml,200,saved,
the_times_of_israel,https://www.timesofisrael.com/post-sitemap356.xml,data/raw/sitemaps/post-sitemap356.xml,200,saved,
the_times_of_israel,https://www.timesofisrael.com/post-sitemap357.xml,data/raw/sitemaps/post-sitemap357.xml,200,saved,
the_times_of_israel,https://www.timesofisrael.com/post-sitemap358.xml,data/raw/sitemaps/post-sitemap358.xml,200,saved,
the_times_of_israel,https://www.timesofisrael.com/post-sitemap359.xml,data/raw/sitemaps/post-sitemap359.xml,200,saved,
the_times_of_israel,https://www.timesofisrael.com/post-sitemap36.xml,data/raw/sitemaps/post-sitemap36.xml,200,saved,
the_times_of_israel,https://www.timesofisrael.com/post-sitemap360.xml,data/raw/sitemaps/post-sitemap360.xml,200,saved,
the_times_of_israel,https://www.timesofisrael.com/post-sitemap361.xml,data/raw/sitemaps/post-sitemap361.xml,200,saved,
the_times_of_israel,https://www.timesofisrael.com/post-sitemap362.xml,data/raw/sitemaps/post-sitemap362.xml,200,saved,
the_times_of_israel,https://www.timesofisrael.com/post-sitemap363.xml,data/raw/sitemaps/post-sitemap363.xml,200,saved,
the_times_of_israel,https://www.timesofisrael.com/post-sitemap364.xml,data/raw/sitemaps/post-sitemap364.xml,200,saved,
the_times_of_israel,https://www.timesofisrael.com/post-sitemap365.xml,data/raw/sitemaps/post-sitemap365.xml,200,saved,
the_times_of_israel,https://www.timesofisrael.com/post-sitemap366.xml,data/raw/sitemaps/post-sitemap366.xml,200,saved,
the_times_of_israel,https://www.timesofisrael.com/post-sitemap367.xml,data/raw/sitemaps/post-sitemap367.xml,200,saved,
the_times_of_israel,https://www.timesofisrael.com/post-sitemap368.xml,data/raw/sitemaps/post-sitemap368.xml,200,saved,
the_times_of_israel,https://www.timesofisrael.com/post-sitemap369.xml,data/raw/sitemaps/post-sitemap369.xml,200,saved,
the_times_of_israel,https://www.timesofisrael.com/post-sitemap37.xml,data/raw/sitemaps/post-sitemap37.xml,200,saved,
the_times_of_israel,https://www.timesofisrael.com/post-sitemap370.xml,data/raw/sitemaps/post-sitemap370.xml,200,saved,
the_times_of_israel,https://www.timesofisrael.com/post-sitemap371.xml,data/raw/sitemaps/post-sitemap371.xml,200,saved,
the_times_of_israel,https://www.timesofisrael.com/post-sitemap372.xml,data/raw/sitemaps/post-sitemap372.xml,200,saved,
the_times_of_israel,https://www.timesofisrael.com/post-sitemap373.xml,data/raw/sitemaps/post-sitemap373.xml,200,saved,
the_times_of_israel,https://www.timesofisrael.com/post-sitemap374.xml,data/raw/sitemaps/post-sitemap374.xml,200,saved,
the_times_of_israel,https://www.timesofisrael.com/post-sitemap375.xml,data/raw/sitemaps/post-sitemap375.xml,200,saved,
the_times_of_israel,https://www.timesofisrael.com/post-sitemap376.xml,data/raw/sitemaps/post-sitemap376.xml,200,saved,
the_times_of_israel,https://www.timesofisrael.com/post-sitemap377.xml,data/raw/sitemaps/post-sitemap377.xml,200,saved,
the_times_of_israel,https://www.timesofisrael.com/post-sitemap378.xml,data/raw/sitemaps/post-sitemap378.xml,200,saved,
the_times_of_israel,https://www.timesofisrael.com/post-sitemap379.xml,data/raw/sitemaps/post-sitemap379.xml,200,saved,
the_times_of_israel,https://www.timesofisrael.com/post-sitemap38.xml,data/raw/sitemaps/post-sitemap38.xml,200,saved,
the_times_of_israel,https://www.timesofisrael.com/post-sitemap380.xml,data/raw/sitemaps/post-sitemap380.xml,200,saved,
the_times_of_israel,https://www.timesofisrael.com/post-sitemap381.xml,data/raw/sitemaps/post-sitemap381.xml,200,saved,
the_times_of_israel,https://www.timesofisrael.com/post-sitemap382.xml,data/raw/sitemaps/post-sitemap382.xml,200,saved,
the_times_of_israel,https://www.timesofisrael.com/post-sitemap383.xml,data/raw/sitemaps/post-sitemap383.xml,200,saved,
the_times_of_israel,https://www.timesofisrael.com/post-sitemap384.xml,data/raw/sitemaps/post-sitemap384.xml,200,saved,
the_times_of_israel,https://www.timesofisrael.com/post-sitemap385.xml,data/raw/sitemaps/post-sitemap385.xml,200,saved,
the_times_of_israel,https://www.timesofisrael.com/post-sitemap386.xml,data/raw/sitemaps/post-sitemap386.xml,200,saved,
the_times_of_israel,https://www.timesofisrael.com/post-sitemap387.xml,data/raw/sitemaps/post-sitemap387.xml,200,saved,
the_times_of_israel,https://www.timesofisrael.com/post-sitemap388.xml,data/raw/sitemaps/post-sitemap388.xml,200,saved,
the_times_of_israel,https://www.timesofisrael.com/post-sitemap389.xml,data/raw/sitemaps/post-sitemap389.xml,200,saved,
the_times_of_israel,https://www.timesofisrael.com/post-sitemap39.xml,data/raw/sitemaps/post-sitemap39.xml,200,saved,
the_times_of_israel,https://www.timesofisrael.com/post-sitemap390.xml,data/raw/sitemaps/post-sitemap390.xml,200,saved,
the_times_of_israel,https://www.timesofisrael.com/post-sitemap391.xml,data/raw/sitemaps/post-sitemap391.xml,200,saved,
the_times_of_israel,https://www.timesofisrael.com/post-sitemap392.xml,data/raw/sitemaps/post-sitemap392.xml,200,saved,
the_times_of_israel,https://www.timesofisrael.com/post-sitemap393.xml,data/raw/sitemaps/post-sitemap393.xml,200,saved,
the_times_of_israel,https://www.timesofisrael.com/post-sitemap394.xml,data/raw/sitemaps/post-sitemap394.xml,200,saved,
the_times_of_israel,https://www.timesofisrael.com/post-sitemap395.xml,data/raw/sitemaps/post-sitemap395.xml,200,saved,
the_times_of_israel,https://www.timesofisrael.com/post-sitemap396.xml,data/raw/sitemaps/post-sitemap396.xml,200,saved,
the_times_of_israel,https://www.timesofisrael.com/post-sitemap397.xml,data/raw/sitemaps/post-sitemap397.xml,200,saved,
the_times_of_israel,https://www.timesofisrael.com/post-sitemap398.xml,data/raw/sitemaps/post-sitemap398.xml,200,saved,
the_times_of_israel,https://www.timesofisrael.com/post-sitemap399.xml,data/raw/sitemaps/post-sitemap399.xml,200,saved,
the_times_of_israel,https://www.timesofisrael.com/post-sitemap4.xml,data/raw/sitemaps/post-sitemap4.xml,200,saved,
the_times_of_israel,https://www.timesofisrael.com/post-sitemap40.xml,data/raw/sitemaps/post-sitemap40.xml,200,saved,
the_times_of_israel,https://www.timesofisrael.com/post-sitemap400.xml,data/raw/sitemaps/post-sitemap400.xml,200,saved,
the_times_of_israel,https://www.timesofisrael.com/post-sitemap401.xml,data/raw/sitemaps/post-sitemap401.xml,200,saved,
the_times_of_israel,https://www.timesofisrael.com/post-sitemap402.xml,data/raw/sitemaps/post-sitemap402.xml,200,saved,
the_times_of_israel,https://www.timesofisrael.com/post-sitemap403.xml,data/raw/sitemaps/post-sitemap403.xml,200,saved,
the_times_of_israel,https://www.timesofisrael.com/post-sitemap404.xml,data/raw/sitemaps/post-sitemap404.xml,200,saved,
the_times_of_israel,https://www.timesofisrael.com/post-sitemap405.xml,data/raw/sitemaps/post-sitemap405.xml,200,saved,
the_times_of_israel,https://www.timesofisrael.com/post-sitemap406.xml,data/raw/sitemaps/post-sitemap406.xml,200,saved,
the_times_of_israel,https://www.timesofisrael.com/post-sitemap407.xml,data/raw/sitemaps/post-sitemap407.xml,200,saved,
the_times_of_israel,https://www.timesofisrael.com/post-sitemap408.xml,data/raw/sitemaps/post-sitemap408.xml,200,saved,
the_times_of_israel,https://www.timesofisrael.com/post-sitemap409.xml,data/raw/sitemaps/post-sitemap409.xml,200,saved,
the_times_of_israel,https://www.timesofisrael.com/post-sitemap41.xml,data/raw/sitemaps/post-sitemap41.xml,200,saved,
the_times_of_israel,https://www.timesofisrael.com/post-sitemap410.xml,data/raw/sitemaps/post-sitemap410.xml,200,saved,
the_times_of_israel,https://www.timesofisrael.com/post-sitemap411.xml,data/raw/sitemaps/post-sitemap411.xml,200,saved,
the_times_of_israel,https://www.timesofisrael.com/post-sitemap412.xml,data/raw/sitemaps/post-sitemap412.xml,200,saved,
the_times_of_israel,https://www.timesofisrael.com/post-sitemap413.xml,data/raw/sitemaps/post-sitemap413.xml,200,saved,
the_times_of_israel,https://www.timesofisrael.com/post-sitemap414.xml,data/raw/sitemaps/post-sitemap414.xml,200,saved,
the_times_of_israel,https://www.timesofisrael.com/post-sitemap415.xml,data/raw/sitemaps/post-sitemap415.xml,200,saved,
the_times_of_israel,https://www.timesofisrael.com/post-sitemap416.xml,data/raw/sitemaps/post-sitemap416.xml,200,saved,
the_times_of_israel,https://www.timesofisrael.com/post-sitemap417.xml,data/raw/sitemaps/post-sitemap417.xml,200,saved,
the_times_of_israel,https://www.timesofisrael.com/post-sitemap418.xml,data/raw/sitemaps/post-sitemap418.xml,200,saved,
the_times_of_israel,https://www.timesofisrael.com/post-sitemap419.xml,data/raw/sitemaps/post-sitemap419.xml,200,saved,
the_times_of_israel,https://www.timesofisrael.com/post-sitemap42.xml,data/raw/sitemaps/post-sitemap42.xml,200,saved,
the_times_of_israel,https://www.timesofisrael.com/post-sitemap420.xml,data/raw/sitemaps/post-sitemap420.xml,200,saved,
the_times_of_israel,https://www.timesofisrael.com/post-sitemap421.xml,data/raw/sitemaps/post-sitemap421.xml,200,saved,
the_times_of_israel,https://www.timesofisrael.com/post-sitemap422.xml,data/raw/sitemaps/post-sitemap422.xml,200,saved,
the_times_of_israel,https://www.timesofisrael.com/post-sitemap423.xml,data/raw/sitemaps/post-sitemap423.xml,200,saved,
the_times_of_israel,https://www.timesofisrael.com/post-sitemap424.xml,data/raw/sitemaps/post-sitemap424.xml,200,saved,
the_times_of_israel,https://www.timesofisrael.com/post-sitemap425.xml,data/raw/sitemaps/post-sitemap425.xml,200,saved,
the_times_of_israel,https://www.timesofisrael.com/post-sitemap426.xml,data/raw/sitemaps/post-sitemap426.xml,200,saved,
the_times_of_israel,https://www.timesofisrael.com/post-sitemap427.xml,data/raw/sitemaps/post-sitemap427.xml,200,saved,
the_times_of_israel,https://www.timesofisrael.com/post-sitemap428.xml,data/raw/sitemaps/post-sitemap428.xml,200,saved,
the_times_of_israel,https://www.timesofisrael.com/post-sitemap429.xml,data/raw/sitemaps/post-sitemap429.xml,200,saved,
the_times_of_israel,https://www.timesofisrael.com/post-sitemap43.xml,data/raw/sitemaps/post-sitemap43.xml,200,saved,
the_times_of_israel,https://www.timesofisrael.com/post-sitemap430.xml,data/raw/sitemaps/post-sitemap430.xml,200,saved,
the_times_of_israel,https://www.timesofisrael.com/post-sitemap431.xml,data/raw/sitemaps/post-sitemap431.xml,200,saved,
the_times_of_israel,https://www.timesofisrael.com/post-sitemap432.xml,data/raw/sitemaps/post-sitemap432.xml,200,saved,
the_times_of_israel,https://www.timesofisrael.com/post-sitemap433.xml,data/raw/sitemaps/post-sitemap433.xml,200,saved,
the_times_of_israel,https://www.timesofisrael.com/post-sitemap434.xml,data/raw/sitemaps/post-sitemap434.xml,200,saved,
the_times_of_israel,https://www.timesofisrael.com/post-sitemap435.xml,data/raw/sitemaps/post-sitemap435.xml,200,saved,
the_times_of_israel,https://www.timesofisrael.com/post-sitemap436.xml,data/raw/sitemaps/post-sitemap436.xml,200,saved,
the_times_of_israel,https://www.timesofisrael.com/post-sitemap437.xml,data/raw/sitemaps/post-sitemap437.xml,200,saved,
the_times_of_israel,https://www.timesofisrael.com/post-sitemap438.xml,data/raw/sitemaps/post-sitemap438.xml,200,saved,
the_times_of_israel,https://www.timesofisrael.com/post-sitemap439.xml,data/raw/sitemaps/post-sitemap439.xml,200,saved,
the_times_of_israel,https://www.timesofisrael.com/post-sitemap44.xml,data/raw/sitemaps/post-sitemap44.xml,200,saved,
the_times_of_israel,https://www.timesofisrael.com/post-sitemap440.xml,data/raw/sitemaps/post-sitemap440.xml,200,saved,
the_times_of_israel,https://www.timesofisrael.com/post-sitemap441.xml,data/raw/sitemaps/post-sitemap441.xml,200,saved,
the_times_of_israel,https://www.timesofisrael.com/post-sitemap442.xml,data/raw/sitemaps/post-sitemap442.xml,200,saved,
the_times_of_israel,https://www.timesofisrael.com/post-sitemap443.xml,data/raw/sitemaps/post-sitemap443.xml,200,saved,
the_times_of_israel,https://www.timesofisrael.com/post-sitemap444.xml,data/raw/sitemaps/post-sitemap444.xml,200,saved,
the_times_of_israel,https://www.timesofisrael.com/post-sitemap445.xml,data/raw/sitemaps/post-sitemap445.xml,200,saved,
the_times_of_israel,https://www.timesofisrael.com/post-sitemap446.xml,data/raw/sitemaps/post-sitemap446.xml,200,saved,
the_times_of_israel,https://www.timesofisrael.com/post-sitemap447.xml,data/raw/sitemaps/post-sitemap447.xml,200,saved,
the_times_of_israel,https://www.timesofisrael.com/post-sitemap448.xml,data/raw/sitemaps/post-sitemap448.xml,200,saved,
the_times_of_israel,https://www.timesofisrael.com/post-sitemap449.xml,data/raw/sitemaps/post-sitemap449.xml,200,saved,
the_times_of_israel,https://www.timesofisrael.com/post-sitemap45.xml,data/raw/sitemaps/post-sitemap45.xml,200,saved,
the_times_of_israel,https://www.timesofisrael.com/post-sitemap450.xml,data/raw/sitemaps/post-sitemap450.xml,200,saved,
the_times_of_israel,https://www.timesofisrael.com/post-sitemap451.xml,data/raw/sitemaps/post-sitemap451.xml,200,saved,
the_times_of_israel,https://www.timesofisrael.com/post-sitemap452.xml,data/raw/sitemaps/post-sitemap452.xml,200,saved,
the_times_of_israel,https://www.timesofisrael.com/post-sitemap453.xml,data/raw/sitemaps/post-sitemap453.xml,200,saved,
the_times_of_israel,https://www.timesofisrael.com/post-sitemap454.xml,data/raw/sitemaps/post-sitemap454.xml,200,saved,
the_times_of_israel,https://www.timesofisrael.com/post-sitemap455.xml,data/raw/sitemaps/post-sitemap455.xml,200,saved,
the_times_of_israel,https://www.timesofisrael.com/post-sitemap456.xml,data/raw/sitemaps/post-sitemap456.xml,200,saved,
the_times_of_israel,https://www.timesofisrael.com/post-sitemap457.xml,data/raw/sitemaps/post-sitemap457.xml,200,saved,
the_times_of_israel,https://www.timesofisrael.com/post-sitemap458.xml,data/raw/sitemaps/post-sitemap458.xml,200,saved,
the_times_of_israel,https://www.timesofisrael.com/post-sitemap459.xml,data/raw/sitemaps/post-sitemap459.xml,200,saved,
the_times_of_israel,https://www.timesofisrael.com/post-sitemap46.xml,data/raw/sitemaps/post-sitemap46.xml,200,saved,
the_times_of_israel,https://www.timesofisrael.com/post-sitemap460.xml,data/raw/sitemaps/post-sitemap460.xml,200,saved,
the_times_of_israel,https://www.timesofisrael.com/post-sitemap461.xml,data/raw/sitemaps/post-sitemap461.xml,200,saved,
the_times_of_israel,https://www.timesofisrael.com/post-sitemap462.xml,data/raw/sitemaps/post-sitemap462.xml,200,saved,
the_times_of_israel,https://www.timesofisrael.com/post-sitemap463.xml,data/raw/sitemaps/post-sitemap463.xml,200,saved,
the_times_of_israel,https://www.timesofisrael.com/post-sitemap464.xml,data/raw/sitemaps/post-sitemap464.xml,200,saved,
the_times_of_israel,https://www.timesofisrael.com/post-sitemap465.xml,data/raw/sitemaps/post-sitemap465.xml,200,saved,
the_times_of_israel,https://www.timesofisrael.com/post-sitemap466.xml,data/raw/sitemaps/post-sitemap466.xml,200,saved,
the_times_of_israel,https://www.timesofisrael.com/post-sitemap467.xml,data/raw/sitemaps/post-sitemap467.xml,200,saved,
the_times_of_israel,https://www.timesofisrael.com/post-sitemap468.xml,data/raw/sitemaps/post-sitemap468.xml,200,saved,
the_times_of_israel,https://www.timesofisrael.com/post-sitemap469.xml,data/raw/sitemaps/post-sitemap469.xml,200,saved,
the_times_of_israel,https://www.timesofisrael.com/post-sitemap47.xml,data/raw/sitemaps/post-sitemap47.xml,200,saved,
the_times_of_israel,https://www.timesofisrael.com/post-sitemap470.xml,data/raw/sitemaps/post-sitemap470.xml,200,saved,
the_times_of_israel,https://www.timesofisrael.com/post-sitemap471.xml,data/raw/sitemaps/post-sitemap471.xml,200,saved,
the_times_of_israel,https://www.timesofisrael.com/post-sitemap472.xml,data/raw/sitemaps/post-sitemap472.xml,200,saved,
the_times_of_israel,https://www.timesofisrael.com/post-sitemap473.xml,data/raw/sitemaps/post-sitemap473.xml,200,saved,
the_times_of_israel,https://www.timesofisrael.com/post-sitemap474.xml,data/raw/sitemaps/post-sitemap474.xml,200,saved,
the_times_of_israel,https://www.timesofisrael.com/post-sitemap475.xml,data/raw/sitemaps/post-sitemap475.xml,200,saved,
the_times_of_israel,https://www.timesofisrael.com/post-sitemap476.xml,data/raw/sitemaps/post-sitemap476.xml,200,saved,
the_times_of_israel,https://www.timesofisrael.com/post-sitemap477.xml,data/raw/sitemaps/post-sitemap477.xml,200,saved,
the_times_of_israel,https://www.timesofisrael.com/post-sitemap478.xml,data/raw/sitemaps/post-sitemap478.xml,200,saved,
the_times_of_israel,https://www.timesofisrael.com/post-sitemap479.xml,data/raw/sitemaps/post-sitemap479.xml,200,saved,
the_times_of_israel,https://www.timesofisrael.com/post-sitemap48.xml,data/raw/sitemaps/post-sitemap48.xml,200,saved,
the_times_of_israel,https://www.timesofisrael.com/post-sitemap480.xml,data/raw/sitemaps/post-sitemap480.xml,200,saved,
the_times_of_israel,https://www.timesofisrael.com/post-sitemap481.xml,data/raw/sitemaps/post-sitemap481.xml,200,saved,
the_times_of_israel,https://www.timesofisrael.com/post-sitemap482.xml,data/raw/sitemaps/post-sitemap482.xml,200,saved,
the_times_of_israel,https://www.timesofisrael.com/post-sitemap483.xml,data/raw/sitemaps/post-sitemap483.xml,200,saved,
the_times_of_israel,https://www.timesofisrael.com/post-sitemap484.xml,data/raw/sitemaps/post-sitemap484.xml,200,saved,
the_times_of_israel,https://www.timesofisrael.com/post-sitemap485.xml,data/raw/sitemaps/post-sitemap485.xml,200,saved,
the_times_of_israel,https://www.timesofisrael.com/post-sitemap486.xml,data/raw/sitemaps/post-sitemap486.xml,200,saved,
the_times_of_israel,https://www.timesofisrael.com/post-sitemap487.xml,data/raw/sitemaps/post-sitemap487.xml,200,saved,
the_times_of_israel,https://www.timesofisrael.com/post-sitemap488.xml,data/raw/sitemaps/post-sitemap488.xml,200,saved,
the_times_of_israel,https://www.timesofisrael.com/post-sitemap489.xml,data/raw/sitemaps/post-sitemap489.xml,200,saved,
the_times_of_israel,https://www.timesofisrael.com/post-sitemap49.xml,data/raw/sitemaps/post-sitemap49.xml,200,saved,
the_times_of_israel,https://www.timesofisrael.com/post-sitemap490.xml,data/raw/sitemaps/post-sitemap490.xml,200,saved,
the_times_of_israel,https://www.timesofisrael.com/post-sitemap491.xml,data/raw/sitemaps/post-sitemap491.xml,200,saved,
the_times_of_israel,https://www.timesofisrael.com/post-sitemap492.xml,data/raw/sitemaps/post-sitemap492.xml,200,saved,
the_times_of_israel,https://www.timesofisrael.com/post-sitemap493.xml,data/raw/sitemaps/post-sitemap493.xml,200,saved,
the_times_of_israel,https://www.timesofisrael.com/post-sitemap494.xml,data/raw/sitemaps/post-sitemap494.xml,200,saved,
the_times_of_israel,https://www.timesofisrael.com/post-sitemap495.xml,data/raw/sitemaps/post-sitemap495.xml,200,saved,
the_times_of_israel,https://www.timesofisrael.com/post-sitemap496.xml,data/raw/sitemaps/post-sitemap496.xml,200,saved,
the_times_of_israel,https://www.timesofisrael.com/post-sitemap497.xml,data/raw/sitemaps/post-sitemap497.xml,200,saved,
the_times_of_israel,https://www.timesofisrael.com/post-sitemap498.xml,data/raw/sitemaps/post-sitemap498.xml,200,saved,
the_times_of_israel,https://www.timesofisrael.com/post-sitemap499.xml,data/raw/sitemaps/post-sitemap499.xml,200,saved,
the_times_of_israel,https://www.timesofisrael.com/post-sitemap5.xml,data/raw/sitemaps/post-sitemap5.xml,200,saved,
the_times_of_israel,https://www.timesofisrael.com/post-sitemap50.xml,data/raw/sitemaps/post-sitemap50.xml,200,saved,
the_times_of_israel,https://www.timesofisrael.com/post-sitemap500.xml,data/raw/sitemaps/post-sitemap500.xml,200,saved,
the_times_of_israel,https://www.timesofisrael.com/post-sitemap501.xml,data/raw/sitemaps/post-sitemap501.xml,200,saved,
the_times_of_israel,https://www.timesofisrael.com/post-sitemap502.xml,data/raw/sitemaps/post-sitemap502.xml,200,saved,
the_times_of_israel,https://www.timesofisrael.com/post-sitemap503.xml,data/raw/sitemaps/post-sitemap503.xml,200,saved,
the_times_of_israel,https://www.timesofisrael.com/post-sitemap504.xml,data/raw/sitemaps/post-sitemap504.xml,200,saved,
the_times_of_israel,https://www.timesofisrael.com/post-sitemap505.xml,data/raw/sitemaps/post-sitemap505.xml,200,saved,
the_times_of_israel,https://www.timesofisrael.com/post-sitemap506.xml,data/raw/sitemaps/post-sitemap506.xml,200,saved,
the_times_of_israel,https://www.timesofisrael.com/post-sitemap507.xml,data/raw/sitemaps/post-sitemap507.xml,200,saved,
the_times_of_israel,https://www.timesofisrael.com/post-sitemap508.xml,data/raw/sitemaps/post-sitemap508.xml,200,saved,
the_times_of_israel,https://www.timesofisrael.com/post-sitemap509.xml,data/raw/sitemaps/post-sitemap509.xml,200,saved,
the_times_of_israel,https://www.timesofisrael.com/post-sitemap51.xml,data/raw/sitemaps/post-sitemap51.xml,200,saved,
the_times_of_israel,https://www.timesofisrael.com/post-sitemap510.xml,data/raw/sitemaps/post-sitemap510.xml,200,saved,
the_times_of_israel,https://www.timesofisrael.com/post-sitemap511.xml,data/raw/sitemaps/post-sitemap511.xml,200,saved,
the_times_of_israel,https://www.timesofisrael.com/post-sitemap512.xml,data/raw/sitemaps/post-sitemap512.xml,200,saved,
the_times_of_israel,https://www.timesofisrael.com/post-sitemap513.xml,data/raw/sitemaps/post-sitemap513.xml,200,saved,
the_times_of_israel,https://www.timesofisrael.com/post-sitemap514.xml,data/raw/sitemaps/post-sitemap514.xml,200,saved,
the_times_of_israel,https://www.timesofisrael.com/post-sitemap515.xml,data/raw/sitemaps/post-sitemap515.xml,200,saved,
the_times_of_israel,https://www.timesofisrael.com/post-sitemap516.xml,data/raw/sitemaps/post-sitemap516.xml,200,saved,
the_times_of_israel,https://www.timesofisrael.com/post-sitemap517.xml,data/raw/sitemaps/post-sitemap517.xml,200,saved,
the_times_of_israel,https://www.timesofisrael.com/post-sitemap518.xml,data/raw/sitemaps/post-sitemap518.xml,200,saved,
the_times_of_israel,https://www.timesofisrael.com/post-sitemap519.xml,data/raw/sitemaps/post-sitemap519.xml,200,saved,
the_times_of_israel,https://www.timesofisrael.com/post-sitemap52.xml,data/raw/sitemaps/post-sitemap52.xml,200,saved,
the_times_of_israel,https://www.timesofisrael.com/post-sitemap520.xml,data/raw/sitemaps/post-sitemap520.xml,200,saved,
the_times_of_israel,https://www.timesofisrael.com/post-sitemap521.xml,data/raw/sitemaps/post-sitemap521.xml,200,saved,
the_times_of_israel,https://www.timesofisrael.com/post-sitemap522.xml,data/raw/sitemaps/post-sitemap522.xml,200,saved,
the_times_of_israel,https://www.timesofisrael.com/post-sitemap523.xml,data/raw/sitemaps/post-sitemap523.xml,200,saved,
the_times_of_israel,https://www.timesofisrael.com/post-sitemap524.xml,data/raw/sitemaps/post-sitemap524.xml,200,saved,
the_times_of_israel,https://www.timesofisrael.com/post-sitemap525.xml,data/raw/sitemaps/post-sitemap525.xml,200,saved,
the_times_of_israel,https://www.timesofisrael.com/post-sitemap53.xml,data/raw/sitemaps/post-sitemap53.xml,200,saved,
the_times_of_israel,https://www.timesofisrael.com/post-sitemap54.xml,data/raw/sitemaps/post-sitemap54.xml,200,saved,
the_times_of_israel,https://www.timesofisrael.com/post-sitemap55.xml,data/raw/sitemaps/post-sitemap55.xml,200,saved,
the_times_of_israel,https://www.timesofisrael.com/post-sitemap56.xml,data/raw/sitemaps/post-sitemap56.xml,200,saved,
the_times_of_israel,https://www.timesofisrael.com/post-sitemap57.xml,data/raw/sitemaps/post-sitemap57.xml,200,saved,
the_times_of_israel,https://www.timesofisrael.com/post-sitemap58.xml,data/raw/sitemaps/post-sitemap58.xml,200,saved,
the_times_of_israel,https://www.timesofisrael.com/post-sitemap59.xml,data/raw/sitemaps/post-sitemap59.xml,200,saved,
the_times_of_israel,https://www.timesofisrael.com/post-sitemap6.xml,data/raw/sitemaps/post-sitemap6.xml,200,saved,
the_times_of_israel,https://www.timesofisrael.com/post-sitemap60.xml,data/raw/sitemaps/post-sitemap60.xml,200,saved,
the_times_of_israel,https://www.timesofisrael.com/post-sitemap61.xml,data/raw/sitemaps/post-sitemap61.xml,200,saved,
the_times_of_israel,https://www.timesofisrael.com/post-sitemap62.xml,data/raw/sitemaps/post-sitemap62.xml,200,saved,
the_times_of_israel,https://www.timesofisrael.com/post-sitemap63.xml,data/raw/sitemaps/post-sitemap63.xml,200,saved,
the_times_of_israel,https://www.timesofisrael.com/post-sitemap64.xml,data/raw/sitemaps/post-sitemap64.xml,200,saved,
the_times_of_israel,https://www.timesofisrael.com/post-sitemap65.xml,data/raw/sitemaps/post-sitemap65.xml,200,saved,
the_times_of_israel,https://www.timesofisrael.com/post-sitemap66.xml,data/raw/sitemaps/post-sitemap66.xml,200,saved,
the_times_of_israel,https://www.timesofisrael.com/post-sitemap67.xml,data/raw/sitemaps/post-sitemap67.xml,200,saved,
the_times_of_israel,https://www.timesofisrael.com/post-sitemap68.xml,data/raw/sitemaps/post-sitemap68.xml,200,saved,
the_times_of_israel,https://www.timesofisrael.com/post-sitemap69.xml,data/raw/sitemaps/post-sitemap69.xml,200,saved,
the_times_of_israel,https://www.timesofisrael.com/post-sitemap7.xml,data/raw/sitemaps/post-sitemap7.xml,200,saved,
the_times_of_israel,https://www.timesofisrael.com/post-sitemap70.xml,data/raw/sitemaps/post-sitemap70.xml,200,saved,
the_times_of_israel,https://www.timesofisrael.com/post-sitemap71.xml,data/raw/sitemaps/post-sitemap71.xml,200,saved,
the_times_of_israel,https://www.timesofisrael.com/post-sitemap72.xml,data/raw/sitemaps/post-sitemap72.xml,200,saved,
the_times_of_israel,https://www.timesofisrael.com/post-sitemap73.xml,data/raw/sitemaps/post-sitemap73.xml,200,saved,
the_times_of_israel,https://www.timesofisrael.com/post-sitemap74.xml,data/raw/sitemaps/post-sitemap74.xml,200,saved,
the_times_of_israel,https://www.timesofisrael.com/post-sitemap75.xml,data/raw/sitemaps/post-sitemap75.xml,200,saved,
the_times_of_israel,https://www.timesofisrael.com/post-sitemap76.xml,data/raw/sitemaps/post-sitemap76.xml,200,saved,
the_times_of_israel,https://www.timesofisrael.com/post-sitemap77.xml,data/raw/sitemaps/post-sitemap77.xml,200,saved,
the_times_of_israel,https://www.timesofisrael.com/post-sitemap78.xml,data/raw/sitemaps/post-sitemap78.xml,200,saved,
the_times_of_israel,https://www.timesofisrael.com/post-sitemap79.xml,data/raw/sitemaps/post-sitemap79.xml,200,saved,
the_times_of_israel,https://www.timesofisrael.com/post-sitemap8.xml,data/raw/sitemaps/post-sitemap8.xml,200,saved,
the_times_of_israel,https://www.timesofisrael.com/post-sitemap80.xml,data/raw/sitemaps/post-sitemap80.xml,200,saved,
the_times_of_israel,https://www.timesofisrael.com/post-sitemap81.xml,data/raw/sitemaps/post-sitemap81.xml,200,saved,
the_times_of_israel,https://www.timesofisrael.com/post-sitemap82.xml,data/raw/sitemaps/post-sitemap82.xml,200,saved,
the_times_of_israel,https://www.timesofisrael.com/post-sitemap83.xml,data/raw/sitemaps/post-sitemap83.xml,200,saved,
the_times_of_israel,https://www.timesofisrael.com/post-sitemap84.xml,data/raw/sitemaps/post-sitemap84.xml,200,saved,
the_times_of_israel,https://www.timesofisrael.com/post-sitemap85.xml,data/raw/sitemaps/post-sitemap85.xml,200,saved,
the_times_of_israel,https://www.timesofisrael.com/post-sitemap86.xml,data/raw/sitemaps/post-sitemap86.xml,200,saved,
the_times_of_israel,https://www.timesofisrael.com/post-sitemap87.xml,data/raw/sitemaps/post-sitemap87.xml,200,saved,
the_times_of_israel,https://www.timesofisrael.com/post-sitemap88.xml,data/raw/sitemaps/post-sitemap88.xml,200,saved,
the_times_of_israel,https://www.timesofisrael.com/post-sitemap89.xml,data/raw/sitemaps/post-sitemap89.xml,200,saved,
the_times_of_israel,https://www.timesofisrael.com/post-sitemap9.xml,data/raw/sitemaps/post-sitemap9.xml,200,saved,
the_times_of_israel,https://www.timesofisrael.com/post-sitemap90.xml,data/raw/sitemaps/post-sitemap90.xml,200,saved,
the_times_of_israel,https://www.timesofisrael.com/post-sitemap91.xml,data/raw/sitemaps/post-sitemap91.xml,200,saved,
the_times_of_israel,https://www.timesofisrael.com/post-sitemap92.xml,data/raw/sitemaps/post-sitemap92.xml,200,saved,
the_times_of_israel,https://www.timesofisrael.com/post-sitemap93.xml,data/raw/sitemaps/post-sitemap93.xml,200,saved,
the_times_of_israel,https://www.timesofisrael.com/post-sitemap94.xml,data/raw/sitemaps/post-sitemap94.xml,200,saved,
the_times_of_israel,https://www.timesofisrael.com/post-sitemap95.xml,data/raw/sitemaps/post-sitemap95.xml,200,saved,
the_times_of_israel,https://www.timesofisrael.com/post-sitemap96.xml,data/raw/sitemaps/post-sitemap96.xml,200,saved,
the_times_of_israel,https://www.timesofisrael.com/post-sitemap97.xml,data/raw/sitemaps/post-sitemap97.xml,200,saved,
the_times_of_israel,https://www.timesofisrael.com/post-sitemap98.xml,data/raw/sitemaps/post-sitemap98.xml,200,saved,
the_times_of_israel,https://www.timesofisrael.com/post-sitemap99.xml,data/raw/sitemaps/post-sitemap99.xml,200,saved,
the_times_of_israel,https://www.timesofisrael.com/post_tag-sitemap.xml,data/raw/sitemaps/post_tag-sitemap.xml,200,saved,
the_times_of_israel,https://www.timesofisrael.com/post_tag-sitemap10.xml,data/raw/sitemaps/post_tag-sitemap10.xml,200,saved,
the_times_of_israel,https://www.timesofisrael.com/post_tag-sitemap11.xml,data/raw/sitemaps/post_tag-sitemap11.xml,200,saved,
the_times_of_israel,https://www.timesofisrael.com/post_tag-sitemap12.xml,data/raw/sitemaps/post_tag-sitemap12.xml,200,saved,
the_times_of_israel,https://www.timesofisrael.com/post_tag-sitemap13.xml,data/raw/sitemaps/post_tag-sitemap13.xml,200,saved,
the_times_of_israel,https://www.timesofisrael.com/post_tag-sitemap14.xml,data/raw/sitemaps/post_tag-sitemap14.xml,200,saved,
the_times_of_israel,https://www.timesofisrael.com/post_tag-sitemap15.xml,data/raw/sitemaps/post_tag-sitemap15.xml,200,saved,
the_times_of_israel,https://www.timesofisrael.com/post_tag-sitemap16.xml,data/raw/sitemaps/post_tag-sitemap16.xml,200,saved,
the_times_of_israel,https://www.timesofisrael.com/post_tag-sitemap17.xml,data/raw/sitemaps/post_tag-sitemap17.xml,200,saved,
the_times_of_israel,https://www.timesofisrael.com/post_tag-sitemap18.xml,data/raw/sitemaps/post_tag-sitemap18.xml,200,saved,
the_times_of_israel,https://www.timesofisrael.com/post_tag-sitemap19.xml,data/raw/sitemaps/post_tag-sitemap19.xml,200,saved,
the_times_of_israel,https://www.timesofisrael.com/post_tag-sitemap2.xml,data/raw/sitemaps/post_tag-sitemap2.xml,200,saved,
the_times_of_israel,https://www.timesofisrael.com/post_tag-sitemap20.xml,data/raw/sitemaps/post_tag-sitemap20.xml,200,saved,
the_times_of_israel,https://www.timesofisrael.com/post_tag-sitemap21.xml,data/raw/sitemaps/post_tag-sitemap21.xml,200,saved,
the_times_of_israel,https://www.timesofisrael.com/post_tag-sitemap22.xml,data/raw/sitemaps/post_tag-sitemap22.xml,200,saved,
the_times_of_israel,https://www.timesofisrael.com/post_tag-sitemap23.xml,data/raw/sitemaps/post_tag-sitemap23.xml,200,saved,
the_times_of_israel,https://www.timesofisrael.com/post_tag-sitemap24.xml,data/raw/sitemaps/post_tag-sitemap24.xml,200,saved,
the_times_of_israel,https://www.timesofisrael.com/post_tag-sitemap25.xml,data/raw/sitemaps/post_tag-sitemap25.xml,200,saved,
the_times_of_israel,https://www.timesofisrael.com/post_tag-sitemap26.xml,data/raw/sitemaps/post_tag-sitemap26.xml,200,saved,
the_times_of_israel,https://www.timesofisrael.com/post_tag-sitemap27.xml,data/raw/sitemaps/post_tag-sitemap27.xml,200,saved,
the_times_of_israel,https://www.timesofisrael.com/post_tag-sitemap28.xml,data/raw/sitemaps/post_tag-sitemap28.xml,200,saved,
the_times_of_israel,https://www.timesofisrael.com/post_tag-sitemap29.xml,data/raw/sitemaps/post_tag-sitemap29.xml,200,saved,
the_times_of_israel,https://www.timesofisrael.com/post_tag-sitemap3.xml,data/raw/sitemaps/post_tag-sitemap3.xml,200,saved,
the_times_of_israel,https://www.timesofisrael.com/post_tag-sitemap30.xml,data/raw/sitemaps/post_tag-sitemap30.xml,200,saved,
the_times_of_israel,https://www.timesofisrael.com/post_tag-sitemap31.xml,data/raw/sitemaps/post_tag-sitemap31.xml,200,saved,
the_times_of_israel,https://www.timesofisrael.com/post_tag-sitemap32.xml,data/raw/sitemaps/post_tag-sitemap32.xml,200,saved,
the_times_of_israel,https://www.timesofisrael.com/post_tag-sitemap33.xml,data/raw/sitemaps/post_tag-sitemap33.xml,200,saved,
the_times_of_israel,https://www.timesofisrael.com/post_tag-sitemap34.xml,data/raw/sitemaps/post_tag-sitemap34.xml,200,saved,
the_times_of_israel,https://www.timesofisrael.com/post_tag-sitemap35.xml,data/raw/sitemaps/post_tag-sitemap35.xml,200,saved,
the_times_of_israel,https://www.timesofisrael.com/post_tag-sitemap36.xml,data/raw/sitemaps/post_tag-sitemap36.xml,200,saved,
the_times_of_israel,https://www.timesofisrael.com/post_tag-sitemap37.xml,data/raw/sitemaps/post_tag-sitemap37.xml,200,saved,
the_times_of_israel,https://www.timesofisrael.com/post_tag-sitemap38.xml,data/raw/sitemaps/post_tag-sitemap38.xml,200,saved,
the_times_of_israel,https://www.timesofisrael.com/post_tag-sitemap39.xml,data/raw/sitemaps/post_tag-sitemap39.xml,200,saved,
the_times_of_israel,https://www.timesofisrael.com/post_tag-sitemap4.xml,data/raw/sitemaps/post_tag-sitemap4.xml,200,saved,
the_times_of_israel,https://www.timesofisrael.com/post_tag-sitemap40.xml,data/raw/sitemaps/post_tag-sitemap40.xml,200,saved,
the_times_of_israel,https://www.timesofisrael.com/post_tag-sitemap41.xml,data/raw/sitemaps/post_tag-sitemap41.xml,200,saved,
the_times_of_israel,https://www.timesofisrael.com/post_tag-sitemap42.xml,data/raw/sitemaps/post_tag-sitemap42.xml,200,saved,
the_times_of_israel,https://www.timesofisrael.com/post_tag-sitemap43.xml,data/raw/sitemaps/post_tag-sitemap43.xml,200,saved,
the_times_of_israel,https://www.timesofisrael.com/post_tag-sitemap44.xml,data/raw/sitemaps/post_tag-sitemap44.xml,200,saved,
the_times_of_israel,https://www.timesofisrael.com/post_tag-sitemap45.xml,data/raw/sitemaps/post_tag-sitemap45.xml,200,saved,
the_times_of_israel,https://www.timesofisrael.com/post_tag-sitemap46.xml,data/raw/sitemaps/post_tag-sitemap46.xml,200,saved,
the_times_of_israel,https://www.timesofisrael.com/post_tag-sitemap47.xml,data/raw/sitemaps/post_tag-sitemap47.xml,200,saved,
the_times_of_israel,https://www.timesofisrael.com/post_tag-sitemap48.xml,data/raw/sitemaps/post_tag-sitemap48.xml,200,saved,
the_times_of_israel,https://www.timesofisrael.com/post_tag-sitemap49.xml,data/raw/sitemaps/post_tag-sitemap49.xml,200,saved,
the_times_of_israel,https://www.timesofisrael.com/post_tag-sitemap5.xml,data/raw/sitemaps/post_tag-sitemap5.xml,200,saved,
the_times_of_israel,https://www.timesofisrael.com/post_tag-sitemap50.xml,data/raw/sitemaps/post_tag-sitemap50.xml,200,saved,
the_times_of_israel,https://www.timesofisrael.com/post_tag-sitemap51.xml,data/raw/sitemaps/post_tag-sitemap51.xml,200,saved,
the_times_of_israel,https://www.timesofisrael.com/post_tag-sitemap52.xml,data/raw/sitemaps/post_tag-sitemap52.xml,200,saved,
the_times_of_israel,https://www.timesofisrael.com/post_tag-sitemap53.xml,data/raw/sitemaps/post_tag-sitemap53.xml,200,saved,
the_times_of_israel,https://www.timesofisrael.com/post_tag-sitemap54.xml,data/raw/sitemaps/post_tag-sitemap54.xml,200,saved,
the_times_of_israel,https://www.timesofisrael.com/post_tag-sitemap55.xml,data/raw/sitemaps/post_tag-sitemap55.xml,200,saved,
the_times_of_israel,https://www.timesofisrael.com/post_tag-sitemap56.xml,data/raw/sitemaps/post_tag-sitemap56.xml,200,saved,
the_times_of_israel,https://www.timesofisrael.com/post_tag-sitemap57.xml,data/raw/sitemaps/post_tag-sitemap57.xml,200,saved,
the_times_of_israel,https://www.timesofisrael.com/post_tag-sitemap58.xml,data/raw/sitemaps/post_tag-sitemap58.xml,200,saved,
the_times_of_israel,https://www.timesofisrael.com/post_tag-sitemap59.xml,data/raw/sitemaps/post_tag-sitemap59.xml,200,saved,
the_times_of_israel,https://www.timesofisrael.com/post_tag-sitemap6.xml,data/raw/sitemaps/post_tag-sitemap6.xml,200,saved,
the_times_of_israel,https://www.timesofisrael.com/post_tag-sitemap60.xml,data/raw/sitemaps/post_tag-sitemap60.xml,200,saved,
the_times_of_israel,https://www.timesofisrael.com/post_tag-sitemap61.xml,data/raw/sitemaps/post_tag-sitemap61.xml,200,saved,
the_times_of_israel,https://www.timesofisrael.com/post_tag-sitemap7.xml,data/raw/sitemaps/post_tag-sitemap7.xml,200,saved,
the_times_of_israel,https://www.timesofisrael.com/post_tag-sitemap8.xml,data/raw/sitemaps/post_tag-sitemap8.xml,200,saved,
the_times_of_israel,https://www.timesofisrael.com/post_tag-sitemap9.xml,data/raw/sitemaps/post_tag-sitemap9.xml,200,saved,
the_times_of_israel,https://www.timesofisrael.com/sliders-sitemap.xml,data/raw/sitemaps/sliders-sitemap.xml,200,saved,
the_times_of_israel,https://www.timesofisrael.com/spotlight-sitemap.xml,data/raw/sitemaps/spotlight-sitemap.xml,200,saved,
the_times_of_israel,https://www.timesofisrael.com/spotlight-sitemap2.xml,data/raw/sitemaps/spotlight-sitemap2.xml,200,saved,
the_times_of_israel,https://www.timesofisrael.com/spotlight-sitemap3.xml,data/raw/sitemaps/spotlight-sitemap3.xml,200,saved,
the_times_of_israel,https://www.timesofisrael.com/spotlight-sitemap4.xml,data/raw/sitemaps/spotlight-sitemap4.xml,200,saved,
the_times_of_israel,https://www.timesofisrael.com/spotlight-sitemap5.xml,data/raw/sitemaps/spotlight-sitemap5.xml,200,saved,
the_times_of_israel,https://www.timesofisrael.com/spotlight-sitemap6.xml,data/raw/sitemaps/spotlight-sitemap6.xml,200,saved,
the_times_of_israel,https://www.timesofisrael.com/spotlight-sitemap7.xml,data/raw/sitemaps/spotlight-sitemap7.xml,200,saved,
the_times_of_israel,https://www.timesofisrael.com/spotlight_topic-sitemap.xml,data/raw/sitemaps/spotlight_topic-sitemap.xml,200,saved,
the_times_of_israel,https://www.timesofisrael.com/writers-sitemap.xml,data/raw/sitemaps/writers-sitemap.xml,200,saved,
the_times_of_israel,https://www.timesofisrael.com/writers-sitemap10.xml,data/raw/sitemaps/writers-sitemap10.xml,200,saved,
the_times_of_israel,https://www.timesofisrael.com/writers-sitemap11.xml,data/raw/sitemaps/writers-sitemap11.xml,200,saved,
the_times_of_israel,https://www.timesofisrael.com/writers-sitemap12.xml,data/raw/sitemaps/writers-sitemap12.xml,200,saved,
the_times_of_israel,https://www.timesofisrael.com/writers-sitemap13.xml,data/raw/sitemaps/writers-sitemap13.xml,200,saved,
the_times_of_israel,https://www.timesofisrael.com/writers-sitemap14.xml,data/raw/sitemaps/writers-sitemap14.xml,200,saved,
the_times_of_israel,https://www.timesofisrael.com/writers-sitemap15.xml,data/raw/sitemaps/writers-sitemap15.xml,200,saved,
the_times_of_israel,https://www.timesofisrael.com/writers-sitemap16.xml,data/raw/sitemaps/writers-sitemap16.xml,200,saved,
the_times_of_israel,https://www.timesofisrael.com/writers-sitemap17.xml,data/raw/sitemaps/writers-sitemap17.xml,200,saved,
the_times_of_israel,https://www.timesofisrael.com/writers-sitemap2.xml,data/raw/sitemaps/writers-sitemap2.xml,200,saved,
the_times_of_israel,https://www.timesofisrael.com/writers-sitemap3.xml,data/raw/sitemaps/writers-sitemap3.xml,200,saved,
the_times_of_israel,https://www.timesofisrael.com/writers-sitemap4.xml,data/raw/sitemaps/writers-sitemap4.xml,200,saved,
the_times_of_israel,https://www.timesofisrael.com/writers-sitemap5.xml,data/raw/sitemaps/writers-sitemap5.xml,200,saved,
the_times_of_israel,https://www.timesofisrael.com/writers-sitemap6.xml,data/raw/sitemaps/writers-sitemap6.xml,200,saved,
the_times_of_israel,https://www.timesofisrael.com/writers-sitemap7.xml,data/raw/sitemaps/writers-sitemap7.xml,200,saved,
the_times_of_israel,https://www.timesofisrael.com/writers-sitemap8.xml,data/raw/sitemaps/writers-sitemap8.xml,200,saved,
the_times_of_israel,https://www.timesofisrael.com/writers-sitemap9.xml,data/raw/sitemaps/writers-sitemap9.xml,200,saved,
