_NAME_,Factor1,Factor2,Factor3,Factor4,Factor5,Factor6,Factor7,Factor8,Factor9,loaded,factor,pole
v000001,0.0310302752,-0.015280845,-0.160756042,0.1720205193,0.3341921556,-0.054589006,0.2956983818,0.5218962469,0.3226106535,1,fac8,1
v000002,0.1426009757,-0.07526502,-0.198122868,0.0399564945,0.4038623398,-0.117279063,0.4549972294,0.4227486254,0.2698500553,1,fac7,1
v000003,-0.130459106,-0.173523265,0.5792306934,-0.065370829,0.2549160726,-0.020624764,-0.066899041,0.0032171863,-0.026346062,1,fac3,1
v000004,-0.036749161,-0.049766692,-0.054969939,0.3068066656,0.0704400296,0.0215334039,0.1007329942,0.0745172319,-0.131053998,1,fac4,1
v000005,0.4470213995,0.1002437701,0.1860128284,0.0645315012,-0.138514396,0.1209282039,0.2341154498,0.1766164171,-0.151759601,1,fac1,1
v000006,0.1134453997,0.0088775983,0.1581903417,0.0035632677,0.2378221367,-0.031250814,-0.013889963,-0.074069264,-0.02521054,0,,
v000007,0.073146388,0.0241971305,0.216794967,0.0576991392,0.1298698714,0.0402843552,0.0815141617,-0.155798207,-0.014747242,0,,
v000008,-0.062929861,0.0713159658,0.1333752643,-0.138445289,0.3047147398,0.0401767569,0.0560843837,-0.007868165,0.0444126797,1,fac5,1
v000009,-0.203430162,-0.145076127,0.3962545153,-0.134835917,0.0573494203,0.2659766334,-0.07121369,-0.014565943,-0.095874092,1,fac3,1
v000010,0.1404031514,0.0505244006,0.3795418487,-0.020158819,0.1191312161,-0.06473494,0.1127266766,-0.0977224,0.0362260092,1,fac3,1
v000011,-0.043552303,-0.011251584,0.004832887,0.0224821935,0.1324394415,-0.092164485,0.0786981392,0.2380148792,0.008952001,0,,
v000012,-0.161692135,-0.003753354,0.2475245163,0.2819980973,0.0013745942,-0.085130184,0.2075267685,0.2119638559,-0.066662612,0,,
v000013,0.0345326939,-0.113717777,0.7017388606,-0.089424753,-0.012108631,0.0433148963,-0.077283983,0.1789549053,-0.144580151,1,fac3,1
v000014,0.0905546923,0.1516629539,0.0297469527,0.1130922533,0.0788954041,0.0154385429,-0.046394851,-0.010470161,0.0424094771,0,,
v000015,-0.377203525,-0.405285412,-0.007807422,0.4716662073,-0.409186107,-0.336058568,0.2946409869,-0.498635926,0.1229104941,1,fac8,-1
v000016,-0.078717844,0.2645858971,0.1667748507,-0.013634012,0.2668350358,-0.079736168,0.0913993468,0.0724757495,0.044107491,0,,
v000017,0.3816738651,0.145856137,0.3062930809,0.031870317,-0.132481107,0.0472172021,0.1757575588,0.2068803124,-0.155547866,1,fac1,1
v000018,-0.017244859,-0.035459095,0.2084813566,-0.028948924,0.4777933317,0.043456106,0.1340052667,0.2018637418,0.0716031974,1,fac5,1
v000019,-0.163548691,0.113256599,0.6751645747,-0.051369805,0.181865142,0.0137897567,0.1388806151,-0.278987617,-0.153777879,1,fac3,1
v000020,0.0657136048,0.3415036532,-0.077910594,0.0189165981,0.1520398958,-0.005203844,0.1997512617,0.0514104272,0.012083916,1,fac2,1
v000021,-0.427031558,-0.172518475,0.7185935513,-0.232621787,-0.216038892,0.0941170207,-0.243856533,0.1579434148,0.0501654384,1,fac3,1
v000023,-0.00461202,-0.041969221,-0.081336611,0.603901409,-0.105302448,-0.121690873,0.0713904213,0.0015055044,-0.017529182,1,fac4,1
v000024,-0.009562315,0.0125418569,0.2231512275,0.0828511077,0.1369943592,0.0621298001,-0.137552592,0.0583095847,-0.034468675,0,,
v000025,0.4158245609,-0.222977898,-0.243873306,0.085034418,0.0926074264,0.3175840352,0.1938602881,0.01644766,-0.008458773,1,fac1,1
v000026,0.098855372,0.1743541358,0.0008797737,0.1484520977,0.0719659424,0.0889853448,0.1025841636,-0.046691668,-0.053913675,0,,
v000027,0.263740431,0.3152341294,-0.121941419,-0.031497963,-0.117655019,0.1061261659,0.0200709692,-0.115413909,-0.009754479,1,fac2,1
v000028,0.5534190808,-0.31571724,-0.147621771,-0.036535355,-0.267632259,0.564216927,0.2265465342,0.4711191749,0.1776968376,1,fac6,1
v000029,-0.133279883,0.5872802458,-0.033877998,-0.117272093,-0.208509496,0.189118618,-0.124175712,0.0367864446,0.0138045876,1,fac2,1
v000030,-0.211172159,0.6736837416,-0.043364447,-0.076490117,0.0764665368,0.4389951572,0.0138017365,-0.068570916,0.2090903337,1,fac2,1
v000031,0.1130102268,-0.071307435,-0.141768734,0.2693946454,-0.165220428,-0.050234288,-0.353862141,-0.096158165,-0.023123703,1,fac7,-1
v000032,0.0510259031,0.6490839873,-0.173130454,0.0428499212,-0.038714223,0.0224513659,0.0294590709,0.156153305,0.0091703919,1,fac2,1
v000033,0.2107079869,-0.043491778,0.2758370796,-0.083074138,0.2663504801,-0.030056769,0.0348533896,-0.111613503,-0.025538059,0,,
v000034,-0.004274701,0.3388723063,-0.09270234,0.1467905919,0.1148932371,0.0189215174,0.2126291382,0.2117699756,-0.054295361,1,fac2,1
v000035,-0.03383052,-0.003284918,-0.064130709,0.2648317489,0.2345227076,0.0767425722,-0.096836504,0.0903604522,0.184219831,0,,
v000036,0.5612724727,0.142680137,0.0058439852,-0.143863446,-0.03311572,-0.133375319,-0.231629276,-0.296986482,0.0139462875,1,fac1,1
v000037,0.1046425007,-0.131773191,0.2210229317,-0.103333449,0.4297894167,0.2237587432,-0.189331979,-0.119834689,0.055675114,1,fac5,1
v000038,0.0836060425,-0.023329652,0.0543572427,0.0087726414,0.3096594147,0.029089852,-0.05444391,-0.038386766,-0.153555457,1,fac5,1
v000039,0.0242453563,0.1292977271,-0.106655871,0.3675325743,0.185797242,0.0172109781,0.0618728269,0.1648433453,0.013160914,1,fac4,1
v000040,-0.057994794,0.2659086666,0.0311683843,-0.149843205,0.057334378,0.0157101035,-0.270164837,0.1829856667,0.0665002716,0,,
v000041,0.0247637773,0.0514120163,-0.026391757,-0.058450116,0.2209330904,0.0496763626,-0.170585232,0.2286707735,-0.078264038,0,,
v000042,0.1999370152,0.054337852,-0.000390592,0.3120509606,-0.40555885,-0.025953516,-0.060437629,0.3152100839,0.022730912,1,fac5,-1
v000043,0.0558228666,0.7110387314,0.0187855088,-0.107672094,-0.472692456,0.4331342037,0.5549003483,-0.056630365,0.0286023461,1,fac2,1
v000044,0.2618247312,0.5167798584,-0.163687951,0.032215685,-0.156312792,-0.012886008,-0.113064199,-0.167017473,0.1553035462,1,fac2,1
v000045,-0.209853141,-0.114151022,0.5113668345,-0.158430395,0.1431237281,0.0226887338,-0.250965351,0.143339555,-0.122205542,1,fac3,1
v000047,-0.245022782,-0.019282933,-0.027060763,-0.029229009,0.0661920951,0.1502230245,-0.342441923,0.1920630561,-0.050095869,1,fac7,-1
v000048,-0.088374939,-0.25934784,0.1625242439,-0.197615385,-0.04104992,-0.08806709,-0.455230446,0.3650018318,-0.207194479,1,fac7,-1
v000049,0.1115779559,0.034292306,0.0079095555,-0.128261012,0.2676351159,0.0122828969,-0.194132347,0.0845158262,0.0694991078,0,,
v000050,0.3559837592,0.0885824809,0.3038893622,0.0015707641,0.1335267231,0.045361807,0.3976186738,0.1129000005,-0.039862889,1,fac7,1
v000051,-0.116881381,0.0492483493,-0.152180694,0.2655803609,0.0930696266,-0.004609099,0.214106925,0.2394908688,-0.086123692,0,,
v000052,-0.361662739,-0.189021657,-0.082803389,-0.201406926,0.1248879211,-0.252929744,0.3718870658,0.7430219937,-0.370257465,1,fac8,1
v000053,-0.166464191,0.2061173178,0.0561199844,0.1010294515,0.1203732646,-0.280219062,-0.226821685,-0.098838699,-0.206477291,0,,
v000054,0.4089163526,0.1992900641,-0.08372425,0.032572225,-0.059178369,-0.05124885,-0.032500897,-0.195293041,-0.041111409,1,fac1,1
v000055,-0.086226975,0.0113184248,0.2536996652,-0.012199092,0.4321085673,-0.063749272,0.0663704324,0.2223830897,0.0390571379,1,fac5,1
v000056,0.0051142758,0.144247896,0.0079169333,-0.003733586,0.1521469136,0.0897722028,-0.132832873,0.0773747468,-0.056643674,0,,
v000057,0.3207591389,0.2175185455,-0.107869444,-0.001630683,-0.053898445,0.0304151949,-0.056943756,-0.175592078,-0.055106896,1,fac1,1
v000058,-0.036045133,-0.031183586,0.6311076403,-0.014155355,0.1143027741,0.0100674172,-0.01818798,-0.168231568,-0.030978967,1,fac3,1
v000059,0.0135973556,0.0988196735,0.2124854188,-0.118587489,0.2981129407,-0.058582798,0.0052731982,0.0902899533,-0.297358845,0,,
v000060,0.3605997287,0.3755904075,-0.131519938,-0.014645744,-0.005073996,-0.052661556,-0.05441548,-0.053663411,-0.027134587,1,fac2,1
v000061,-0.181884672,0.6417031046,-0.128271257,-0.016137626,0.0738919458,-0.078720877,-0.000253361,0.01284516,-0.009838541,1,fac2,1
v000062,-0.190233108,0.7106739487,-0.112573834,0.057330747,0.0397196482,-0.124083457,-0.082333881,0.0711012571,0.0214849167,1,fac2,1
v000063,0.1843046613,0.1898527421,0.0790630682,-0.064759004,0.0207289431,0.0023426492,0.0079530123,-0.024720894,0.0242192107,0,,
v000064,0.2574283096,-0.061182287,-0.113347317,0.0377625044,0.1837384865,0.0616768642,0.2463361542,0.1027846839,0.0469682008,0,,
v000065,-0.017897381,0.0092182624,0.1806327633,0.016118256,0.3372599685,0.0638576278,-0.060987073,-0.06451702,-0.15649801,1,fac5,1
v000066,-0.272281974,0.0082611166,0.0093516427,-0.281946602,0.0703282243,0.1359667411,-0.305719566,0.0436325195,-0.158031697,1,fac7,-1
v000067,0.1739644864,0.3811504683,-0.060925443,-0.090058835,-0.124123307,-0.009675139,-0.018304167,-0.069041954,0.0939915932,1,fac2,1
v000068,-0.102797953,-0.144512828,0.6875231574,-0.104784702,0.1031296089,-0.004666645,0.0052352867,-0.032970647,-0.12088388,1,fac3,1
v000069,-0.109183281,0.2881520336,-0.178366362,-0.013241047,-0.284727158,-0.256183686,0.0199792485,0.0143946177,0.1153013588,0,,
v000070,-0.145924203,-0.102860492,-0.081563675,-0.086647024,0.0793140666,0.0059084656,-0.132662536,-0.098646285,-0.237977629,0,,
v000071,-0.095814296,-0.079903967,0.1265974927,-0.024035363,-0.138412414,0.0625108339,0.0751105214,-0.278891166,-0.258376597,0,,
v000072,0.4028425402,0.0425131387,0.1669394716,-0.042026543,0.0252166101,0.058121376,0.1072096816,0.0340771272,-0.032571529,1,fac1,1
v000073,-0.186287007,0.7238429645,-0.12136644,-0.070051515,-0.15191901,-0.042737201,-0.081533425,-0.052205047,-0.009628112,1,fac2,1
v000074,-0.087289952,0.6350767344,-0.128021316,0.1078516348,0.132268967,0.0769775931,0.0419790413,0.139021796,0.0022913348,1,fac2,1
v000075,0.2621849965,-0.135490619,-0.020732838,-0.137954618,0.0556206816,0.1221008152,-0.294426764,-0.07964891,0.0733488124,0,,
v000076,-0.114466418,0.7951725699,-0.08428892,0.0079295991,-0.024319825,0.2284086911,0.049088579,0.0527660653,0.0714059182,1,fac2,1
v000077,-0.111153868,-0.140859933,-0.114096062,0.2072965773,-0.28317299,-0.01091913,-0.614346172,-0.080897591,-0.445417019,1,fac7,-1
v000078,-0.19001094,-0.091186062,-0.018322218,-0.045795743,0.0862452089,-0.01063483,-0.172822448,0.8004731212,0.079200229,1,fac8,1
v000079,0.4575643417,-0.058232636,-0.153033465,0.0045590124,-0.15779563,-0.137727996,-0.028935671,-0.514154638,0.1729456383,1,fac8,-1
v000080,-0.03761753,-0.002820971,0.2313430907,0.0070452286,0.0441621021,0.0754959448,-0.028835277,-0.026854259,-0.054887542,0,,
v000081,0.2056003396,-0.256041367,0.2884071341,-0.125649874,-0.809867728,0.4463047935,0.0727563441,0.2364031821,0.1421313248,1,fac5,-1
v000082,0.1464464286,0.5887099218,-0.020772241,-0.173714238,-0.024662597,0.026085957,-0.061527619,-0.098271702,0.1217554916,1,fac2,1
v000083,0.0437194144,-0.100454472,0.6397264398,-0.215411185,-0.303618025,0.0667812998,-0.33005715,0.0381324616,0.0581699795,1,fac3,1
v000084,0.0231689771,0.2494059075,0.039677922,0.0331648326,0.0893981926,0.0371002112,0.0074900948,-0.016700114,0.2317138567,0,,
v000085,0.3274158134,0.0146167455,0.2070413056,0.0660744255,0.1211450652,0.0585861288,0.3024200461,0.0934245163,-0.042045607,1,fac1,1
v000086,0.1551796496,0.1475809045,-0.020650071,0.428467646,-0.223482834,-0.201086032,0.0169173823,-0.3438666,0.1071356324,1,fac4,1
v000087,0.095365002,0.5419076377,0.1326946459,-0.250162978,-0.177622553,-0.04237147,-0.059124618,-0.09200268,-0.159942345,1,fac2,1
v000088,0.1697013536,0.2944646999,0.0236854293,-0.061299817,-0.034151185,-0.061078593,-0.027356333,0.0413235578,0.0443046063,0,,
v000089,0.1084969986,-0.003036421,-0.130006086,0.1143273595,-0.091076401,0.1628541655,-0.398970351,0.1352726825,-0.18754798,1,fac7,-1
v000090,-0.202937243,-0.19325685,0.0065687095,0.2430351171,-0.002557598,0.0331232019,-0.337112956,0.1607545537,-0.341919043,1,fac9,-1
v000091,0.4940249028,0.0024738754,-0.066072839,-0.006672015,0.1805758572,-0.000967285,-0.138558618,-0.00942242,0.0829216313,1,fac1,1
v000092,0.3832111302,0.0068609939,-0.113632012,0.0503734032,0.0764865065,0.1177777618,0.119143486,-0.000414652,0.0256863985,1,fac1,1
v000093,-0.095612982,0.0112815741,0.0331339313,0.1303003078,-0.307690563,-0.092625821,-0.578177497,0.0148817948,-0.05809876,1,fac7,-1
v000094,-0.02256126,-0.234103663,-0.05585509,0.4198200331,-0.017622245,0.1002078199,0.2209798868,-0.065741084,-0.159031752,1,fac4,1
v000095,0.1420253013,0.2754233172,-0.045576953,-0.037017863,-0.066828915,0.0684281507,-0.063164601,0.0444848252,0.0168154957,0,,
v000096,0.4485392587,-0.134118705,0.1443665526,0.0677108937,0.0782634785,-0.123650529,-0.188214353,-0.189535042,0.1328046757,1,fac1,1
v000097,0.0834283461,0.4191580983,0.0084703144,-0.173525303,-0.001719793,0.0232730221,-0.1785817,0.0289375924,0.0244054041,1,fac2,1
v000098,0.2745023901,-0.052744045,-0.109477425,-0.038323865,0.2050280138,0.424063935,0.0514073753,-0.227305343,-0.092830303,1,fac6,1
v000099,0.0569960497,0.3194822133,-0.045119455,0.0172737103,-0.003703675,-0.043376393,-0.241364781,0.00803662,-0.016139351,1,fac2,1
v000100,-0.169630258,0.0676026797,0.2369978317,-0.092734683,0.0196909663,0.4059638033,-0.103942269,0.0090217574,-0.033237306,1,fac6,1
v000101,0.0229851831,0.1506405662,-0.096794294,-0.262003046,-0.045042991,0.9381607545,-0.206385593,-0.122425829,-0.018411633,1,fac6,1
v000102,0.0421438602,-0.277864797,-0.007758855,-0.503950307,0.6877084614,-0.265033756,0.1505377173,-0.262680199,0.1540085094,1,fac5,1
v000103,-0.333114365,0.7402044868,-0.05186776,-0.143793113,-0.478439773,-0.108235027,0.1078210916,-0.11664449,0.6028837099,1,fac2,1
v000104,0.3074961505,0.1680784898,-0.010639871,0.055106616,0.0922152108,0.1091270605,-0.047347519,-0.112298942,0.0123089473,1,fac1,1
v000105,0.4509415056,0.0888699802,-0.090385861,0.0044506064,0.0337579203,-0.058858091,0.05761944,-0.025162747,-0.026013257,1,fac1,1
v000106,0.2554520979,0.1377208193,-0.079960693,-0.092324268,0.1493865764,-0.092348856,-0.015262233,-0.033631836,-0.023581974,0,,
v000107,0.2361403297,0.3020246239,-0.116488778,0.0746443678,-0.112148355,-0.063988742,0.0398245459,-0.046395059,0.0124675372,1,fac2,1
v000108,-0.279106392,-0.090591931,0.1241720838,-0.132405475,0.2633488999,0.1758896503,-0.085305887,0.2978938786,-0.140064411,0,,
v000109,-0.052935354,0.5142313933,0.095802051,0.0241638802,-0.169633321,0.0426764052,-0.194145359,0.1343310936,-0.219974437,1,fac2,1
v000110,0.0544913516,-0.020333648,0.0038672726,0.2344327137,-0.114939443,0.1709173443,-0.190673944,0.2525169227,-0.141486448,0,,
v000111,0.2621062862,0.13574091,-0.204253637,0.0378072646,0.0307040878,0.2419442654,-0.058999475,0.083412632,0.0400418191,0,,
v000112,0.3224566104,0.1457837361,-0.151551844,0.4605572667,-0.033330548,-0.225466583,-0.01622002,-0.144937069,-0.217230135,1,fac4,1
v000113,0.5803478716,0.0510091343,-0.219065972,0.0039914916,-0.095585034,-0.162524023,0.0227760003,-0.121614045,0.2137219193,1,fac1,1
v000114,0.2835878955,0.1981168564,-0.019803872,0.0487234481,0.108444779,0.0475299448,0.1298194119,0.0025819326,0.0110365923,0,,
v000115,0.2984563288,0.0431129038,-0.113586538,0.0004349705,0.0091295655,-0.079668483,-0.260397186,-0.08191465,-0.003278788,0,,
v000116,-0.297799237,0.0830935019,-0.00124657,-0.143974854,-0.098022128,0.2116694908,-0.413633333,0.136288724,-0.193483816,1,fac7,-1
v000117,0.3753725164,0.0565523857,0.0325571616,0.0041907528,-0.031101295,-0.0603438,-0.073373575,-0.131332475,-0.027156786,1,fac1,1
v000118,-0.2209603,-0.137435694,0.8189463068,-0.05162201,0.0037979999,-0.095868036,-0.14273423,0.1675599606,0.0212684062,1,fac3,1
v000119,0.345666379,-0.171710388,0.0761954495,0.1436698737,0.0511315219,-0.06340985,-0.245499172,-0.085483594,0.1030724221,1,fac1,1
v000120,-0.20710109,0.0388815884,0.0386303775,-0.062292644,0.0919804801,-0.091982406,-0.143834286,0.4911856029,-0.012654454,1,fac8,1
v000121,0.0535808993,0.3987678821,-0.122667902,0.1673673382,-0.006847112,0.1146809609,-0.028018581,0.0638024133,-0.032869261,1,fac2,1
v000122,-0.064097745,0.3951294202,-0.023215921,0.0670924756,0.0513334721,0.0165420921,0.0942868246,0.0833814384,-0.026324272,1,fac2,1
v000123,0.1222762353,-0.021170637,-0.051615724,0.4418433929,-0.216141648,-0.07060224,-0.198173328,-0.05885188,0.0909436683,1,fac4,1
v000124,0.0011663705,-0.034310858,-0.058526277,0.3895240344,-0.27743643,-0.121745758,-0.397097726,-0.08825694,0.1447479211,1,fac7,-1
v000125,-0.024262422,-0.015363496,0.6852375757,0.1564720198,0.0721737952,0.0205291284,0.0214259666,-0.124951823,-0.15193669,1,fac3,1
v000126,0.3813395312,-0.140479462,0.0468953642,-0.105961938,0.0025292086,-0.376805266,-0.074539714,-0.34104486,0.5488888072,1,fac9,1
v000127,0.1033290655,0.3234199763,-0.050888366,-0.082064225,0.0427659712,-0.32779815,0.3179646009,-0.035927478,0.1122142818,1,fac6,-1
v000128,0.2271116697,0.2416306648,-0.017296903,-0.047099942,-0.179511511,0.8087009319,0.1079039526,0.0509684432,0.1381151233,1,fac6,1
v000129,0.0177971298,0.605405514,-0.070249446,-0.094191051,-0.102210875,0.1747160043,0.0040510741,0.1065753486,0.0341662148,1,fac2,1
v000130,0.1010655499,0.0005433905,0.3061741332,-0.11610958,0.3138788597,-0.043628863,0.0886353144,-0.068826239,0.0669605266,1,fac5,1
v000131,0.0898431837,0.0873245794,-0.061672582,0.1644642074,-0.146874053,-0.109951456,-0.153256804,0.4334414795,0.1218599473,1,fac8,1
v000132,0.1091148499,-0.05574987,-0.204454453,0.4971384678,0.0391306237,-0.103197631,0.0957649139,0.0680150712,0.0379543561,1,fac4,1
v000133,-0.078548847,-0.215447624,-0.06078329,-0.36661072,0.0118165122,0.507736045,-0.341242069,0.1653142387,-0.040549563,1,fac6,1
v000134,-0.186199091,-0.155083925,0.1337534879,-0.26099159,0.3038778403,-0.281485558,-0.111210168,0.3589328793,-0.045021306,1,fac8,1
v000135,0.4036900354,0.142257612,-0.016844678,0.0343452621,-0.138331134,0.0737503477,-0.031010683,-0.032828188,0.0332772491,1,fac1,1
v000136,0.2939469644,0.1074386926,0.1054357391,-0.015051332,0.0825882342,0.0691606378,-0.017554557,-0.197988501,-0.002663504,0,,
v000137,0.034955545,-0.030650431,-0.12760561,0.1937087597,0.023231388,-0.184394976,0.0611249045,0.6891479045,-0.000786431,1,fac8,1
v000138,-0.161283378,0.1439774685,0.2677251069,0.176352713,-0.170960882,-0.112582765,-0.298188866,0.0895657277,0.0518591092,0,,
v000139,0.1396646265,0.0719451389,-0.181051421,0.3026572416,0.2897505897,-0.138265461,0.1811753315,0.2186305744,0.0760130068,1,fac4,1
v000140,-0.149782425,0.0088407061,0.3997254706,-0.003531961,-0.063973686,0.0361340831,-0.323834358,0.2554675319,-0.079980964,1,fac3,1
v000141,0.0852480866,-0.191889458,-0.358813818,0.1755945848,0.13831474,0.1897390549,0.2512489403,-0.35983399,-0.344063689,1,fac8,-1
v000142,0.4015743315,-0.147732434,-0.060754036,-0.164165489,-0.045486705,0.333050251,-0.10934676,0.0720967364,-0.243473745,1,fac1,1
v000143,-0.016375488,0.0505022869,0.0494952777,0.2155668945,0.038839945,0.0261964975,0.0696433732,0.3068128595,-0.013494898,1,fac8,1
v000144,0.0452532671,0.0503556644,0.0040354648,0.1991582227,0.0495563715,0.0703442501,0.0026545661,0.1453855195,-0.112235546,0,,
v000145,0.303696957,-0.420415196,-0.245471042,-0.252128747,-0.2911753,0.3273704212,-0.238471151,0.4328459475,0.1986466336,1,fac8,1
v000146,0.1774390745,0.2524864891,0.0255095718,0.0292767639,0.0480451478,-0.027765403,-0.031058752,0.0294813736,0.1021617842,0,,
v000147,0.4016746404,-0.082602377,-0.069123245,-0.064184853,0.0312442025,-0.084514187,-0.117517618,-0.162574405,0.02914944,1,fac1,1
v000148,0.0501502247,-0.109670062,-0.107309033,0.2402179622,0.1561546921,-0.038872044,-0.227939173,0.0810108952,-0.325182513,1,fac9,-1
v000149,0.0040536727,-0.03170648,0.0115127921,-0.017123747,0.2107897749,0.0414721261,-0.227809298,0.1393981658,-0.074977175,0,,
v000150,0.0820107824,0.0192449848,-0.037304576,-0.060973377,0.1811106436,-0.09291205,-0.343017075,0.0476701025,-0.061045842,1,fac7,-1
v000151,-0.088854959,0.0976908251,0.1444493445,-0.019678988,-0.00313734,-0.033297046,-0.016896643,-0.058984733,0.0681406071,0,,
v000152,0.3597973117,0.1175834871,0.0919795858,-0.026482446,-0.168795005,-0.01925144,-0.056953946,-0.068702995,-0.031240128,1,fac1,1
v000153,0.2030704842,0.1039712437,0.1990497311,-0.026756775,0.0342784214,-0.048723927,0.0569057923,-0.137947748,-0.038832152,0,,
v000154,0.3775461584,0.1148607514,-0.191777043,-0.051798202,0.0888881999,-0.008061279,0.0691503764,0.0136761286,0.0652162929,1,fac1,1
v000155,0.1210613714,0.3150717701,0.1628830064,-0.098323249,-0.116857929,-0.059510463,-0.074974856,0.0663705713,0.0132526649,1,fac2,1
v000156,-0.147839234,0.0067690484,0.4318259788,-0.172323582,0.0696225923,0.1637013313,-0.15896014,0.0731197388,0.0383287079,1,fac3,1
v000157,0.2104825508,0.0830551809,0.133876758,-0.00464065,0.2132310417,0.0313089265,-0.008857254,-0.102867994,-0.165164633,0,,
v000158,-0.084564492,-0.148199105,-0.113685702,0.1837229552,0.4691270083,0.0133897579,-0.070647176,0.0181619519,-0.357279688,1,fac5,1
v000159,-0.107902028,-0.040275415,0.1607979862,-0.093112818,0.2452702426,0.3459929937,-0.08152622,0.1628678066,-0.005599389,1,fac6,1
v000160,-0.188368656,0.1481650487,0.0632694155,0.1558517631,0.0401405258,0.3306857131,0.01176398,0.1518670587,0.016587502,1,fac6,1
v000161,0.2117998803,0.0834516514,0.0777729642,0.0241316342,-0.176071229,0.4791677412,-0.031869475,-0.06283624,-0.0093466,1,fac6,1
v000162,0.3305390745,0.0836806937,-0.14992254,0.2452528207,-0.066603854,0.1288768559,-0.065905131,-0.042089749,0.0534766667,1,fac1,1
v000163,-0.314221037,-0.078776615,0.3484333438,-0.112422494,-0.098569504,-0.036215594,-0.234961985,-0.320507794,-0.287001804,1,fac3,1
v000164,-0.153033521,0.3219090568,0.0401491208,0.3494422443,-0.230229229,-0.230584184,-0.268887682,-0.119086068,0.1150926965,1,fac4,1
v000165,0.3387733532,0.0275782654,0.1054225465,0.1030451447,0.0272444706,-0.179393476,-0.179152532,-0.013186502,-0.191865418,1,fac1,1
v000166,0.2818078239,0.0283141714,-0.201132363,0.1869559233,0.1242511678,-0.023445181,-0.034622022,-0.065698395,-0.005631122,0,,
v000167,-0.155139541,-0.008584273,0.6283807203,-0.098516152,0.0649486981,-0.096248691,-0.178583745,0.1614331274,0.0181692082,1,fac3,1
v000168,0.2033245312,0.1561052982,0.1327514214,0.0213072457,-0.029286299,-0.019642681,-0.021325244,0.0220698597,0.0762931202,0,,
v000169,0.2470813979,0.3419154306,-0.077619673,-0.01689706,-0.144558446,0.1714686639,-0.186848831,-0.004650903,0.0982129672,1,fac2,1
v000170,0.2732988893,0.1323882944,-0.206671602,-0.159585016,-0.244571797,-0.102450859,0.141468891,-0.310249955,0.2222105506,1,fac8,-1
v000171,0.0860971039,0.5292196652,-0.117172988,-0.038062586,-0.080652592,-0.013023883,-0.166437743,-0.038175161,0.0579085253,1,fac2,1
v000172,-0.155725214,0.1259546366,0.1261862439,0.0012139899,-0.095383333,0.0876053965,-0.356047247,0.2235301263,0.1577084188,1,fac7,-1
v000173,-0.120042617,0.1201816173,0.0034455283,-0.28928109,0.1468798585,-0.083914696,-0.358053791,0.2627630336,-0.117554642,1,fac7,-1
v000174,-0.211122589,-0.176233734,0.5043394541,0.0173034098,-0.001147127,-0.210220361,-0.090460444,0.1933175041,-0.028317236,1,fac3,1
v000175,0.1792673555,0.2980572875,-0.019196752,-0.027582273,0.0315982397,0.2969754905,0.0966606141,0.0333420932,-0.034879824,0,,
v000176,-0.034551518,-0.078663633,0.0823951303,0.0316202636,0.3015270961,-0.034967822,0.0501203756,0.0681059217,0.0455087273,1,fac5,1
v000177,-0.044713664,0.0084197401,0.0280675934,0.2269658508,0.2088330704,-0.083145311,0.1023718448,0.1180044465,-0.040088161,0,,
v000179,0.0480493066,0.2631739281,0.0289675169,-0.10473174,0.0015816923,0.0333612771,-0.136810981,0.0073051876,-0.056699641,0,,
v000180,0.3910069832,-0.166179891,0.1387039614,-0.265223274,0.0394553875,0.1147136037,-0.1558993,-0.439826073,0.032359177,1,fac8,-1
v000181,-0.047676668,0.1276655837,0.2553560815,-0.198305859,0.0576621614,0.099952068,-0.068304433,0.040109442,-0.096618593,0,,
v000182,0.2033088733,0.0544704006,0.0107630784,0.0269828329,0.0302060263,-0.051699555,-0.128183724,0.0354599782,0.0087791383,0,,
v000183,-0.250105756,0.0853553135,-0.009348894,-0.250152333,0.1224969815,0.1472621753,-0.517124192,0.150252913,-0.044029414,1,fac7,-1
v000184,0.1981649346,-0.008712086,-0.02603036,0.0956455091,0.1680592054,0.0734073037,-0.095200634,0.1104351001,0.0015568603,0,,
v000185,0.0782833393,0.1732917828,-0.135470492,-0.099442528,-0.044495354,-0.064916236,-0.367174458,0.221265606,0.2694702176,1,fac7,-1
v000186,-0.029814868,-0.054758639,-0.050716826,0.0323857133,-0.252394473,0.0592459512,0.3386901702,0.2004966623,0.0267695393,1,fac7,1
v000187,0.1123205766,0.7383545465,-0.075002363,-0.141689334,0.1288920387,-0.001193171,0.0981882794,0.1423275861,0.3044960226,1,fac2,1
v000188,-0.006421079,0.2080979463,-0.140207745,-0.04695149,0.0974773771,-0.043202243,0.1353196354,0.135806222,0.0283607134,0,,
v000189,-0.135489533,0.0005939279,0.2535334236,0.0161157755,0.1205081878,-0.033253586,0.0245045871,0.5710952353,0.0203256588,1,fac8,1
v000190,-0.436844727,-0.140861165,0.1192981784,-0.218546979,0.237355274,-0.338527525,0.1354910857,0.5569922814,0.0085514734,1,fac8,1
v000191,-0.100134104,-0.180168145,0.0445537385,-0.067831043,0.3739176771,0.3891327737,-0.149736378,0.0836210843,0.0868063231,1,fac6,1
v000192,-0.271187988,-0.012894539,0.7873616286,-0.097252373,0.2371526756,-0.058857538,0.1346579956,-0.026125047,-0.074670542,1,fac3,1
v000193,-0.209205813,0.4211657004,0.211486862,-0.171970107,-0.002712663,0.5196168492,0.2033828082,-0.170667243,0.0757831513,1,fac6,1
v000194,-0.111820221,0.3981430881,0.2068349512,-0.078668042,-0.043766103,0.1814094851,-0.00849549,0.3004204156,0.1129241915,1,fac2,1
v000195,-0.076657569,0.059463007,0.0780102549,0.2964662786,0.0971583007,0.12858232,0.0731833395,0.1734188129,-0.195920924,0,,
v000196,0.2410560518,0.1294291456,-0.087479189,0.0086618158,0.3425741931,-0.122578048,-0.022602066,-0.105750583,0.0195420872,1,fac5,1
v000197,0.2179560839,-0.02203359,0.0789673905,0.0976245887,0.0183940341,0.4476468173,-0.006945245,-0.188347013,-0.346069306,1,fac6,1
v000198,0.0447187287,-0.127281973,0.0515121329,0.2705983955,0.1704068578,0.1089080984,0.0791286031,-0.115982008,-0.342536762,1,fac9,-1
v000199,0.0410923046,-0.04308031,-0.047544519,-0.117576964,0.4895714483,-0.083658659,-0.044502653,0.3045477235,0.095489578,1,fac5,1
v000200,0.525664205,-0.077562103,-0.113839485,-0.088363197,-0.032798753,0.1556884138,-0.058224259,-0.003517761,0.0641225094,1,fac1,1
v000201,0.0234377393,0.1247054829,-0.139380942,0.050193592,0.3529060878,0.0193050747,0.2538749774,0.2107696511,0.0300164655,1,fac5,1
v000202,0.0645228483,0.087816923,-0.070359574,0.0125324201,0.2189421322,-0.049907516,0.1763107078,0.2055139833,0.0895271886,0,,
v000203,0.0065995722,-0.064922147,0.3263975956,-0.053339167,0.4258082859,0.0004957131,0.1863701756,-0.036588656,0.0386863492,1,fac5,1
v000204,0.0537351055,-0.089660539,0.099805519,-0.007895718,0.2869511397,0.0571056078,-0.172782137,-0.064744033,-0.188716792,0,,
v000205,-0.220298996,0.2301854649,0.0432319094,-0.237134865,0.1782937853,0.092837164,-0.13850433,0.0983989561,0.3160104736,1,fac9,1
v000206,-0.083772043,0.0594218122,0.7743672687,0.0246657975,0.2510336068,-0.162093376,0.0629879272,-0.109795068,-0.011760182,1,fac3,1
v000207,0.606363485,-0.049164525,-0.087761149,0.0082744542,-0.183281632,0.0270135056,-0.130898513,-0.154184234,-0.006227023,1,fac1,1
v000208,0.1001063871,0.0357101908,0.0253446917,0.1572131583,0.2564654621,0.03813203,0.0765103561,0.2159891743,-0.017697488,0,,
v000209,-0.17881603,0.0595222302,0.0172554723,0.1255470088,-0.080264976,-0.027765651,-0.235044597,0.0733119801,-0.156606096,0,,
v000210,0.0624262755,0.2285480452,-0.003014576,-0.192059471,-0.067333316,0.6315879742,-0.300300242,-0.219459689,-0.02207711,1,fac6,1
v000211,0.0422176757,0.0186630752,0.1797140199,-0.090428871,0.4315174141,-0.040684146,0.0411862204,-0.062991882,-0.007120623,1,fac5,1
v000212,-0.023990846,0.0481708632,0.219758148,-0.034831246,0.3651449578,-0.039378597,0.0024681129,-0.04269693,-0.049972202,1,fac5,1
v000213,0.1698337676,-0.023187354,-0.162200079,-0.043765528,0.1199885366,0.1137604528,0.1438976167,0.1163354617,0.0059391532,0,,
v000214,0.2581062244,0.0394414088,-0.046963699,0.1262273598,-0.12464464,0.0193877734,-0.118757278,-0.143143129,0.0139751949,0,,
v000215,0.3125939785,0.4649086894,-0.034028791,0.0491169849,-0.051117152,-0.038204409,0.0013577764,-0.055639043,-0.014286551,1,fac2,1
v000216,0.4689379501,-0.074349742,-0.112790273,0.1202132458,0.0040875445,0.1495451627,0.1056156566,-0.021537251,-0.027474184,1,fac1,1
v000217,0.1515222674,-0.098041449,0.1054466796,0.0498545018,-0.217245524,0.1135923229,-0.320170713,-0.025196607,-0.01578942,1,fac7,-1
v000218,-0.107921381,0.1859688156,-0.036930953,-0.075287067,0.1353934066,0.1044962611,0.3467913181,0.0494179068,-0.402886525,1,fac9,-1
v000219,-0.425978003,0.1984212184,-0.371567734,0.0436955241,-0.161541896,-0.094524497,0.4488447572,0.2158221787,0.213927666,1,fac7,1
v000220,-0.1114561,-0.23732508,1.2671054502,-0.048066586,-0.05892053,-0.193017428,0.3786331597,-0.440680331,-0.043341887,1,fac3,1
v000221,0.1093519587,-0.060321153,0.0647375638,0.0810891417,-0.190117532,-0.137882217,-0.366805451,-0.074649819,0.0532295272,1,fac7,-1
v000222,0.3238089945,0.0618289119,-0.108941745,0.0367632833,0.0596640248,0.0372746406,-0.161158682,-0.199725999,-0.002429583,1,fac1,1
v000223,-0.173517528,0.5365229146,-0.10846998,-0.017914485,0.0622654721,-0.072482116,-0.005910421,0.2314901041,0.0967882542,1,fac2,1
v000224,-0.020733155,-0.084471488,0.2689468752,0.4449877195,-0.029568237,-0.102717485,0.0260218431,0.1315848535,0.0976346196,1,fac4,1
v000225,-0.080313683,-0.004601982,-0.155705065,0.5937488805,-0.2767094,-0.062077629,-0.006851043,0.0346233508,-0.004836295,1,fac4,1
v000226,0.2488445615,0.0988403504,-0.158110743,-0.100939943,0.000653868,-0.065860084,-0.084417266,-0.025283056,0.0329040384,0,,
v000227,0.2039268312,0.0172678955,-0.089630736,0.1370049517,-0.017693928,-0.020590562,0.0158248429,-0.102083213,0.5208742062,1,fac9,1
v000228,-0.150365079,-0.042538795,0.0737188905,0.0642987591,0.2502950868,-0.029856256,0.140528217,0.1412566727,0.2000166733,0,,
v000229,0.301448459,0.0186414203,-0.100724156,0.1136952635,0.2106087517,0.0465226896,0.0384829061,0.1376431268,-0.200136753,1,fac1,1
v000230,0.0920397029,0.2693848529,-0.124455185,-0.008118579,0.1272557337,0.101178035,0.0831297685,-0.192450814,0.0008221287,0,,
v000231,-0.101602008,0.183532163,0.0687871801,-0.080533018,0.2416667791,0.0466515647,-0.008260024,0.1979274064,0.0406486201,0,,
v000232,0.6727461835,-0.331433037,-0.148053063,-0.103685779,0.1046388235,0.1505139163,0.0896840543,0.0597298501,0.3597198403,1,fac1,1
v000233,0.0141341027,-0.061272502,-0.060924513,0.0784768692,0.1076872517,-0.082947805,-0.05266952,0.6613397661,-0.159901576,1,fac8,1
v000234,0.0593346945,-0.015018569,-0.018576973,0.3268623147,-0.003733708,0.0078237998,0.0657714283,0.1601013084,0.0427065271,1,fac4,1
v000235,0.4522472954,-0.084468178,-0.171557569,0.0438767531,0.0701651882,0.2280255478,0.2008599711,0.0530820733,0.002464959,1,fac1,1
v000236,0.1622300449,-0.025966476,-0.168163504,0.2116933447,-0.053381355,0.0535394479,0.220756067,0.411662123,-0.227607014,1,fac8,1
v000237,0.0183738762,-0.096937251,0.1119741044,0.1464926722,0.013952763,0.0242444405,0.0718735362,0.1722991006,0.0546916749,0,,
v000238,-0.187447769,-0.068123417,0.0230631149,0.0173869859,0.0706802906,-0.147835545,-0.153171626,0.7423970606,-0.025220378,1,fac8,1
v000239,-0.223895148,-0.075256692,0.0609340862,0.0136431962,0.1669197887,-0.088118191,-0.047314891,0.5584114913,0.0308925091,1,fac8,1
v000240,0.0189276662,-0.097992351,-0.144831665,0.2534021812,0.3061826773,-0.129458772,-0.136469871,-0.048540345,-0.511688163,1,fac9,-1
v000241,-0.115540788,-0.030498632,0.4774113364,-0.005944733,-0.070656353,-0.024007646,-0.148587779,0.1712848147,-0.000071814,1,fac3,1
v000242,-0.04975049,-0.03021491,0.5321305052,0.0647483627,-0.110577855,-0.043452797,-0.27080868,0.1689188119,0.0600511106,1,fac3,1
v000243,0.1764863197,0.0948791916,-0.165529657,-0.233314234,0.437325033,-0.339088774,-0.024928156,-0.038408267,0.3534403353,1,fac5,1
v000244,-0.217672768,-0.141974107,0.7696650241,0.1784603519,0.1515086514,0.3200521814,0.0349764654,-0.427974492,-0.099453329,1,fac3,1
v000245,-0.183315449,-0.176071819,0.740787943,0.0420164213,0.2127149721,0.3069243596,0.077866343,-0.295125822,-0.165576995,1,fac3,1
v000246,0.6818543253,-0.345383582,-0.160653508,0.0599718305,0.1888534485,0.0446127719,0.1563866851,-0.37986847,0.2266419443,1,fac1,1
v000247,0.0857959001,-0.057801598,0.5366983798,0.0853948663,0.0155029356,0.1511157329,-0.034789055,-0.392404225,0.0136197492,1,fac3,1
v000248,0.0819074893,-0.050932275,0.1901179356,0.4885192831,-0.053697147,0.0333405489,-0.125871821,-0.372935379,0.0515445697,1,fac4,1
v000249,0.0266386878,-0.06361187,0.7101537906,0.0966006694,0.1521920789,0.2020887241,0.0558544289,-0.484176709,0.0355651144,1,fac3,1
v000250,0.1367521756,0.6761056986,-0.181120166,-0.218626552,-0.048347643,-0.167470602,-0.243659877,-0.237322801,-0.063090885,1,fac2,1
v000251,-0.218642389,0.6825031113,-0.344798892,-0.510214733,-0.203119693,-0.333379743,-0.07733618,-0.373619178,-0.206098598,1,fac2,1
v000252,0.0879680332,0.3923080495,-0.010331116,-0.088310547,-0.036248885,0.0588319144,-0.301286747,-0.251101673,-0.130802674,1,fac2,1
v000253,0.1942544758,-0.069269776,0.0801870574,-0.057446294,0.0714687666,-0.03935826,-0.073064962,-0.01208928,-0.034600897,0,,
v000254,-0.320844228,-0.123288832,-0.417204937,-0.526954153,-0.222128048,-0.29724651,0.8909532494,-0.191200454,-0.248470464,1,fac7,1
v000255,-0.021276098,-0.024148642,-0.260395659,0.5005140236,0.1572046612,0.2285894465,0.0853840749,-0.279637976,-0.158198037,1,fac4,1
v000256,0.5199209691,0.0788798526,0.0758034622,0.1048528124,-0.178906612,0.10402959,0.2642337699,0.2503897512,-0.163279213,1,fac1,1
v000257,0.0915052491,-0.057615199,0.1011325981,-0.131371721,-0.094918332,-0.265639538,-0.313093699,0.0226060279,0.1974527793,1,fac7,-1
v000258,0.5747130361,-0.071373894,-0.088265608,-0.028430056,0.2126331206,-0.081413428,-0.092526236,0.0098538345,0.1026759394,1,fac1,1
v000259,0.0766265706,0.0003283263,0.064271771,-0.161000272,0.2520847626,-0.05420628,-0.260685822,0.0558789999,-0.09159313,0,,
v000260,0.460779769,0.020877668,-0.198930411,0.1982904007,0.0620875998,-0.112591724,0.0643882132,-0.120484288,-0.084668586,1,fac1,1
v000261,0.2145382165,-0.063888076,-0.237442495,0.1602619705,0.3648130027,-0.047286847,0.0375120792,-0.141490564,-0.218161648,1,fac5,1
v000262,0.1140890385,0.0375999477,0.3750284815,-0.064274109,0.0209792298,0.1081587836,-0.079736882,0.1897167445,-0.204584218,1,fac3,1
v000263,-0.053328887,-0.130979853,-0.074051373,-0.060114398,0.1950922248,0.308969413,-0.115498725,0.1345832753,-0.160964502,1,fac6,1
v000264,0.3631160558,0.0728969346,0.0178723693,0.0521563905,-0.043604478,0.007133,-0.043759358,0.0349989506,-0.120463145,1,fac1,1
v000265,-0.052946335,-0.177196285,-0.001762224,-0.228642919,0.2530244492,-0.045536759,0.0468831369,-0.003039344,-0.090871587,0,,
v000266,0.4062635694,-0.108507561,0.0143925449,-0.081891594,0.0375109474,0.3634551096,-0.076357078,-0.154983207,-0.022321548,1,fac1,1
v000267,0.4345098256,-0.138376279,-0.219074335,-0.007321642,0.1743271356,0.381564339,0.0344277679,-0.203560031,-0.155356949,1,fac1,1
v000268,0.1999262221,0.1147998928,0.4736020612,-0.052559114,0.0111486386,-0.087643848,-0.009692818,-0.03739866,-0.073383406,1,fac3,1
v000269,-0.148828987,-0.246359426,0.769427029,-0.100042451,0.0446267486,-0.112356702,-0.149770457,0.2136781328,-0.202559943,1,fac3,1
v000270,-0.298718056,-0.208316412,0.4791677195,-0.173805686,0.2742642239,0.0316691632,-0.218690722,0.2957189882,0.042044203,1,fac3,1
v000271,-0.356587602,-0.383043132,-0.026711709,-0.106393624,-0.291650527,-0.334381111,-0.485981943,0.7919068294,-0.000716245,1,fac8,1
v000272,-0.183805218,-0.244546679,1.2574966427,-0.119226757,-0.165455126,-0.322557992,0.6671986058,-0.449445268,0.1616638696,1,fac3,1
v000273,-0.154612898,-0.232757391,0.110970303,-0.136237468,0.1170905729,-0.00986427,-0.490928588,-0.063260063,-0.283497932,1,fac7,-1
v000274,0.1171444557,-0.026594061,-0.08156426,0.3009777643,0.1997049773,0.0882143598,0.171674442,0.2481124203,-0.024598795,1,fac4,1
v000275,0.2485350397,0.0293487411,-0.001737749,-0.028897647,0.0225541395,-0.088349968,-0.087424301,-0.002075167,-0.242830453,0,,
v000276,0.132243561,0.5388989491,-0.070577837,-0.128384857,-0.118421038,0.2897227177,0.0197981235,-0.123382935,0.0307958312,1,fac2,1
v000277,0.0221381565,0.0917637958,-0.205128606,0.3574197889,0.3694130605,-0.136878319,0.1862523651,0.2809415602,0.2695891258,1,fac5,1
v000278,-0.147346496,0.1835781578,0.1314483237,-0.118367397,0.3983595786,0.2331671969,-0.043701063,-0.054281825,0.0893210316,1,fac5,1
v000279,-0.10365463,0.2503975392,-0.137700885,0.1868230639,0.1734995748,-0.013351986,0.1295274594,0.0827317441,-0.184145569,0,,
v000280,0.1238355094,0.2731926928,0.0161897818,0.0223111997,-0.008302261,-0.010126339,0.0337808471,-0.016394986,-0.070903606,0,,
v000281,-0.084844452,0.1188952473,-0.064018676,0.1074157376,0.2621980254,0.0518549104,0.1413708302,0.218297608,-0.049699201,0,,
v000282,0.3976659725,-0.011107914,0.1372988769,0.0694385428,-0.207438663,0.1221551773,0.1976513413,0.2469171164,-0.066264879,1,fac1,1
v000283,0.0467016673,-0.07616903,0.0383607924,0.3021341968,0.0697378665,-0.080376386,-0.009531255,-0.023869777,0.0203771699,1,fac4,1
v000284,0.031909962,-0.116772942,0.1003580908,-0.107768066,0.4916454496,0.0315567842,-0.069542108,0.007347564,-0.269014349,1,fac5,1
v000285,0.2170682606,0.0581321043,-0.058156327,0.4467856853,-0.136041759,0.0360769222,0.0720348312,0.003095724,-0.015193168,1,fac4,1
v000286,-0.036189816,-0.128807621,0.5058672557,0.287401536,-0.469886159,-0.096916608,0.6391095779,-0.113433115,0.1325867788,1,fac7,1
v000287,0.148311584,0.1656393849,0.2191548049,0.2751484183,-0.261005197,-0.034881732,-0.092103671,0.0558241977,0.3180745589,1,fac9,1
v000288,-0.178440715,0.041847191,-0.033012619,0.1073362845,0.0906206416,-0.050752018,-0.022220483,0.4449742729,-0.004203057,1,fac8,1
v000289,0.3870070513,0.018672901,-0.086357005,-0.012619716,0.2406686446,-0.132345947,0.0174820993,-0.088013602,-0.012990669,1,fac1,1
v000290,-0.094663912,0.3213315235,0.0563130301,-0.110254435,0.1741627152,0.0121283414,-0.099695059,-0.315455221,-0.35807114,1,fac9,-1
v000291,0.1502836516,0.2287727189,-0.122790206,0.1609384901,0.01005528,-0.079562942,-0.036325839,0.0569730969,0.057236987,0,,
v000292,0.0236259257,-0.435840791,-0.034281493,0.5814685173,-0.276093525,-0.047263998,-0.249509186,-0.319905886,-0.258326772,1,fac4,1
v000293,-0.036168875,0.032682625,-0.16802189,-0.098063777,0.4048267222,0.1571641463,-0.022902028,0.3708711091,-0.273719128,1,fac5,1
v000294,-0.136161033,0.2656552999,0.1324706708,-0.007617099,0.0706051497,0.0480797878,-0.018856748,0.0044637345,0.0233411554,0,,
v000295,0.4009079269,0.0958844657,-0.001632462,-0.113334818,0.1178106431,-0.064391179,0.0162544546,-0.120491738,0.0012507617,1,fac1,1
v000296,0.0111969183,0.0287138396,-0.138788724,0.2107724434,0.364079563,0.0021208375,0.1137493706,0.0451377892,0.1426565886,1,fac5,1
v000297,0.1399826186,0.0428358977,0.1560174601,-0.144084729,0.0633528401,-0.002861094,-0.123040021,0.0819601709,-0.011661165,0,,
v000298,0.0069770815,-0.196939662,0.7497585729,-0.013887626,-0.043872541,-0.069031856,-0.172501849,0.1038176071,-0.138009534,1,fac3,1
v000299,0.214684819,0.0330639512,0.1508284572,0.1975691245,0.0476432009,0.0677694279,0.2230533175,0.3066743293,-0.045923324,1,fac8,1
v000300,-0.025638202,0.0183761822,0.2276449647,0.046205785,0.4189001318,0.206704528,0.0826163093,0.0151004026,0.0218483529,1,fac5,1
v000301,0.220228521,0.1725176287,0.0792665771,-0.233052413,0.0259563791,0.0087613002,-0.234700247,0.1676672562,-0.227248289,0,,
v000302,0.2036663154,-0.002139656,0.0684195833,0.0427557343,-0.04501969,0.133522204,0.0281881814,-0.168557477,-0.039542383,0,,
v000303,-0.232348345,-0.16162048,0.0160397965,-0.163568006,0.1206089478,0.1693020382,-0.435407649,0.0455564758,-0.379966521,1,fac7,-1
v000304,0.3274094681,0.0705808938,0.1383929393,0.0152749774,0.0309458782,0.1614073573,0.1596962413,0.1087812884,-0.038039185,1,fac1,1
v000305,0.1188133703,0.0571549938,-0.07477101,0.1459821045,0.3144957759,0.1340176877,0.1197118717,0.041744928,-0.001072356,1,fac5,1
v000306,0.2386763589,-0.156275175,-0.022424382,0.1570450383,0.0649475702,0.1776750682,0.1119293131,-0.073462831,-0.043458841,0,,
v000307,-0.055212399,-0.074430639,-0.042285761,0.5504676418,0.1148470321,-0.034067592,0.1379940767,0.0817757974,-0.364330407,1,fac4,1
v000308,0.0032991992,0.0897027372,-0.222582907,0.4700083602,0.0384410388,-0.047912928,0.0887066211,0.0512915894,-0.074219242,1,fac4,1
v000309,-0.16345229,-0.109312782,-0.184697858,0.273613769,0.1588142171,-0.181457598,-0.060263606,0.26555302,0.1390267212,0,,
v000310,-0.057975253,-0.106384743,-0.063857544,-0.053324744,0.4102540436,-0.091942237,0.0349749069,0.3191398906,-0.022151875,1,fac5,1
v000311,0.2407016105,0.0596732438,-0.008295573,0.2316396741,0.1026621857,-0.222560626,-0.172496966,0.1793908943,0.1195798867,0,,
v000312,0.055442025,0.1176331711,0.0416602443,-0.052263076,0.0027968593,0.0166487732,-0.120707004,0.1775274238,-0.146608765,0,,
v000313,0.0214511701,0.4333540499,0.0024890802,-0.082935323,0.0624951976,0.0488519686,0.0666496087,0.015483906,-0.015213453,1,fac2,1
v000314,0.0875014211,0.5289275209,0.0047567626,-0.056468903,0.0710559901,0.0190240975,0.118458083,-0.028607294,0.0037223917,1,fac2,1
v000315,0.1721169296,-0.093580155,-0.078465552,0.0460580621,0.32961313,0.0950999861,0.0382966274,-0.070210888,0.2419047928,1,fac5,1
v000316,-0.324800855,-0.035438858,-0.116187652,0.4948267427,0.0177375025,-0.04576631,-0.196586115,0.2546339316,-0.613978397,1,fac9,-1
v000317,-0.120693018,-0.105096168,-0.029434961,0.1358044108,0.4897332075,-0.031368623,-0.075234521,0.0264352659,-0.255210298,1,fac5,1
v000318,0.1583785401,-0.226496875,-0.043455657,-0.540963086,0.6355315628,-0.320246328,0.4317196065,-0.039587371,0.2088943841,1,fac5,1
v000319,-0.020951366,0.1138431441,-0.06878635,-0.035316378,0.1540607026,0.2203526694,0.2066774226,-0.057854422,-0.111337041,0,,
v000320,-0.14271505,0.0306616047,0.0601810687,-0.201275755,0.0218786323,-0.050633007,-0.218822616,0.1611233673,-0.078723343,0,,
v000321,0.187377925,-0.022911857,0.2383486638,-0.030571763,0.2113093718,-0.002742715,-0.043069009,-0.152526602,-0.008779543,0,,
v000322,0.2641870516,0.0859516643,-0.053345098,0.0557637215,0.3796454058,-0.003346214,0.0584361492,-0.057664382,-0.130229651,1,fac5,1
v000323,0.0592137515,0.1216059663,-0.0211583,0.4903899156,-0.255926891,-0.122625579,0.1030022445,-0.07205514,-0.021160062,1,fac4,1
v000324,-0.067440972,-0.069517631,-0.025759866,-0.008983065,0.2846403797,0.3074989095,-0.166378835,-0.107445995,-0.086965351,1,fac6,1
v000325,0.1456623196,0.140537008,0.0268804346,0.0130291954,0.0698744427,-0.158595173,-0.193431666,-0.007106179,-0.181439542,0,,
v000326,0.0495054618,0.1711159529,-0.10726207,0.3597374777,0.0131166964,0.0882801132,-0.012506,-0.233873051,-0.291285815,1,fac4,1
v000327,0.2300885525,0.080407741,-0.07979634,0.2463777015,0.084968676,0.1013706731,0.0449442012,0.0028510201,-0.230304524,0,,
v000328,0.0510393199,-0.051661062,0.2060546058,0.5911426787,-0.022024811,0.0631687587,0.0003542281,-0.180185853,0.1072006686,1,fac4,1
v000329,0.0899184068,0.5182843689,-0.109118512,-0.168113691,-0.057400585,-0.168140318,-0.396973041,0.0033864857,-0.089786171,1,fac2,1
v000330,0.250573439,0.4765323038,-0.069576284,-0.158084555,-0.068114231,-0.034138184,-0.1236321,-0.197187827,0.0467984405,1,fac2,1
v000331,0.1637738831,0.411233183,-0.118962026,-0.038509403,-0.027818649,-0.018148235,-0.202556032,-0.23338576,-0.073916907,1,fac2,1
v000332,-0.017935072,0.209271904,-0.093095528,-0.078855181,0.4079066345,0.2272817789,0.1308746971,0.0940716572,-0.089235251,1,fac5,1
v000333,0.0721150275,0.0360204584,0.0559828201,0.3109801731,0.0351990427,-0.099355823,0.059158758,0.0065316225,0.0611185635,1,fac4,1
v000334,0.1790358422,0.0410204461,-0.131163887,0.172945327,-0.080586971,0.0729380152,-0.127950857,0.0598828547,0.0130215301,0,,
v000335,0.0762546959,-0.09370092,0.1447123758,0.5107868302,-0.011744718,0.0308679316,0.0158811149,-0.05792841,0.1463518592,1,fac4,1
v000336,0.3878788767,0.0985882018,0.2033614106,0.1006399525,-0.013334288,0.0167360513,0.24331211,0.1564374548,0.0603196984,1,fac1,1
v000337,-0.061488053,0.0923129567,0.0464634759,0.109978333,0.3265133206,-0.040805053,-0.012642207,0.2459779129,0.001248149,1,fac5,1
v000338,0.3926958579,-0.110245422,0.0503784564,-0.092680443,-0.044410124,0.148537564,-0.36017064,-0.440043198,0.0034466298,1,fac8,-1
v000339,0.435733383,0.1778082614,0.1597481559,-0.133609878,0.0970106579,-0.069317255,0.0861119006,-0.274226399,0.0071428153,1,fac1,1
v000340,-0.138081478,-0.218722495,0.7424977602,-0.070164146,0.0728043662,-0.187013634,-0.09783445,0.2000477523,-0.053714465,1,fac3,1
v000341,0.0072144965,-0.064735597,0.1103708237,-0.092188737,0.3860607462,-0.010285484,-0.052548774,0.094972952,-0.038224083,1,fac5,1
v000342,0.4462505763,-0.160592933,-0.199289134,-0.006377189,0.069823744,0.3542052579,0.1060938465,0.0953758943,0.0038483282,1,fac1,1
v000343,-0.061800771,0.0088290334,-0.021389214,0.4220605503,0.0395026152,0.0189842721,-0.035054723,0.1467060121,-0.069475862,1,fac4,1
v000344,0.3981945483,-0.005014413,-0.17267705,-0.264409071,-0.006640631,-0.071496931,-0.065082591,-0.267119319,-0.407006156,1,fac9,-1
v000345,0.2071353731,-0.035437565,0.109929499,0.1105470172,-0.05035886,0.1878589172,-0.1143571,0.1154981299,0.0366972497,0,,
v000346,-0.060228995,0.000308191,0.0411076156,0.1204755838,0.1798761669,-0.151720241,-0.031063108,0.4217977441,-0.055153274,1,fac8,1
v000347,-0.100607907,0.0663795694,-0.023533273,0.1915394734,0.4576730684,-0.008028279,0.1558434084,0.1463818805,0.048665362,1,fac5,1
v000348,-0.119108022,-0.110641886,-0.094842958,0.7209529503,-0.070951775,-0.224541079,0.0957354928,-0.180980403,-0.199192811,1,fac4,1
v000349,-0.121635848,-0.008640081,0.666848768,-0.026794523,0.1418807586,-0.037048092,0.0238468014,0.0671930217,0.04338035,1,fac3,1
v000350,0.131694701,-0.124929185,0.0433758105,-0.06783833,0.4516650516,0.0542324553,-0.019928408,-0.117799079,-0.294078513,1,fac5,1
v000351,0.2392575008,-0.147308866,-0.072223433,0.0160901817,0.0084017854,0.2286537522,-0.103173679,0.054370699,-0.021616052,0,,
v000352,-0.035732704,-0.118493216,0.1114604436,0.4311332628,-0.11156471,-0.006189874,-0.332410923,-0.124753737,0.0259687919,1,fac4,1
v000353,0.2158915663,0.1819380009,0.0905614925,-0.027588757,-0.040359132,0.0044633119,-0.195295828,-0.045670452,-0.083129078,0,,
v000354,-0.078469127,-0.098106923,-0.028407254,-0.003424829,-0.096433605,-0.002444148,-0.529624912,0.0333885963,0.0413150614,1,fac7,-1
v000355,-0.285080273,-0.132473813,-0.124164461,0.0500303593,0.104746723,0.0782146198,-0.344229301,-0.035320123,-0.266352411,1,fac7,-1
v000356,0.2641197244,0.1079832122,0.0977038675,-0.038940412,0.0746913251,-0.038929887,-0.167190782,-0.091677225,-0.023901282,0,,
v000357,0.1034891662,0.129366126,0.2761465483,0.2808028962,-0.044441345,0.0021740295,0.0967175175,-0.02719472,0.0196766647,0,,
v000358,0.1488226344,0.2091395441,0.0419184758,0.1447530196,-0.082856159,-0.075966839,-0.025380508,0.0515117044,0.015497678,0,,
v000359,0.2477506502,0.4263989274,-0.077491267,0.0151969588,-0.107497846,-0.041783504,-0.013666523,-0.09194659,-0.00073153,1,fac2,1
v000360,0.3178235023,0.1368962875,-0.144457207,0.2402257259,-0.152489915,-0.071650712,0.0332971987,0.0471211101,0.0600879315,1,fac1,1
v000361,0.1725370885,0.1082318496,-0.004235762,0.0922481942,-0.03875065,-0.006596367,0.0243016379,-0.006164808,-0.018100161,0,,
v000362,0.0930693003,-0.01002049,0.0383442056,0.0141398757,0.2037704854,0.095169128,-0.190396567,-0.079688215,-0.202433256,0,,
v000363,-0.014956842,-0.044466775,0.0721059727,0.2633715769,0.0278086066,-0.095930981,-0.078018402,0.1179523901,0.0489943028,0,,
v000364,-0.03825292,0.0663692799,-0.24379056,0.751628489,-0.056682627,-0.250830017,0.1699028141,-0.110393865,0.1866981811,1,fac4,1
v000365,0.0194821859,-0.039640129,0.032840797,0.4315466441,-0.054202632,-0.310305447,0.0807810501,0.1316162721,-0.072043517,1,fac4,1
v000366,-0.039491637,-0.043064181,0.006648553,0.1698820791,0.0433770369,-0.053980931,-0.071733093,0.0356485515,-0.05697841,0,,
v000367,0.0086433583,0.0060039258,0.1051537522,0.2397991183,-0.086025393,-0.078131307,-0.041602197,0.0008419727,-0.007497775,0,,
v000368,-0.161686632,-0.29628649,-0.033028416,0.2680781315,-0.097738386,-0.171941327,-0.083930231,-0.266026823,-0.139524796,0,,
v000369,-0.066547771,0.0802519978,0.2531390148,-0.078835252,-0.081426801,0.1018232095,-0.283986546,0.0368943349,-0.166058054,0,,
v000370,0.0276387492,0.0966144476,0.0687310583,-0.136624551,0.0537572027,0.0815846615,-0.366505699,-0.066930641,-0.023843427,1,fac7,-1
v000371,0.3792695461,0.09678871,-0.061974904,-0.019706256,-0.04600087,-0.122475423,-0.008453754,-0.081811001,-0.047423988,1,fac1,1
v000372,-0.285762704,-0.121714425,-0.04220746,-0.36080906,0.1247334977,1.2172696863,-0.054355976,-0.342260119,0.1581906176,1,fac6,1
v000373,0.6089636619,-0.281772633,-0.241202419,-0.026191163,-0.007282147,0.4774194114,-0.032863332,-0.221652853,-0.021823579,1,fac1,1
v000374,-0.109175397,-0.131216887,-0.15698611,-0.314626775,-0.17576338,-0.149410528,0.5344116934,-0.095721374,-0.352697721,1,fac7,1
v000375,0.1331014045,-0.014722026,0.3333276639,-0.019706881,-0.011167008,-0.170537582,-0.073073939,0.0283817753,-0.191822099,1,fac3,1
v000376,-0.120684535,0.6583077886,-0.193645409,0.0484676922,0.062739287,0.0611284688,-0.025806298,0.1516893152,-0.054701377,1,fac2,1
v000377,0.5432140854,-0.207313888,-0.189616848,-0.072059524,0.0791246199,0.2601359236,0.0841582759,-0.089732107,-0.021579119,1,fac1,1
v000378,-0.086085653,0.0648541974,0.1979312831,-0.039355235,0.0192307548,0.0304718659,-0.384992074,0.0502547421,-0.176580598,1,fac7,-1
v000379,-0.33300162,0.0272851036,-0.306062916,0.158100949,0.1874891209,0.1059843446,-0.196138557,-0.214215847,1.39063466,1,fac9,1
v000380,0.1949513833,0.0893626442,0.2721716605,0.1867542334,-0.101800992,0.0202588649,0.0133708389,-0.051524617,0.1111871504,0,,
v000381,0.0989130952,-0.106715316,-0.030933561,0.079864188,0.0261370832,-0.111551777,-0.479788936,-0.358656746,0.1845814207,1,fac7,-1
v000382,-0.048680745,-0.00060395,0.1243094204,-0.026016708,0.2681628136,0.0529535213,-0.000228713,-0.048843351,-0.156647724,0,,
v000383,-0.178168304,0.0112151892,0.0359054191,0.036422725,0.099842507,-0.056745582,-0.017974634,0.1515933654,-0.101648434,0,,
v000384,0.0734107299,0.1001601553,0.0814073204,-0.156240683,0.018255764,0.0140222502,-0.109031467,0.1263257226,0.0452773499,0,,
v000385,0.1190463249,-0.061687232,-0.193377118,0.0275463821,0.1683587545,0.5484443014,-0.139062028,-0.082672102,0.071253328,1,fac6,1
v000386,0.0714171619,0.0098531422,0.0483915211,-0.005091728,0.1823993543,0.3209066562,-0.051463549,-0.13042803,-0.099292566,1,fac6,1
v000387,0.2134493369,-0.076818052,0.0586307129,0.2760068792,-0.141808862,-0.091279868,-0.201832179,0.1111027075,0.3216185316,1,fac9,1
v000388,0.1916497077,0.1208867335,0.036283947,0.0733362677,0.1070300631,-0.056411392,-0.122082705,0.129847406,0.0577888039,0,,
v000389,0.1106827733,-0.098027744,-0.117504024,0.5834301536,-0.035108351,-0.056039829,-0.135826281,-0.116684082,-0.17257372,1,fac4,1
v000390,-0.085144648,-0.12235674,0.2470496626,0.3062287486,-0.062304949,-0.018487836,-0.212085084,-0.070994099,0.2312716089,1,fac4,1
v000391,-0.069271904,-0.079733952,0.0544556033,0.0149028334,-0.040416988,0.0517234043,-0.314296649,0.0601318375,0.0168417816,1,fac7,-1
v000392,0.1448761865,0.5216295181,-0.147576156,0.0065849841,-0.085005133,-0.156520937,-0.061200236,-0.106264851,-0.062080278,1,fac2,1
v000393,0.3902857706,0.012556846,-0.049637055,-0.017664419,0.1296255732,-0.023022241,0.0604771446,-0.046691207,0.0062452539,1,fac1,1
v000394,0.1043319964,0.5120419843,-0.074472656,0.0141323822,0.0521117641,0.0542155252,-0.01247983,0.0923948214,-0.163594569,1,fac2,1
v000395,0.0473002553,-0.023161035,0.2414758208,-0.023502673,0.2052980499,0.0381489061,0.0285453404,0.1818759707,-0.000800411,0,,
v000396,0.0834185179,-0.137112236,-0.000382482,-0.218913202,0.2402240577,0.0000127132,-0.329377116,0.110499637,-0.382425825,1,fac9,-1
v000397,0.1315677841,0.3412608274,0.0341263976,-0.006112446,-0.074962072,-0.078579701,-0.36109606,-0.261258836,-0.017669716,1,fac7,-1
v000398,0.1347893759,0.3567911143,-0.08601341,-0.031863705,0.2362031516,-0.087442205,0.1147800417,0.0241266447,-0.012943146,1,fac2,1
v000399,0.1682165849,0.0800648244,-0.091098775,0.3423819749,-0.09458028,-0.041945896,-0.026275853,0.3006077044,-0.11036239,1,fac4,1
v000400,-0.121826291,-0.216543157,-0.14941139,0.1402900638,-0.545109446,-0.450345927,-0.601001664,0.0641646765,0.2713435478,1,fac7,-1
v000401,0.3100627748,-0.064400665,-0.111523801,0.2128330096,0.0741641539,0.009303999,0.0008044543,-0.023733495,-0.076345442,1,fac1,1
v000402,0.0335171953,-0.010548191,0.3565829265,-0.037493073,-0.173011281,0.0131571692,-0.386641704,0.2197097127,-0.003760752,1,fac7,-1
v000403,-0.001961687,-0.032097397,-0.029878397,-0.059642479,0.5323156802,0.0248281541,-0.052606803,0.1035186503,0.0250219595,1,fac5,1
v000404,-0.028491129,-0.096568084,0.1814826916,-0.19661818,0.4813560163,-0.002593412,-0.017862574,0.1026001975,-0.028363251,1,fac5,1
v000405,0.32247147,-0.263700197,-0.285997244,-0.122508787,0.1324350667,0.6342918378,-0.024501298,-0.643489334,-0.113694152,1,fac8,-1
v000406,0.265356434,0.0305654157,-0.005129088,-0.092245154,-0.002364718,-0.055403266,-0.364842477,-0.190702391,-0.01799864,1,fac7,-1
v000407,0.0014105503,0.1110531312,-0.082854829,-0.055272113,0.256066347,0.0648619372,0.1204841954,0.1194891461,-0.029880629,0,,
v000408,-0.244123753,-0.144357429,0.2764226208,-0.157995421,0.1833605437,-0.011612257,0.5823036386,-0.266413576,0.2947531919,1,fac7,1
v000409,0.0019959961,-0.167531062,-0.211545247,0.704147065,-0.051445702,-0.126894173,-0.030985438,0.0808066164,0.0001205122,1,fac4,1
v000410,-0.024318417,-0.211004398,0.8579693028,-0.042885286,-0.037223067,-0.266049972,-0.215147772,-0.016176549,-0.153424354,1,fac3,1
v000411,-0.178550332,-0.223087872,0.7863609916,-0.03538462,-0.209956595,-0.191978429,-0.257413915,0.1007734514,0.149277792,1,fac3,1
v000412,-0.050463519,0.0819074539,-0.362750799,-0.479158893,-0.006039811,-0.311324419,0.5026365389,-0.248371037,-0.506293027,1,fac9,-1
v000413,0.0264413794,-0.035535923,0.3532975923,-0.028892241,0.2636941821,-0.049224999,0.1696160561,0.0609977602,-0.100382855,1,fac3,1
v000414,0.2536533073,-0.000798674,-0.10054239,-0.046457003,0.2466695807,0.0115785215,-0.095532248,-0.003832578,0.0325113791,0,,
v000415,0.0202807684,-0.024693963,0.4646389398,0.0687217343,0.1073745755,0.0689619967,-0.017394025,0.0129677465,-0.283799128,1,fac3,1
v000416,0.2611572762,0.109880891,0.0776174993,-0.095555678,-0.120540594,-0.073047073,-0.529167293,-0.128576223,0.064137498,1,fac7,-1
v000417,0.1393469674,-0.009054861,-0.032969752,0.0422013559,-0.048970167,-0.136784138,-0.491045721,0.0970164323,0.0887082289,1,fac7,-1
v000418,0.3294143449,0.1369591958,0.023742731,0.0212715825,-0.006492738,-0.017970454,0.1073933247,-0.042793681,0.034975322,1,fac1,1
v000419,0.314150823,0.0016521003,0.1476487424,0.2618377627,-0.049678385,0.1089629288,0.2965379614,0.1418450077,0.0026268445,1,fac1,1
v000420,-0.010631186,0.4695993481,0.0746881085,0.0025422687,-0.082017118,0.1804747845,-0.198211547,-0.008620591,0.0132558004,1,fac2,1
v000421,0.276707002,0.0911170091,-0.077930979,0.0424068891,-0.210778493,-0.060079658,-0.253405291,-0.031711113,0.0425066159,0,,
v000422,0.2125888111,0.1025445695,-0.012234016,0.2273578706,0.1163241215,0.0436085735,0.1878795487,0.0266673917,0.0222095201,0,,
v000424,-0.200516001,0.6285460757,-0.367685079,-0.637329987,-0.294376586,-0.326768317,0.1434515203,-0.420866123,-0.143646567,1,fac4,-1
v000425,-0.13443213,-0.203282086,-0.158222239,0.8077614666,-0.373937018,-0.17421687,-0.327076295,-0.42004225,-0.051151452,1,fac4,1
v000426,0.2267063676,0.091373021,0.1471216732,-0.020434654,0.1514299297,-0.003913481,-0.053617647,0.0544888128,-0.065649774,0,,
v000427,-0.164672892,0.1960833099,-0.105063383,0.1085619629,0.2012696708,-0.027405419,-0.193648618,0.1343570883,0.0623664624,0,,
v000428,-0.243947773,-0.02627075,0.2377494053,-0.170234634,0.102871046,0.0194823017,-0.440193263,0.2539004682,0.0371137398,1,fac7,-1
v000429,0.106574711,-0.362562369,-0.172149916,-0.223619506,-0.401862115,-0.372065914,-0.138358049,-0.438396945,-0.024658642,1,fac8,-1
v000430,0.5507472399,0.0287411341,-0.077902194,0.0222703922,-0.110459837,-0.05568696,0.0202655588,-0.155807269,0.0499777714,1,fac1,1
v000431,0.5992258691,-0.528457639,-0.027696953,-0.325446051,0.0388549665,-0.391027474,-0.08377668,-0.127967798,-0.030689311,1,fac1,1
v000432,-0.027979985,-0.051672261,0.5298131548,0.0024592339,0.208659244,0.1304223987,0.0364792506,-0.076446845,0.0865436957,1,fac3,1
v000433,0.169611068,-0.212261469,-0.070927289,-0.347291472,-0.138595621,-0.026672368,-0.428396769,0.3077355895,-0.081069549,1,fac7,-1
v000434,-0.07415575,-0.110820811,-0.137481649,0.4223562955,-0.025388587,-0.027255004,-0.255602692,0.0323715512,0.0116673983,1,fac4,1
v000435,-0.157380544,-0.074881405,-0.035277686,-0.040070555,-0.161199004,0.0922123709,0.2031108111,0.4840983742,-0.037330355,1,fac8,1
v000436,0.0291707263,-0.045220154,0.0031078804,-0.021934025,0.2352616617,0.0056453159,0.0250763966,0.0980350596,-0.043555985,0,,
v000437,0.052697754,0.0441578657,0.0043795817,0.0542477314,-0.030804617,0.0625795536,-0.352763709,0.0649122347,0.0143082469,1,fac7,-1
v000438,0.1331842382,0.0554622146,-0.088157807,0.0998467993,-0.01772963,0.043734194,0.0062124742,0.2102447941,-0.044902574,0,,
v000439,-0.167679259,-0.026454979,0.3860420654,0.1957564626,0.2066379216,-0.133867191,0.123226504,-0.109712331,-0.152636264,1,fac3,1
v000440,0.0995207904,-0.039608051,-0.000409166,-0.043604281,0.1909443305,-0.144258641,-0.312115834,0.1780068006,0.1397962824,1,fac7,-1
v000441,0.5731916409,0.0013117031,-0.130727296,-0.097455107,0.0072890836,-0.141225404,-0.057440579,-0.228000055,-0.000944688,1,fac1,1
v000442,0.0636117662,-0.154978881,-0.019872751,0.9091880767,-0.521435323,-0.097918433,-0.00778706,-0.34285662,0.2090433888,1,fac4,1
v000443,0.172640888,0.1639237892,-0.097305123,0.1452511098,0.145098022,-0.06503396,0.1640306345,0.0491919746,0.0635252627,0,,
v000444,0.4505400011,-0.187904379,-0.270187816,0.0202748051,0.2017733789,0.1896648966,0.226273041,0.0049503726,0.0430602827,1,fac1,1
v000445,0.0527595324,-0.108852321,-0.057553271,-0.084469256,0.4399217662,-0.010870363,-0.075356259,0.0100228904,-0.016302152,1,fac5,1
v000446,0.2184137539,0.0877052132,0.0400462894,0.0607261218,-0.084624597,-0.069870223,-0.111351184,-0.076692368,-0.037146308,0,,
v000447,0.4604273001,-0.148246028,-0.123281997,0.0508785788,0.1285906301,0.1930134428,0.0376109655,-0.001041669,-0.037260402,1,fac1,1
v000448,0.4318931496,-0.250079206,-0.250652733,-0.055892795,0.0773532005,0.3477491693,-0.171520759,-0.021058246,-0.058212484,1,fac1,1
v000449,-0.027061446,0.0900853908,0.3260497626,-0.175317702,-0.254497127,-0.056481609,-0.427046372,-0.027980116,-0.052165195,1,fac7,-1
v000451,0.013695647,-0.222181294,0.9597383962,-0.093451162,0.0614515769,-0.119434182,0.1539708605,-0.264787084,-0.157057678,1,fac3,1
v000452,-0.112068185,-0.045302263,0.0355243397,0.2621192575,0.0996739566,-0.073613611,-0.023526475,0.1016428795,-0.198853706,0,,
v000453,0.1777750243,-0.015440393,-0.073564556,-0.011876169,0.1991654475,0.0003310317,0.1858278407,0.0968953881,0.0978640306,0,,
v000454,-0.223239484,-0.08819428,0.7361450505,0.076568383,0.1987719948,0.021537863,0.2071445704,-0.046435052,-0.254809725,1,fac3,1
v000455,0.3261388403,0.1957611823,-0.038860093,-0.042219519,0.0873187264,0.1213225268,0.059677836,0.0818246673,-0.006801296,1,fac1,1
v000456,0.084845236,-0.307602965,-0.15887692,-0.14635092,0.4811003185,0.3075144921,-0.168809126,-0.240823848,-0.030758842,1,fac5,1
v000457,0.1306107261,-0.123577049,0.0163371059,0.6100126255,-0.162988113,-0.000022544,-0.027327961,0.0379289538,0.2073246334,1,fac4,1
v000458,0.0715465879,-0.057375415,-0.01034931,0.381044367,0.2064370137,-0.078254002,0.1322487937,0.0380362835,0.0433637686,1,fac4,1
v000459,0.0741208692,0.0259526876,-0.106176986,0.5136616866,0.2674147091,-0.07472009,0.0710199564,0.0798372076,0.0825578403,1,fac4,1
v000460,0.3008379172,0.2745234112,-0.01000523,-0.066975788,-0.061392658,-0.007485985,0.0124467564,-0.115823602,-0.251270236,1,fac1,1
v000461,0.4535782231,-0.238874718,0.0149885401,-0.088304378,0.2600316351,0.2292916655,0.0460980295,0.0422344413,-0.308028117,1,fac1,1
v000462,-0.38215129,0.2539133298,-0.070156049,0.6017732318,0.0186762057,-0.110855281,-0.149992119,0.1152625676,-0.020880497,1,fac4,1
v000463,-0.128441101,-0.038680828,0.3209528802,-0.18501602,-0.007731118,-0.298411276,-0.242692736,0.0062483111,-0.280598773,1,fac3,1
v000464,0.1729062216,0.1438356883,0.1474337318,-0.267808497,-0.069070635,0.1388799586,-0.123903778,-0.132978014,-0.015004946,0,,
v000465,0.055037752,-0.074399311,0.2838293397,-0.07177307,0.4145729893,-0.107389965,-0.121768054,0.0492024413,0.126174467,1,fac5,1
v000466,-0.150990269,0.3153030216,-0.124701149,0.2346675194,0.0037459657,0.0778335397,-0.113143251,0.2006581883,-0.195385224,1,fac2,1
v000467,0.5958888292,-0.188565656,-0.019732216,-0.094138837,0.0324117938,-0.16807603,-0.082899752,-0.157336011,0.2461385024,1,fac1,1
v000468,0.2811355413,0.3239046579,0.0650272,0.0180954403,0.0127401063,-0.187800045,0.0214929167,0.0568725069,-0.023390739,1,fac2,1
v000469,0.0391012259,-0.113350144,-0.038783265,-0.020608988,0.3482856406,0.0910969829,0.009646263,-0.002798545,-0.142528698,1,fac5,1
v000470,-0.07756332,0.279349535,0.2783313678,-0.036848853,0.294097957,0.1099160573,0.2779630108,0.0358729004,0.1437750659,0,,
v000471,0.1929124321,0.0963756494,-0.155416656,-0.209858793,0.451852122,-0.084958129,0.0833448716,0.1951011591,0.0810522177,1,fac5,1
v000472,0.5473269848,0.0965499773,-0.200028335,0.0827212531,0.123923563,-0.073485829,0.0576007763,-0.389687711,-0.163358322,1,fac1,1
v000473,0.0735166224,0.3545745471,0.090681699,-0.117012279,-0.038382436,-0.11980941,-0.207231735,-0.157321567,0.08124372,1,fac2,1
v000474,0.0022445045,0.5346703016,-0.020846861,-0.175208687,0.1002145761,-0.15673256,-0.039112861,-0.111175116,0.0929528131,1,fac2,1
v000475,0.3279450798,0.1902508536,-0.168108951,0.0144606954,0.2115471454,-0.096544124,-0.021885786,-0.05495456,-0.072968247,1,fac1,1
v000476,-0.033128232,-0.277504946,-0.420634241,-0.422955769,-0.236603181,0.1101263993,0.4480480145,0.3359465057,0.3492652624,1,fac7,1
v000477,0.126931642,0.0331240535,0.0233456322,0.257820718,-0.130163642,-0.057378684,-0.102484858,-0.053308703,0.035408385,0,,
v000478,0.3188235221,0.2020549523,-0.085333668,-0.206665201,0.0109802941,-0.00778268,-0.108822885,-0.188515973,0.0151861592,1,fac1,1
v000479,-0.000383705,0.0015881139,-0.084215345,-0.154478051,0.1726525353,-0.000749745,-0.122281456,0.2290865979,0.0985237413,0,,
v000480,-0.021156849,-0.002367508,0.1451289461,0.0758303272,0.34810406,0.1552016655,-0.080122056,-0.097777712,-0.294409718,1,fac5,1
v000482,0.2910865629,0.1020719609,0.0360951237,0.1692155266,-0.088940346,-0.002161624,0.0009010472,0.002463373,0.051697508,0,,
v000483,0.3060765596,0.1560139986,-0.033621193,0.2213816136,0.1242380238,0.0327461118,0.008853811,-0.123064527,-0.097718496,1,fac1,1
v000484,0.2224555955,0.209908104,-0.012512308,0.1028231737,0.0511140727,-0.030445738,0.064565717,-0.057749051,-0.008742214,0,,
v000485,-0.007129782,0.077628845,0.0577524828,-0.033991689,0.4190393877,-0.049872583,-0.019226256,0.0781914884,-0.033434861,1,fac5,1
v000486,0.2160491988,-0.110370144,0.0478379675,-0.042378824,0.3494985856,-0.148684035,-0.151292773,0.0852736163,-0.201920369,1,fac5,1
v000487,-0.03589896,0.5931079297,-0.035831918,-0.119533089,-0.03747443,0.4171003661,-0.077858525,-0.237661868,0.0403308643,1,fac2,1
v000488,0.0732599329,0.1097119539,0.037578967,0.0493980864,0.1635872404,-0.079668177,-0.127969752,0.0704689673,-0.003884248,0,,
v000489,0.1131227792,-0.026118804,-0.108069612,-0.057877775,0.3740666276,0.1512299856,0.2848814912,-0.068065005,-0.025047906,1,fac5,1
v000490,0.2624224258,0.0693242419,0.0558217633,-0.153841479,0.1305685065,-0.030146584,-0.171394026,-0.025491374,-0.180235867,0,,
v000491,0.1637887931,-0.074203482,-0.03131529,-0.030917457,0.3522567804,0.1634783544,0.1072966305,0.0767759784,-0.179137883,1,fac5,1
v000492,-0.355902241,0.0347951745,-0.320702566,0.1233553739,0.1982390971,0.1797474858,-0.20303075,-0.181131877,1.3984963801,1,fac9,1
v000493,-0.113897944,-0.000145713,0.0258449617,-0.114741672,0.0123524806,0.250301751,-0.208320957,0.0782447734,0.0671635287,0,,
v000494,0.138656151,0.1898741682,-0.042767491,-0.007434112,0.0899876021,-0.025731081,0.0101690635,0.1859013654,0.0171671539,0,,
v000495,0.1260937212,0.0309028864,0.2177737501,-0.178684237,0.1638306105,-0.017504973,-0.11745121,-0.050111613,0.0041572852,0,,
v000496,-0.111178946,-0.002903666,0.0251222381,0.0828987505,0.2301686154,0.0559084457,-0.053450412,0.394818091,-0.263072794,1,fac8,1
v000497,-0.091573219,-0.007948503,0.3418964396,-0.030532167,0.4968526814,-0.165652589,0.2233249275,0.2626244144,0.1889120086,1,fac5,1
v000498,0.0787450728,0.7605818282,0.0038290011,0.0434829191,-0.150009251,0.1534689712,0.064954917,0.049861011,0.1404646138,1,fac2,1
v000499,-0.185067917,0.6783396624,-0.100174037,-0.041801029,0.001690767,0.0993440973,-0.005121261,0.09913944,0.0349430588,1,fac2,1
v000500,-0.114528738,0.7587148058,-0.015267366,0.1626393235,-0.168822117,0.1005634652,0.0606848605,-0.006283774,0.0561345246,1,fac2,1
v000501,-0.109832337,-0.029655034,-0.004567005,-0.091153892,0.2679970038,0.2618676436,-0.214579169,0.0026127422,-0.138282631,0,,
v000502,-0.175769486,0.417854477,-0.129067685,0.053660951,-0.048657267,0.1796034669,0.121001228,0.5346751246,-0.006611242,1,fac8,1
v000503,0.0267567916,-0.027662293,0.4894897195,-0.247471169,0.6855722726,-0.239336759,0.4063061718,-0.256136492,0.314649067,1,fac5,1
v000504,-0.16100866,-0.165346006,0.2364258232,-0.149090175,0.2806570672,-0.182994362,-0.255420858,0.5136484589,-0.000366412,1,fac8,1
v000506,0.2133106559,-0.283440581,-0.229678367,-0.160142165,-0.122778849,0.6898507611,0.1113423758,-0.73150224,-0.213181249,1,fac8,-1
v000507,0.2687902797,0.3105124975,0.0627064203,0.2064821964,-0.122102431,-0.058366625,-0.013335619,-0.020429709,-0.144260494,1,fac2,1
v000508,-0.126529686,-0.043915295,0.0069731125,0.0313889909,0.2671982198,-0.032141061,0.1055316559,0.112912521,0.1667403423,0,,
v000509,0.044035598,-0.013678756,0.2301097819,0.4547896746,-0.179207408,-0.031147923,-0.137829668,-0.142466543,0.0831399173,1,fac4,1
v000510,0.0654986667,0.4941577205,-0.063975155,-0.031440446,0.0265677697,0.1845765879,0.0306298791,-0.021547733,0.0087986685,1,fac2,1
v000511,-0.257292845,0.0129179783,0.2306398473,-0.093625525,0.0755577597,-0.085890759,-0.190186913,0.1851384616,-0.021286179,0,,
v000512,-0.059009325,-0.052898845,0.0049885191,0.0310096947,0.1553986047,-0.017508659,-0.145637389,0.1308614801,-0.122330246,0,,
v000513,-0.03592123,0.1061560305,-0.061646889,0.182858223,0.0826136993,0.1141903353,0.0879198741,0.1963005086,-0.005336519,0,,
v000514,-0.052494219,-0.141917522,-0.057221206,0.3612765083,-0.115811592,-0.094389207,-0.440502993,0.0095148359,-0.097937778,1,fac7,-1
v000515,-0.041773853,-0.075058126,0.5338269661,-0.07191615,0.3342270261,-0.010500927,0.1066920287,-0.095105059,0.1126462566,1,fac3,1
v000516,-0.126383754,-0.045720614,0.3663869324,-0.130438038,0.5323471574,0.2541199881,0.2374880009,-0.095639439,0.0132912205,1,fac5,1
v000517,0.0472662518,-0.023432122,0.0006962276,0.1884056876,-0.293720925,-0.124726415,-0.47603111,-0.066888632,0.0991670157,1,fac7,-1
v000518,-0.103860859,-0.014874479,0.0174015201,0.1195675379,-0.219965653,0.137046082,-0.393751093,-0.114586826,0.1464551311,1,fac7,-1
v000519,0.1390692542,0.2603633792,-0.062030327,-0.148308618,0.1738779074,-0.059678469,-0.020595941,-0.003064163,0.0209854676,0,,
v000520,0.2425414156,-0.028829927,-0.010002081,0.0174293753,0.2915992106,-0.31882419,-0.123292129,-0.118926026,-0.095175222,1,fac6,-1
v000521,0.4931592967,-0.248499613,-0.183964772,-0.097246318,-0.01538001,0.268479601,-0.106383543,0.2085154352,-0.003844909,1,fac1,1
v000522,-0.370947764,-0.314435162,0.0816468604,-0.447197004,0.2008212709,0.3761966176,-0.230381149,-0.264358864,-0.043580697,1,fac4,-1
v000523,-0.043127965,-0.013422104,0.028269932,-0.102343013,-0.015228011,-0.024410275,-0.177114209,0.0398601497,-0.074892476,0,,
v000524,-0.01492109,-0.135218658,0.0142611984,-0.000214132,0.2400690822,-0.157832414,-0.263226463,-0.041764699,-0.194309936,0,,
v000525,-0.045752658,-0.113024248,0.219567832,0.0083021084,0.2076973273,-0.238512566,-0.192299633,0.2438466211,0.032423388,0,,
v000526,-0.086358921,-0.264659862,0.0215887188,-0.008351733,-0.794038564,-0.18746884,-0.159536804,-0.469774688,-0.041533864,1,fac5,-1
v000527,0.0605515453,0.0366992153,-0.105735533,0.0487898656,0.1120836291,0.0803243566,0.0269758607,0.0154260277,-0.160214484,0,,
v000528,0.0594915477,0.4288668744,0.2077645982,-0.136899217,-0.18100034,0.4062840424,0.0733807578,0.1057200649,-0.16416703,1,fac2,1
v000529,-0.136029362,-0.175654774,-0.003575845,0.634398136,-0.080617701,-0.187547498,-0.102678798,0.2222612203,0.1432235739,1,fac4,1
v000530,0.1838570708,0.385016067,-0.014138489,-0.072866794,-0.045944524,0.080121781,0.0667287048,-0.058344163,0.0598677363,1,fac2,1
v000531,-0.171967525,-0.197399896,0.6232541528,0.0305890995,-0.23403792,-0.003738661,-0.114158329,0.1646522212,-0.195729456,1,fac3,1
v000532,-0.01473618,-0.093248943,0.5859446064,-0.079946193,0.2464838039,0.1252370355,0.0820050793,-0.10236814,-0.056722971,1,fac3,1
v000533,-0.200004276,0.2630364413,-0.078165919,0.1326202552,0.0661152271,-0.099724557,0.106253483,0.218000563,-0.014781816,0,,
v000534,-0.016145381,-0.082247276,0.1176840779,-0.058961608,0.1023973596,0.0262816249,-0.186304301,-0.070036363,-0.159436849,0,,
v000535,0.0657372727,0.6541891706,-0.020731429,-0.028922605,0.0218282006,-0.132464199,-0.043438492,-0.03109593,0.0090397668,1,fac2,1
v000536,-0.046088444,-0.115691554,0.3839046715,-0.103260848,0.4112495718,0.11043573,0.2025779865,-0.115328299,-0.059170167,1,fac5,1
v000537,0.1357155493,-0.121163906,-0.167548141,-0.11239739,0.4428243459,-0.103096704,-0.0488491,0.1953088554,-0.18093716,1,fac5,1
v000538,0.3171805654,-0.021564229,-0.046862493,-0.264428058,0.4410431985,-0.180204056,-0.130482153,0.0774906139,-0.171846658,1,fac5,1
v000540,0.0956975879,-0.010260631,0.0031223039,0.164570885,0.1749296977,0.3205373385,-0.008644778,-0.087793186,-0.003945314,1,fac6,1
v000541,-0.416527768,-0.558704097,-0.1281523,-0.416061795,-0.313591692,-0.331180844,0.2805433079,-0.0402225,0.2407204384,1,fac2,-1
v000542,-0.015328511,-0.000647921,0.1130007279,0.0932737772,-0.00632153,-0.065593251,-0.089346666,0.010217277,0.0106332572,0,,
v000543,-0.050198562,0.0074096746,0.0761008381,0.0289613617,0.0417699751,0.0295010822,-0.204535672,0.2094474366,-0.032672467,0,,
v000544,0.1243596146,-0.075326307,0.0319856262,-0.299897263,0.090108067,-0.003485174,-0.241302956,0.0924453087,0.0289940827,0,,
v000545,-0.078985239,0.2402148263,-0.108745631,0.2274526283,0.2115701815,0.2489119774,-0.053607747,-0.110571226,0.0769464068,0,,
v000546,0.2646709214,0.1288619104,0.034041475,0.0658597855,-0.053663929,-0.009801715,0.0092549774,0.0808668706,-0.029979958,0,,
v000547,-0.213480366,-0.239868552,-0.146745539,0.3125761679,-0.140061726,-0.314432119,0.1293789208,-0.241610184,-0.145326053,1,fac6,-1
v000548,0.6028572934,-0.274819747,-0.199143825,-0.041241064,0.2178326314,0.2610174929,-0.040191063,-0.033165141,0.0213727504,1,fac1,1
v000549,0.0278355266,0.0669437188,-0.090340064,0.1412698053,0.0887206646,-0.022100585,-0.109457893,0.1736045419,-0.031179016,0,,
v000550,0.1793870661,0.3048654225,-0.087312606,-0.090482483,-0.115130678,0.7128037816,0.2304254178,0.3011041801,-0.057013471,1,fac6,1
v000551,0.0009377939,0.101521952,0.0028556249,0.0187288811,-0.01247325,0.0224432972,-0.115197513,0.0458312916,0.0070027017,0,,
v000552,0.3854913914,0.2213502486,0.0706034977,-0.048818986,-0.035003435,-0.043886688,-0.084268977,-0.180189255,-0.200818452,1,fac1,1
v000553,0.1545205935,-0.041317576,-0.044468645,-0.025139145,0.1776276864,-0.052153357,-0.031658391,-0.029892916,-0.085265118,0,,
v000554,0.0422099438,0.1052644332,-0.03781034,-0.129558004,0.094687003,-0.030260687,-0.193341012,0.0107368859,0.019364625,0,,
v000555,-0.168779883,0.4977953641,-0.10893979,0.2030619473,-0.117886828,0.0685257503,-0.098890702,-0.092855293,0.0721520948,1,fac2,1
v000556,0.4229479209,-0.343723886,0.00130166,0.0350551001,-0.118131142,0.4302924884,-0.133076654,-0.045327115,-0.117042794,1,fac6,1
v000557,0.1362258899,0.1224693304,-0.045120448,0.0549908368,0.0491807238,0.0310738994,0.0592444127,-0.078770151,0.0252685377,0,,
v000558,0.0885623859,0.0673633042,0.0846620169,-0.063083746,0.3506700844,0.0018218699,0.1806572712,0.0801360766,0.0297896273,1,fac5,1
v000559,0.2172496239,-0.041797251,-0.177762744,0.0942400211,0.4070369355,0.1391164398,0.0954666644,0.0092238872,0.0648694538,1,fac5,1
v000560,0.2186073533,0.0768528022,-0.073356769,0.6802037454,-0.290652524,-0.02750222,0.0686986797,-0.065564098,0.0475788607,1,fac4,1
v000561,0.5350928659,0.1134341644,-0.122578963,0.0203349602,-0.062344357,-0.096604462,-0.206741609,-0.339156178,-0.078901588,1,fac1,1
v000562,0.4850675562,-0.085131259,-0.058368826,-0.077721579,0.0570872366,-0.04336075,-0.053391802,-0.283948211,-0.00287509,1,fac1,1
v000563,0.408814163,-0.08458424,-0.076222085,0.0066849816,0.1421632415,0.1518538532,0.052057177,-0.156842433,0.0138724416,1,fac1,1
v000564,0.0417278283,-0.13714393,0.1155860526,0.1236984207,0.4153404923,0.1773019507,-0.026125381,-0.203322011,-0.486737189,1,fac9,-1
v000565,-0.043626168,-0.050085163,-0.028430645,0.1958272837,-0.053760308,-0.042764886,0.066711225,0.1373396701,0.0029655954,0,,
v000566,-0.111749881,0.0741800717,-0.079566743,0.2345686604,0.0243045235,-0.102071029,0.1338232905,0.2546027579,0.0407354247,0,,
v000567,0.0062477667,-0.035100526,0.1613662637,0.0120298899,0.4331827187,-0.094092665,0.2152416675,0.2706965253,-0.076306394,1,fac5,1
v000568,-0.144089879,0.0350026037,0.1601255005,-0.005294297,0.3065639986,-0.14509374,0.6570968626,0.2495500989,-0.229618689,1,fac7,1
v000569,-0.096570704,0.1240667975,0.1146289486,0.0207535834,-0.030463348,-0.127776524,-0.440822456,0.3129297328,-0.057440285,1,fac7,-1
v000570,0.1494827447,0.3347425372,0.0555859671,-0.024257094,-0.270101117,0.4990253053,0.1474884482,0.0431060552,-0.073029827,1,fac6,1
v000571,0.1542890593,0.0699655418,-0.048951267,-0.062908451,0.4425332892,0.0850633578,-0.099537692,-0.11800436,-0.096150766,1,fac5,1
v000572,-0.093049956,0.2748282042,-0.110007401,0.3436604234,-0.11887431,0.1157827242,-0.091124292,0.1326974244,-0.297296686,1,fac4,1
v000573,0.1583507678,0.1291924994,-0.07419464,-0.058495784,0.1376208507,-0.079179018,0.0911353981,0.3233857043,-0.08607834,1,fac8,1
v000574,0.2898305494,0.3127900343,0.0087122878,0.1551517347,-0.262993397,-0.042112586,0.0027147464,-0.11486983,0.0996145099,1,fac2,1
v000575,0.4882883489,-0.026385077,0.114704768,0.1115811584,0.1669369718,0.1636407195,0.250785898,-0.446501307,-0.083932252,1,fac1,1
v000576,-0.102831814,0.7080526816,-0.015666315,0.05514408,0.0479005675,0.2051454479,0.0659951537,-0.117990439,-0.093898322,1,fac2,1
v000577,0.3602842351,0.116246609,-0.082114115,0.0647785377,-0.117373843,0.0674297192,0.0998491034,-0.167797041,0.0530899258,1,fac1,1
v000578,0.3087666008,0.1535887053,-0.096330245,0.0104701254,0.0416711014,0.0320973957,0.1136667707,0.0121995474,0.1954844721,1,fac1,1
v000579,0.1753481867,-0.462162733,-0.285413768,-0.213166254,-0.398904857,-0.12089313,0.0778365444,0.1165927682,0.1738450399,1,fac2,-1
v000580,0.0760065018,0.6716618093,-0.082208054,-0.158631877,-0.075895371,0.1129360588,0.0555435831,-0.037364136,0.0685705771,1,fac2,1
v000581,0.1720826094,-0.017100788,-0.065909411,-0.005803644,0.0558000232,-0.045513855,-0.38136019,-0.085830497,0.0334120619,1,fac7,-1
v000582,0.1080635944,0.1236502135,0.0696495,-0.08154876,0.0197457934,0.2140708381,-0.019681074,-0.048306231,0.0431141441,0,,
v000583,0.0383000244,0.115681533,-0.057198906,-0.085474839,0.0318837034,-0.026076879,-0.09167696,0.1822509769,-0.059871821,0,,
v000584,0.1401015628,-0.027986178,0.007248172,0.1804451149,-0.063129175,0.0040829952,0.0122987564,0.007615082,-0.030772385,0,,
v000585,0.0410460947,0.0727259577,0.0927834322,-0.030186663,-0.144549365,0.0764191542,-0.248331021,-0.10058245,-0.00421797,0,,
v000586,0.4189874156,0.3476272776,-0.217823192,-0.061708689,-0.153055589,-0.008112081,0.0085418117,0.0076568955,0.0142621137,1,fac1,1
v000587,0.2897525021,0.0984870676,0.0332020771,0.1409356998,-0.148086559,0.0731154647,0.0531205746,-0.052465101,0.0591011929,0,,
v000588,-0.139340432,-0.011046096,0.0146232728,-0.091649277,0.1020509457,-0.119522044,-0.350299254,-0.003209295,0.0521955852,1,fac7,-1
v000589,-0.132200376,-0.093853655,-0.034152418,0.012120745,-0.126308684,0.0314735182,-0.520933815,0.0478014982,-0.008811815,1,fac7,-1
v000590,-0.08140612,0.0013377726,0.0395876817,-0.026451426,0.0732624136,-0.013720595,0.0630868963,0.2881034344,-0.022753157,0,,
v000591,-0.130216404,0.0700838265,0.0384719315,0.0797079362,0.2322839658,0.0486477111,-0.103034703,0.2104864088,-0.299239759,0,,
v000592,-0.081604348,0.4633341299,0.0033082377,0.0411958686,-0.026289547,0.7828682068,0.0715125874,-0.190784863,0.2760430647,1,fac6,1
v000593,0.2563572252,0.7086888286,-0.15665175,-0.066004594,-0.254215988,0.12973235,0.0988085886,-0.083687536,0.087698466,1,fac2,1
v000594,0.2552045078,0.0922993912,-0.029833758,0.0179380409,-0.009884177,-0.046453292,-0.013874308,-0.02918476,-0.065144662,0,,
v000595,-0.03709443,0.0404950689,0.0390421672,0.0496746117,0.3231519852,0.1510242125,-0.059649082,-0.004854474,-0.392894463,1,fac9,-1
v000596,0.0219119948,-0.014806126,-0.064794327,0.6160442309,-0.139763728,-0.113135093,0.1041177501,0.0803075521,0.0808646913,1,fac4,1
v000597,0.0570850503,0.149509213,0.2684605211,0.5873309883,-0.226880435,-0.00341998,0.0988143293,0.0361108939,0.1463040129,1,fac4,1
v000598,0.3310303562,0.1996550526,-0.027258304,0.0571937567,0.1238911742,-0.050229634,-0.10707321,-0.232495618,-0.036718355,1,fac1,1
v000599,0.0698154076,-0.16819586,-0.054278042,-0.09660656,0.3909517144,0.3899075037,-0.012396647,-0.037512724,-0.03495338,1,fac5,1
v000600,-0.869897469,-0.48536541,-0.246348247,-0.566855732,-0.640105992,0.2020429338,0.1242080499,-0.359975909,0.1315688677,1,fac1,-1
v000601,0.1071992485,-0.013646377,0.0805672,-0.001921961,0.2401573159,0.0066621633,-0.136038436,-0.073780894,-0.351649088,1,fac9,-1
v000602,-0.863770755,-0.691512759,-0.554915808,-0.347987238,-0.72128882,-0.30068491,0.3938288164,-0.079640088,0.3409274695,1,fac1,-1
v000603,0.0948678504,-0.049829263,0.054698939,0.0809090197,0.1314191522,-0.117034595,0.0267521876,0.022454987,-0.07222915,0,,
v000604,0.049615178,-0.025882659,-0.053377411,0.0780337048,-0.475905394,-0.160861508,-0.025015919,0.0643360144,0.2916361902,1,fac5,-1
v000605,0.0549397871,0.0632847325,-0.037331572,0.2339025392,-0.206297967,0.046757663,-0.062325386,0.2766480943,-0.099101501,0,,
v000607,-0.133685516,0.0559893191,0.0134975552,-0.305874507,-0.102287679,0.173992793,-0.333235484,0.1573939316,-0.210619832,1,fac7,-1
v000608,-0.272058359,-0.181751224,-0.049323864,-0.037390901,-0.035175788,-0.182028852,-0.279854684,0.7422309124,-0.192475253,1,fac8,1
v000609,-0.385138546,-0.062821534,-0.080631289,0.0649282572,0.1237034399,0.001378697,-0.317385445,0.739499628,-0.094382526,1,fac8,1
v000610,0.013181505,-0.035364102,-0.055332323,-0.09525559,0.5148362581,-0.022650814,0.3667812929,0.1892682814,0.1417061393,1,fac5,1
v000611,0.2981268245,0.0879645757,-0.226370025,-0.099857018,0.2595700443,-0.13012072,-0.005260242,0.0700650646,0.2434358635,0,,
v000612,0.0810015088,-0.184632115,0.2378310277,0.4085430452,-0.277434365,-0.16025288,-0.262565756,-0.035312296,-0.123058967,1,fac4,1
v000614,-0.175589867,0.0087818014,-0.11233002,0.3076623564,0.2923907623,0.0568087284,0.2255309315,-0.022812837,-0.372853429,1,fac9,-1
v000615,0.4654367376,0.2169159324,-0.137287749,0.0745131309,-0.073606746,-0.104437789,0.0385188086,-0.174839024,-0.02055012,1,fac1,1
v000616,-0.272798868,0.4269825239,-0.164103938,0.0681944631,0.276055274,0.0748547517,0.082165245,0.060302225,-0.134051109,1,fac2,1
v000618,0.0809151531,0.1563527348,-0.10565239,0.1522177156,0.2275473336,-0.109635786,-0.003799707,-0.015627271,0.0197308167,0,,
v000619,0.1710510016,0.0300140334,0.042785452,0.0402401619,0.0761222696,0.5777509436,0.0285715814,0.0640899671,-0.011498886,1,fac6,1
v000620,0.3528907913,0.1479972964,-0.047175122,0.1012025167,-0.030539045,-0.010109055,0.1099331767,0.0205994961,0.0122449969,1,fac1,1
v000621,0.076821225,-0.007472451,0.0376057703,0.2177975405,0.009680646,-0.068642751,0.0423855893,-0.022291125,0.0024447566,0,,
v000622,0.0374643439,0.1195735827,0.3753873111,-0.156831591,-0.068709977,0.0262975857,-0.163646998,-0.04324375,-0.039349995,1,fac3,1
v000623,0.1157038073,-0.009387972,0.0658260827,-0.047228738,0.1557857376,-0.094525981,-0.127257674,0.0049949032,-0.149124451,0,,
v000624,-0.088769053,0.4173082706,-0.031587665,0.1054055731,0.0751274212,0.285035813,0.0491528106,0.1891850535,-0.05435196,1,fac2,1
v000625,0.0067048724,-0.136305088,0.2304634782,-0.180114894,0.650449903,-0.183969451,0.3746503867,-0.095102949,0.0496003964,1,fac5,1
v000626,-0.040069659,0.1341844205,0.1899409459,-0.368584172,0.0061904086,-0.210299331,-0.365612146,0.1954954793,0.0597150714,1,fac4,-1
v000627,0.0670626706,0.0180121578,-0.017062492,-0.064202472,0.1458554965,-0.032831008,0.0380671067,0.0438755285,0.0563177312,0,,
v000628,0.3732048455,0.2506144526,-0.126502846,-0.026645363,0.0115025634,0.0309619742,0.1081379784,-0.10374855,0.0205719625,1,fac1,1
v000629,0.2590308302,0.3055209276,-0.006120304,-0.099981009,-0.010980191,-0.038244662,-0.16017555,-0.114230636,0.131015611,1,fac2,1
v000630,0.1702572,-0.016766853,0.1912815821,-0.010407106,0.1407829199,0.0026049138,0.218917218,0.1891086443,-0.040973515,0,,
v000631,-0.125827604,0.0576410221,0.0466184402,0.2012973539,0.1476367954,-0.007237761,-0.078698673,0.1826585557,-0.041730381,0,,
v000632,-0.363270075,0.2081774088,0.0648056557,-0.007938654,0.0439561344,-0.081251527,-0.233334428,0.1878802068,-0.074788269,1,fac1,-1
v000633,-0.050646355,0.0233145792,-0.318746901,0.3852571213,-0.05460083,0.0166836234,-0.137033614,0.3555423738,-0.002887169,1,fac4,1
v000634,0.190572869,0.0659109307,0.2142178756,-0.036803917,0.1539600438,0.0103281154,0.1366959567,-0.167615635,0.0069045738,0,,
v000635,-0.079738518,0.0143414036,0.3326264613,-0.15200464,-0.031550631,0.0737359439,-0.296160402,0.2023007268,0.0558250807,1,fac3,1
v000636,-0.209289006,-0.2114279,0.37129053,-0.137526243,-0.135453773,0.1384602047,-0.472448064,0.374274128,0.0447476289,1,fac7,-1
v000637,-0.309972354,-0.384750508,0.0439848052,-0.140747703,0.0089434391,0.3139317441,-0.362829069,0.0953232954,0.0630100214,1,fac2,-1
v000638,-0.105341629,0.0709233805,-0.078431115,0.3900260094,0.0250949369,-0.103833059,-0.105257415,0.2308830624,-0.108016442,1,fac4,1
v000639,0.0242914748,-0.00415636,0.0761846488,0.4089382337,0.1241153008,-0.055403245,0.0835526294,0.1268549111,0.0200429143,1,fac4,1
v000640,-0.264209833,0.0158749919,-0.158939331,0.4035113833,0.1079281733,0.0790314231,-0.01669771,0.2502164881,-0.288684904,1,fac4,1
v000641,-0.342804919,-0.091991991,-0.080146431,0.4960169809,0.1851337906,0.0416668105,-0.016167871,-0.056066466,-0.596781139,1,fac9,-1
v000642,-0.174117051,0.8709638496,-0.254225736,-0.268808333,0.1856083001,-0.250571989,-0.102636715,-0.141137973,-0.215569448,1,fac2,1
v000643,-0.06347208,-0.106450385,0.1521891705,-0.094428107,0.2262495496,0.0744995945,-0.393172232,0.1713112727,-0.015779585,1,fac7,-1
v000644,-0.03462679,0.0437680568,-0.175199754,-0.11650394,0.4337848415,-0.20285994,0.1436029617,0.0481076601,0.0816718634,1,fac5,1
v000645,0.4554787637,-0.186891613,-0.062396602,-0.154215479,-0.339741435,0.5056363999,0.2706902134,0.2014714141,-0.016542014,1,fac6,1
v000646,0.3729726034,0.1261156622,-0.042055098,-0.210230892,0.0084083194,0.0607513883,-0.3067121,-0.305530905,0.1457303238,1,fac1,1
v000647,0.0781669945,-0.132282186,0.1117368047,0.0299824357,-0.073693625,-0.065331628,-0.436552209,-0.005200271,0.0809946697,1,fac7,-1
v000648,-0.042791935,-0.019001154,0.0801614165,0.0513310941,0.2794982253,0.2489693163,-0.073813042,0.1337763036,-0.099431769,0,,
v000649,0.072794962,0.0514508536,-0.032195188,0.1029355834,0.1372016646,-0.061909971,0.1221586039,0.3360578558,0.0274039478,1,fac8,1
v000650,-0.016420296,0.2099415218,0.0415301165,-0.32286816,-0.112444083,0.5770231728,-0.27805386,-0.247100733,-0.149913113,1,fac6,1
v000651,-0.20941679,-0.143057224,0.1533122085,0.4498376867,-0.178623181,0.1648967308,-0.223815198,-0.085896836,0.0919086866,1,fac4,1
v000652,0.2152334683,0.0801546712,0.2708353601,-0.128419159,-0.036967613,0.1619874732,0.0399844115,-0.094255704,-0.259111398,0,,
v000653,0.1054677789,0.075796638,-0.006873103,0.0025440003,0.0260151733,-0.024452453,-0.040325734,0.0191215316,-0.043327567,0,,
v000654,0.5532070839,0.0165129651,-0.045361835,-0.053854198,0.0867114892,-0.146255311,-0.100436704,-0.186742867,0.053091773,1,fac1,1
v000655,0.1671173097,0.1326903121,0.209941129,-0.127646848,0.3086150219,-0.026158645,-0.079784676,-0.06522384,-0.18961984,1,fac5,1
v000656,0.2700267452,-0.060498818,-0.008179955,0.2935086731,-0.04898176,-0.0516551,0.0703182603,0.1944863303,0.1807141146,0,,
v000657,-0.116622284,0.0067558753,0.2957762442,-0.050694011,0.1891326002,0.0541185688,-0.119187433,0.2049138924,0.0615025526,0,,
v000658,0.0548759154,0.3570330312,-0.375393389,0.1390426957,0.1782709424,-0.120261027,0.0754481745,0.0832944317,-0.093355935,1,fac3,-1
v000659,-0.301834648,0.0387492176,-0.29393623,0.1288783157,0.1965506444,0.0842194481,-0.199450089,-0.196584393,1.4157544288,1,fac9,1
v000660,0.0550731108,-0.112091283,0.1702908754,0.4309104475,0.1497721075,-0.067224036,0.2458095971,0.0581575868,0.0376985804,1,fac4,1
v000661,-0.013970603,-0.050707114,0.102484277,0.5439748495,0.1721200811,-0.04939322,-0.043131987,-0.10922724,-0.128971979,1,fac4,1
v000662,-0.019330277,0.045077849,-0.024091212,-0.076433901,0.438125149,-0.081994763,-0.159093406,0.1972906983,0.072294598,1,fac5,1
v000663,-0.011465847,-0.090005151,0.2116772101,-0.103577723,0.5556843022,-0.067241145,-0.024657532,0.0898696345,-0.082170791,1,fac5,1
v000664,0.0518656354,-0.01677956,0.05572564,-0.059750696,0.215543027,-0.108459565,-0.176630214,0.0526241649,-0.064639849,0,,
v000666,0.1101719859,0.0092552496,-0.183025648,0.6501115914,-0.124268291,-0.150859136,-0.062540209,-0.111394765,-0.06777505,1,fac4,1
v000667,-0.333953949,-0.211387475,0.7078894424,-0.089218714,0.1959832921,-0.058145798,0.3259072371,-0.402318272,0.2802152767,1,fac3,1
v000668,-0.017275335,0.0555040494,0.0515578091,0.0479691226,-0.076183501,0.0162634097,-0.198115945,-0.041023527,0.008555687,0,,
v000669,0.3832627076,-0.090282968,-0.146609382,-0.158045836,-0.322026368,0.4403871348,0.116135355,0.5361240209,-0.077447877,1,fac8,1
v000670,0.0099390754,-0.001347454,-0.071820396,0.314858583,-0.009229944,0.0270249456,0.0645063725,0.0586409721,-0.169239167,1,fac4,1
v000671,0.1449893151,0.0422390256,0.0538427196,0.1811229029,-0.000787329,0.0508359029,-0.127152543,0.213276275,0.0148335704,0,,
v000672,-0.055680033,-0.035749584,0.0649654422,-0.093271136,0.6309304374,-0.002276394,0.1621921489,0.1952029451,0.0299188718,1,fac5,1
v000673,-0.027460965,-0.04639998,0.0354289551,0.0008711494,0.2493072518,0.0982715866,-0.083186416,-0.132997796,-0.26437987,0,,
v000674,-0.075613997,0.0211640296,0.3969541145,-0.140006294,-0.119815452,-0.007019706,-0.240384468,0.0258112028,-0.063769503,1,fac3,1
v000675,-0.017315064,-0.004925888,0.2532536584,0.0583027399,0.1516800076,0.0021128861,0.255707305,0.2565993682,-0.091925008,0,,
v000676,0.5906649439,-0.017095449,-0.148316811,-0.21231526,0.0816919936,-0.408851198,-0.268567903,0.0277607223,0.2618402775,1,fac1,1
v000677,0.1378212741,-0.119812282,-0.219577539,-0.44678566,0.1573534978,0.1656582865,-0.114554486,0.3778065866,-0.025596664,1,fac4,-1
v000678,-0.136714148,-0.009257966,-0.107994911,0.1406840219,0.1711338449,0.059486255,-0.106421544,0.4396517133,0.222784924,1,fac8,1
v000679,0.3375580002,0.0547357155,-0.166438093,0.2795264752,0.0098802689,-0.076674495,0.0106614399,-0.005019956,-0.010654639,1,fac1,1
v000680,0.326992246,-0.081197433,-0.19491936,0.0589821808,0.2167803391,0.0444776153,0.1083955359,-0.012608208,-0.111204886,1,fac1,1
v000681,0.1217184905,-0.125024199,0.1168754933,0.5070889436,-0.195448965,-0.087468324,0.1402956654,0.1753323056,0.0131285941,1,fac4,1
v000682,-0.208792434,-0.212528019,0.8924903644,-0.118310027,0.0124654396,-0.347965895,0.5778411902,-0.603138793,0.0801570811,1,fac3,1
v000683,0.1901003793,0.2614800267,0.3984678252,0.1461406214,-0.564717547,0.2282170071,0.2340043107,-0.354015203,0.3288898172,1,fac5,-1
v000684,0.3950192387,-0.061721077,-0.054763831,0.0552530374,0.1388142408,-0.116376039,-0.104508392,-0.074769468,0.1320733763,1,fac1,1
v000685,-0.258252371,0.0202789278,0.0308342204,0.3520663366,-0.058965393,-0.038837718,0.1649311028,0.3235885113,-0.023535202,1,fac4,1
v000686,-0.269620218,0.0404147981,-0.166924162,0.589189879,-0.011231028,-0.157699994,-0.20916286,0.2560312406,0.0187740013,1,fac4,1
v000687,-0.19492506,0.0401114338,-0.025940054,0.1703295839,0.0218534226,-0.008514876,-0.127461001,0.4667204926,-0.005090766,1,fac8,1
v000688,0.0553913827,0.0161353674,-0.070517496,0.2424534957,0.0314072223,0.1339450069,0.0859099989,0.1107090506,-0.020228283,0,,
v000689,0.190631474,0.0866785539,0.0303204715,-0.025877274,0.2293318386,0.0602978734,0.1152224654,-0.047152572,-0.010517062,0,,
v000690,0.3018468405,-0.174109038,0.0539629298,-0.313267443,0.755134378,-0.186021082,0.1284239146,0.0342729859,0.2665766455,1,fac5,1
v000691,0.0102608141,0.0187900001,-0.012529575,-0.045011371,0.1704130659,0.0212723298,-0.114806042,0.3138919335,0.0307602381,1,fac8,1
v000692,-0.086779159,0.0950101653,-0.246913441,0.3760957091,-0.025674386,-0.080511149,0.1299733604,0.1251346555,0.0148195116,1,fac4,1
v000693,0.0658161569,-0.039439446,0.0425414902,0.0519012586,0.3781507647,0.0578960892,0.1360784158,-0.017531178,-0.093276987,1,fac5,1
v000694,-0.009305898,-0.02243013,0.2261572944,0.3297730025,-0.053128013,0.0285642372,-0.161245876,-0.220421721,0.0822781096,1,fac4,1
v000695,0.113775727,-0.069246877,-0.025030177,0.6708444921,-0.228935679,-0.112075933,-0.054919816,-0.129556659,0.0640098587,1,fac4,1
v000696,0.3690979722,-0.239652301,-0.107807755,-0.287134703,0.4211808193,-0.086904265,-0.080049846,0.2115314075,-0.122978666,1,fac5,1
v000697,-0.03548983,-0.129985389,0.545470081,-0.047346257,0.4758830355,0.0255712807,0.1818538822,-0.001245391,0.1259093646,1,fac3,1
v000698,0.0522040008,0.6988593069,-0.135256592,0.0147669526,-0.095730352,0.0927551846,-0.108549926,-0.216963922,0.1892591177,1,fac2,1
v000699,-0.510882637,0.1697239242,0.10554466,0.039084063,-0.081280424,-0.019753547,-0.378007565,0.2016394104,-0.147663551,1,fac1,-1
v000700,0.0026219143,-0.034070386,-0.100432753,0.6407091714,-0.067173182,-0.018742239,0.1706887385,0.0570836135,-0.149047892,1,fac4,1
v000701,-0.049005149,-0.079642253,-0.0252287,0.501224781,0.1037802345,-0.013678244,0.1685738719,0.1579572722,-0.04745115,1,fac4,1
v000702,-0.06035407,0.0571086976,0.2457193851,-0.111706312,0.3543124246,-0.122814853,-0.194848839,0.068180316,0.0517280454,1,fac5,1
v000703,-0.224371993,-0.101669328,0.5152422175,-0.030214229,-0.115219993,0.0092390606,-0.090592082,0.1716559809,0.0176043384,1,fac3,1
v000704,-0.116706162,-0.07875753,0.5347450505,-0.021828044,-0.100606176,0.0225956642,-0.216063838,0.1862315857,0.0426969395,1,fac3,1
v000705,0.57875923,0.0422023278,0.1469584699,0.0229011765,-0.123995635,0.0534733406,0.1961204003,0.1804891647,-0.164301991,1,fac1,1
v000706,0.2043918598,-0.175254034,-0.035079653,-0.192456128,0.7616829796,-0.073041606,0.3200658819,0.105985573,0.2089106417,1,fac5,1
v000707,-0.372960803,0.5215919777,-0.075493011,-0.247681008,0.3131476851,0.3665681014,-0.143957192,0.0146388511,0.0699178546,1,fac2,1
v000708,-0.199297562,0.6277953099,-0.090240934,-0.004212236,0.0167857343,0.0957099117,-0.019812421,0.1761478866,0.009737259,1,fac2,1
v000709,0.5960397048,0.0264468191,0.1818379337,0.0628415015,-0.22825642,0.1186352135,0.2730483765,0.314963227,-0.105513712,1,fac1,1
v000710,-0.191851064,0.1484225594,-0.236324244,0.1156729332,0.2128613822,0.1063663829,-0.10914069,-0.142319923,1.1935020817,1,fac9,1
v000711,0.3498297079,0.0213658313,-0.018494116,-0.031361873,0.0199440369,0.0091934742,-0.070954404,0.2259521695,-0.00986534,1,fac1,1
v000712,-0.058076986,0.1211959615,0.2357239796,0.0366535016,0.0653342742,0.0012918203,-0.131808804,0.0088453843,-0.42496759,1,fac9,-1
v000713,0.0018381039,0.1558108241,0.0498579748,0.0386070967,0.0933120312,0.0426893035,-0.004708166,-0.039656151,0.0481599022,0,,
v000714,-0.001323163,-0.202810806,0.2094047278,-0.209652911,0.5902186439,-0.094758184,-0.032777351,0.3282457278,0.1300441014,1,fac5,1
v000715,-0.097047116,0.0232605277,0.2901023486,0.0262423915,-0.051190673,0.0078065515,-0.242318714,0.2230369824,0.0671493492,0,,
v000716,0.3581565459,-0.139243817,0.0951623992,0.349863735,-0.142500125,0.1139477302,0.0918189903,0.1573670748,0.0027074162,1,fac1,1
v000717,0.2227276449,0.0140297769,-0.093922454,-0.163141371,0.1309013596,-0.066937752,0.0523351123,0.1139343498,-0.158722994,0,,
v000718,-0.041811897,-0.111230669,0.011169481,0.0056498287,0.0077772305,-0.004464703,-0.194048592,0.1755039621,-0.038171683,0,,
v000719,0.1143688791,-0.038622926,0.1742145636,-0.057609842,0.001617206,0.0559250505,0.0197534966,0.1139119391,-0.05951559,0,,
v000720,0.0622569284,-0.058274941,0.0125165482,0.0165644663,0.228638228,-0.109827051,-0.056252647,-0.009236375,-0.321629202,1,fac9,-1
v000721,-0.061298964,0.0920806649,-0.015199982,0.2737911694,0.2823707426,-0.043554041,0.1337983491,0.1845809803,0.0593295546,0,,
v000722,0.0187910215,-0.011596678,0.2586654102,-0.010738205,0.3343908406,-0.081842274,-0.002892915,0.1116791714,-0.100917295,1,fac5,1
v000723,0.0926819949,0.5627355629,-0.00930614,0.0960393197,-0.067352121,0.2767893451,0.1749403055,0.084956452,0.0908428559,1,fac2,1
v000724,0.0140483751,-0.096421764,-0.141818953,0.4752323045,0.1088691805,-0.092772846,-0.124156043,0.0492183417,-0.271139319,1,fac4,1
v000725,-0.150098358,-0.139132732,-0.316336525,0.5628960887,0.0859260334,-0.339342033,-0.074850743,0.2711010321,-0.649767098,1,fac9,-1
v000726,-0.61329828,-0.293189489,-0.162885998,-0.089113008,-0.369590227,-0.407803877,0.6598893387,0.0938400612,0.1639884272,1,fac7,1
v000727,-0.032637132,0.0613276128,-0.059537478,0.0562788859,0.3941646193,0.0320778027,0.0973875094,0.0644212563,-0.051378944,1,fac5,1
v000728,-0.125696108,0.0156127546,-0.077212908,0.07253711,0.3105433793,0.0369153423,0.0582956854,0.18619242,-0.189447389,1,fac5,1
v000729,-0.091244814,0.0036547336,0.0780232567,0.0080217398,0.258671327,0.0918653686,0.1179060576,0.5364933789,-0.212963017,1,fac8,1
v000730,-0.023988564,-0.061888474,-0.217201532,0.7222425637,0.1166203331,-0.015340706,0.0908646886,0.0366534438,-0.143487431,1,fac4,1
v000731,0.2296917072,0.0307221974,-0.151656998,0.0674453559,-0.139882447,-0.004133794,-0.276277525,-0.077333112,0.0179123275,0,,
v000732,-0.517911423,-0.285892445,-0.142554838,0.8558984425,0.0552895886,-0.036983871,0.0938197051,-0.156927883,-0.164550362,1,fac4,1
v000733,-0.574248386,-0.527615844,-0.450846187,0.7142982271,0.0698900261,-0.114901103,0.4753007653,-0.026226414,-0.143598094,1,fac4,1
v000734,0.4458194772,0.1057363672,0.0187007105,0.057155838,0.0582962872,-0.094936895,0.0619028938,0.0558277076,-0.029468128,1,fac1,1
v000735,0.4041486746,-0.002976682,-0.066402681,0.0399482722,0.1024334506,-0.08953763,0.0793959103,-0.133528938,-0.065953277,1,fac1,1
v000736,-0.016092123,-0.145724627,0.1028170761,0.2775199483,0.1517688694,0.0533537707,-0.000833719,0.2063850096,0.0179934497,0,,
v000737,-0.051102263,0.3481097154,-0.183113106,0.0849600146,0.0593279521,0.0257211406,0.1531954833,0.1166628314,-0.043695424,1,fac2,1
v000738,0.0030105332,0.4400882064,-0.141386066,0.1239352045,0.0843596395,0.0284405721,0.1265366973,0.1772302487,0.0012366256,1,fac2,1
v000739,0.4117214749,0.1982328832,-0.059961975,0.1423840041,0.021021169,-0.242951728,-0.063740062,0.0026183281,0.1003402949,1,fac1,1
v000740,0.0155560369,-0.083555123,0.0197940774,0.3294861621,0.1791590011,0.0408675241,0.1721720555,0.0454349188,-0.075197263,1,fac4,1
v000741,0.0370344292,-0.113841742,0.0217652158,0.4688315981,-0.202433707,-0.02501742,-0.050419933,-0.100423861,0.1187928717,1,fac4,1
v000742,0.3328918881,0.0292294826,0.0315743574,0.020865813,0.1935401876,-0.027479561,0.0729233674,-0.009057016,-0.027118672,1,fac1,1
v000743,0.1535666051,0.1702264744,-0.106571257,0.1895599871,0.1343134738,-0.094360277,-0.118236133,-0.13252698,-0.077570267,0,,
v000744,0.0244917501,0.0781636888,-0.058999907,0.0096434623,0.2526952167,0.1622575569,0.16440344,0.0610863011,0.0602590659,0,,
v000745,0.0255844237,-0.013610682,-0.070974515,0.4397086006,0.1639647465,-0.12790857,-0.095731851,-0.132555544,-0.270689494,1,fac4,1
v000746,0.0437052442,-0.216722331,-0.162857558,0.5363391428,0.3293692654,-0.10339759,0.1087721551,-0.153785692,-0.433950322,1,fac4,1
v000747,0.1556904983,0.1207176471,-0.109481748,0.3178493046,0.1075240185,0.1025097936,-0.050429471,-0.049492773,-0.031459672,1,fac4,1
v000748,0.3856376827,-0.045552033,0.0182099018,0.2445839135,-0.046970466,0.1397587005,-0.024273644,0.0772339047,-0.103782969,1,fac1,1
v000749,0.4042119557,-0.098967192,-0.037086027,0.0076916823,0.0463286591,0.0607944385,-0.053760355,0.1070472249,-0.349829294,1,fac1,1
v000750,0.0308824997,-0.241683809,0.1388261897,-0.236986696,-0.124526567,0.0706586952,0.0059338152,0.3498230717,0.0970683849,1,fac8,1
v000751,-0.243421752,0.0582465983,0.1173646885,0.0982279614,0.0979748039,0.0297060011,-0.0995685,0.4569028399,-0.082881706,1,fac8,1
v000752,0.0315599279,-0.127911206,0.1163272654,0.1101526835,0.4375943825,0.157564665,-0.034054188,-0.174103953,-0.479774697,1,fac9,-1
v000753,-0.887657458,-0.711986564,-0.312799158,-0.160607115,-0.667370396,-0.268843098,0.4684241197,-0.120668373,0.2526617025,1,fac1,-1
v000754,0.2517925894,0.1042775928,-0.046767717,0.0507029747,-0.14555745,-0.012311001,-0.235081535,-0.118146936,0.0440196104,0,,
v000755,0.4061219249,0.1744001887,-0.160010379,0.1158606759,-0.117903189,0.0099351782,-0.126284333,-0.405823639,-0.102474722,1,fac1,1
v000756,-0.240375779,-0.102581467,-0.215190053,0.625678161,0.2079523139,-0.183878821,0.0721381278,-0.069473778,-0.557330526,1,fac4,1
v000757,0.0083370929,0.2579485366,0.3135955829,0.1841593782,-0.006728156,-0.327335978,-0.083814563,-0.031724207,-0.028313831,1,fac6,-1
v000758,-0.106896081,-0.073886943,0.1516464675,0.2171118682,0.0928357632,0.0238541196,-0.201945218,0.2353948565,0.070581017,0,,
v000759,0.0881900092,0.0317729472,-0.018998615,0.0842831427,0.3473024248,-0.123090105,0.3584170576,0.276722872,0.1304411887,1,fac7,1
v000760,0.0290258301,-0.164575683,-0.018872918,0.0628699503,0.3536721407,-0.239529268,-0.157215518,-0.075415283,-0.099987979,1,fac5,1
v000761,0.3633321905,-0.055023145,-0.191786659,0.3529694511,0.0195725599,-0.132776513,-0.136976623,-0.028771621,-0.096668979,1,fac1,1
v000762,0.2303594128,0.1910050581,0.039696152,-0.041968546,0.0548606537,-0.00222502,0.0497756857,0.1061878669,0.0078687223,0,,
v000763,-0.001217392,0.4673204307,-0.065623728,-0.029413413,0.2090490302,-0.001641495,-0.028660374,0.1393878728,0.1353546455,1,fac2,1
v000765,0.1928612239,-0.04086346,-0.029723674,0.4705174395,-0.103613214,0.1713017794,0.0161847855,-0.127382147,0.0336885856,1,fac4,1
v000766,0.2034531963,-0.065962386,-0.040265559,0.5316402101,0.1310097561,0.125857712,0.0681457846,-0.148866184,0.1305222806,1,fac4,1
v000767,-0.019002477,0.6332627413,0.1306350273,-0.088922538,-0.017069915,-0.016259024,0.0563276667,0.043470508,0.1066018462,1,fac2,1
v000768,0.0496198582,0.4961894414,0.1192865431,0.0193053999,0.0064503922,-0.028518044,0.0414718657,0.0061425656,0.05915755,1,fac2,1
v000769,0.1617686893,0.3084923105,0.1088942974,0.1013157043,-0.076291838,-0.001710219,0.0864458585,0.0067566623,0.0791571797,1,fac2,1
v000770,0.0179829507,-0.027613754,-0.04805194,0.4209383705,-0.15055929,-0.074422532,-0.089174176,-0.113206876,-0.06673486,1,fac4,1
v000771,0.0309600845,-0.279823262,0.0714771793,0.4684870526,-0.232301635,-0.135768444,-0.38654706,-0.126405881,0.1290786714,1,fac4,1
v000772,-0.097287094,0.5593996845,0.0145674338,-0.070238175,0.0145136074,0.0544314302,-0.177582009,0.0270270315,-0.169243429,1,fac2,1
v000773,-0.05245233,0.1727060532,0.0581547526,-0.139598411,-0.088707541,-0.12403808,-0.12813661,-0.022842603,-0.117916444,0,,
v000774,0.131387502,-0.041859608,0.2151284824,-0.046494002,0.1834685332,0.094016777,-0.033099594,-0.02718686,-0.03593573,0,,
v000775,-0.231159901,-0.08367244,0.9404443965,0.0387313899,0.1009794395,-0.028620119,0.2015906337,-0.076987877,-0.081349864,1,fac3,1
v000776,-0.151346811,0.7389054848,0.0224727668,-0.021008357,0.0140590746,0.2247983088,-0.019551291,0.062609136,-0.038371437,1,fac2,1
v000777,0.1971502244,-0.255100176,-0.065810498,0.0577038053,-0.120230928,0.773616541,-0.059653734,-0.269766845,-0.115110043,1,fac6,1
v000778,-0.130433555,-0.047877996,0.5114809953,-0.073944915,-0.081317261,0.054758763,-0.350194785,0.2245215457,-0.116812951,1,fac3,1
v000779,-0.033864604,0.0985156277,0.1385730802,-0.019179003,0.1453386371,-0.051610683,-0.192362518,0.2746536216,-0.10045482,0,,
v000780,-0.360714071,-0.077406822,-0.322943231,-0.367700705,-0.30373548,-0.220384895,0.8980916397,-0.19368171,-0.188641905,1,fac7,1
v000781,-0.181565876,-0.08180928,-0.2509177,0.5629289808,0.2449093427,0.1023390423,0.3977943653,0.0925956797,0.0260825697,1,fac4,1
v000782,0.1926288308,0.5396608123,-0.088418939,-0.120357946,-0.105897665,-0.122520506,-0.060097343,-0.050870002,0.0918630169,1,fac2,1
v000783,-0.168897849,0.2491476215,0.6046231372,-0.238343764,-0.249176372,0.0025287127,-0.070033904,0.2620556489,-0.102103978,1,fac3,1
v000784,0.2123267506,-0.137211418,-0.022959611,0.1762981758,-0.231948021,0.0307134561,0.0301442335,0.1992750617,-0.220960691,0,,
v000785,-0.025458722,0.0685949149,0.1895670047,0.0452928894,0.2010212178,0.023479164,0.1331086901,-0.004311153,-0.044467086,0,,
v000786,0.131116575,0.0095678443,0.3186146354,0.0656025463,0.4015112314,-0.01416176,0.1772520081,0.0340285189,0.1162443356,1,fac5,1
v000787,0.2017500574,-0.027794279,-0.018754069,-0.072518928,-0.000151845,0.0168705015,-0.073562496,-0.056875363,0.0299180564,0,,
v000788,0.2472944169,0.0360785949,0.0577628494,-0.01851529,0.332966809,0.0177027327,0.0722225105,0.0529964566,-0.160958129,1,fac5,1
v000789,-0.109106209,0.2378371573,-0.086481667,-0.235762815,-0.057349088,1.0899589558,-0.015093545,0.030657211,0.1262831931,1,fac6,1
v000790,0.1717257024,0.6569821555,-0.145209015,-0.003634008,-0.098201649,-0.137756161,0.0125809901,-0.095184387,0.0340941439,1,fac2,1
v000791,-0.188004251,0.1111685379,0.0707502024,-0.000665082,0.3991125924,0.1320509942,0.1216689777,0.1592406082,-0.08491933,1,fac5,1
v000792,0.1136415118,-0.103478078,0.0346951735,-0.064026353,0.109810013,-0.232917481,-0.253850751,0.0563557739,-0.015489577,0,,
v000793,-0.1838787,0.1801207635,-0.281100026,0.2857343247,0.1390069929,0.0148737941,0.3472227488,0.187159003,-0.168579149,1,fac7,1
v000794,0.1680709619,0.0098787273,0.346094268,-0.135505531,0.025402279,-0.121731496,-0.094759713,-0.047188514,0.0056026611,1,fac3,1
v000795,0.4904454389,-0.281145378,-0.126917501,-0.260628207,0.4909315251,-0.154791992,-0.109676331,0.1740085521,-0.114107238,1,fac5,1
v000796,0.2863896387,-0.207823969,0.0111560404,0.0381131981,0.4110327741,-0.013917345,-0.131410456,-0.127183605,-0.107684507,1,fac5,1
v000797,0.107432116,0.2799253342,-0.014162442,-0.117157669,-0.094284738,0.3623884203,0.0797776136,0.1425241318,0.0198999703,1,fac6,1
v000798,-0.151698272,0.115937638,0.0371810397,0.0088308785,0.1593268448,0.1376015925,-0.220620745,0.2960275679,0.0475819095,0,,
v000799,0.0152278135,0.0454955778,-0.009387169,0.2729028506,-0.067725538,-0.071150122,-0.049883011,-0.034560667,-0.045096575,0,,
v000800,0.1530188196,-0.117965746,-0.055811228,-0.080281241,-0.114506901,-0.271120173,-0.086347079,-0.476781841,0.1724000132,1,fac8,-1
v000801,0.2051092502,-0.372315245,-0.016952882,-0.113479712,0.1979146606,0.3813527138,-0.000381933,-0.331392942,-0.319129734,1,fac6,1
v000802,-0.679535877,-0.610227014,-0.275503013,-0.538609656,-0.617609281,0.8820816814,0.1527940184,-0.60937027,0.0922481007,1,fac6,1
v000803,0.0370754962,0.2399847082,-0.001450557,0.1525334094,-0.020239872,-0.076921626,0.1072036979,0.0422835189,-0.000409315,0,,
v000804,0.0291854621,0.0013346844,0.0704126183,0.3488743065,0.0118274436,-0.020443753,-0.150828878,-0.07735179,0.0048669441,1,fac4,1
v000805,0.0633348692,0.0718513203,0.1872611766,-0.020535646,0.2623059274,-0.167937066,0.1100648109,-0.050586629,-0.295414981,0,,
v000806,0.0069818125,-0.017731995,0.06082487,0.0846340067,0.0730948508,-0.080153686,-0.084616122,0.0496904822,-0.025017081,0,,
v000807,0.1131901229,0.0435280164,-0.013289917,0.0216117513,0.2508514642,-0.02217822,-0.001108294,0.0899265123,-0.11563722,0,,
v000808,-0.321257979,-0.615693196,-0.626380338,-0.477183624,-0.507938002,-0.198407322,0.4514658509,0.1281985625,0.2839065058,1,fac3,-1
v000809,0.3627727891,-0.066690737,-0.004602441,0.1681420472,-0.205849096,-0.169375627,0.0902488867,-0.107367715,0.5760757514,1,fac9,1
v000810,0.1154670999,0.1183528014,0.1062964959,0.2358653597,-0.052587015,0.0117957291,-0.239530671,0.086988655,0.0956121585,0,,
v000811,0.316075136,0.0695405009,-0.043776461,-0.038532655,0.1621813486,-0.044270013,0.0138550632,-0.189601746,-0.032629467,1,fac1,1
v000812,-0.17748613,-0.0421793,0.1912632468,-0.068222481,0.2663508862,0.0137474471,-0.325872296,0.1348011572,0.040200552,1,fac7,-1
v000813,0.1809933106,0.0405445395,-0.072693365,0.1728500595,-0.001700796,-0.036415529,-0.395644161,-0.062501562,0.0076737205,1,fac7,-1
v000814,0.4811882724,0.2250723226,-0.10142017,0.0349704931,0.0136281144,-0.065869329,-0.012373488,-0.125679528,-0.062458605,1,fac1,1
v000815,0.5345272368,0.0427821296,-0.101311336,0.018353997,-0.013965059,-0.104980064,-0.019879879,-0.101705851,0.0367216408,1,fac1,1
v000816,0.0819609188,0.3501703083,-0.008317025,-0.158798445,-0.078179556,0.6081424048,0.1552344115,0.0208245617,0.0544021846,1,fac6,1
v000817,0.2027189125,0.1057575919,-0.176892612,0.031534293,-0.021402845,0.3333783605,0.0174109263,0.2757826317,-0.004155773,1,fac6,1
v000818,0.0637358919,0.5862412113,-0.00261381,0.0461169411,-0.091800367,0.4436098988,0.1813437339,0.1057810039,0.2046291001,1,fac2,1
v000819,0.0468266977,0.0439813334,0.0075912013,-0.000914548,0.0767176535,-0.173677692,-0.132934514,0.0184363058,-0.053185731,0,,
v000820,-0.008795686,-0.073842403,-0.095717335,-0.050624106,0.0152888668,-0.248614382,-0.472858723,0.0622199351,0.0588098138,1,fac7,-1
v000821,0.1837995008,0.1441060514,-0.068966243,-0.113053792,-0.099575049,0.0877506226,-0.219229695,-0.125981953,-0.072730083,0,,
v000822,0.2464092846,-0.030847701,-0.005249109,-0.107763437,0.0029930189,0.1225612531,-0.401976323,-0.123613134,-0.070236946,1,fac7,-1
v000823,0.5385261703,-0.111651299,-0.083291559,0.0231261169,0.0953187601,0.1213796163,0.0523045047,-0.147306754,0.0219133072,1,fac1,1
v000824,-0.056918885,0.1507418496,0.1083406263,0.0926817303,-0.063810633,0.0057835324,-0.178224721,-0.052431894,0.0192379966,0,,
v000825,0.2632952772,-0.061595024,-0.082410794,-0.00521045,-0.02668815,0.2586544335,-0.312233674,-0.180045524,-0.098790366,1,fac7,-1
v000826,0.0145230377,0.1413704375,-0.051340434,0.1326346624,-0.018895114,-0.082476977,0.0051849651,0.0493081445,0.018339278,0,,
v000827,0.3703915563,0.0254673342,-0.028938212,-0.096919038,0.1903664179,0.1803886141,0.038263818,-0.033354399,-0.000556883,1,fac1,1
v000829,-0.086606399,-0.058454614,0.2373452533,-0.067095652,0.2514216655,0.0187461,-0.195138111,0.0114887331,-0.023924181,0,,
v000830,-0.072385649,0.6119377923,-0.12026543,-0.111411137,-0.072552672,-0.340198252,-0.174993254,-0.108686693,0.2777579111,1,fac2,1
v000832,0.0029389195,-0.322668013,-0.3388428,0.0824348888,-0.133958851,0.5311055636,0.0829846336,-0.66040065,0.077512768,1,fac8,-1
v000833,0.1609237529,0.1575426982,-0.023970726,-0.044091038,-0.012116075,0.0926394858,-0.123674441,-0.155737456,-0.132779275,0,,
v000834,0.1756363924,0.0214137903,-0.107250336,-0.090706409,0.1535924151,-0.006096054,0.1052934058,0.0507361018,0.0196233088,0,,
v000835,-0.103361038,0.2069203801,-0.054728459,0.1871188269,0.1771295424,-0.017182962,0.1326539767,-0.025861084,-0.030638741,0,,
v000836,0.0472367471,0.0735154709,-0.070432916,-0.001154299,-0.069116703,0.2738897358,0.1337130593,0.3193200022,0.234200591,1,fac8,1
v000837,0.1745148597,-0.172276128,-0.069641825,0.8115390707,-0.334839007,0.0920851062,0.0198089344,0.1231519727,-0.047122395,1,fac4,1
v000838,-0.262834818,-0.002530826,-0.043882168,0.1634683325,-0.030794215,0.0518825851,0.3290765225,0.3912725791,-0.231367116,1,fac8,1
v000839,0.0127226883,-0.034337119,0.0007813078,-0.17865058,0.2728407182,-0.00639411,-0.30911269,0.1235433584,0.0091610164,1,fac7,-1
v000840,-0.046436726,0.3054450067,-0.038763475,-0.1631007,-0.206959512,-0.063734456,-0.480647576,0.1579554097,-0.038410989,1,fac7,-1
v000841,0.1892977124,0.1743952168,-0.108734523,0.0874070252,-0.157154513,-0.046740861,-0.148441536,-0.188529408,-0.029823488,0,,
v000842,-0.053045069,0.1322981996,0.2092115036,-0.184960506,0.1516198236,0.1308602727,-0.065773506,0.125808366,0.0369247713,0,,
v000843,-0.21563361,-0.207089272,0.0438821294,-0.121394322,0.0274652814,0.02672566,-0.500585751,0.1507055394,-0.300766967,1,fac7,-1
v000845,0.2855854218,0.1745648546,0.0416245603,-0.038311465,0.1848451593,-0.036667262,0.0890301491,-0.070162691,0.0420981317,0,,
v000846,0.4255545747,0.2569453611,-0.082890388,0.0742825655,-0.193573219,-0.035528425,-0.031250704,-0.167004008,0.0369281256,1,fac1,1
v000847,0.5026837812,0.0770538518,-0.180570535,0.2081791145,-0.249323388,0.2491181576,0.141824397,0.0820339697,-0.297315155,1,fac1,1
v000848,-0.218685952,0.0561304917,0.44616293,-0.015221201,0.0274017947,-0.023842431,-0.017958055,0.1430457134,-0.016832988,1,fac3,1
v000849,-0.214839854,0.0233864254,-0.146626465,0.1100628068,0.3548081831,0.1104033778,-0.335413499,-0.146819998,0.7680158838,1,fac9,1
v000850,-0.050437725,0.0434598358,0.3563423929,-0.259044488,-0.126204091,0.2631447725,-0.363844367,0.05597361,-0.15070245,1,fac7,-1
v000851,-0.053914819,0.0468558469,0.5919005439,-0.015765071,-0.029273053,-0.022013534,-0.085665448,0.1975144324,-0.244947423,1,fac3,1
v000852,0.138420359,0.5766614824,0.0267807309,-0.081373327,0.0667364184,-0.036126687,0.1841710981,-0.037495141,-0.326368962,1,fac2,1
v000853,-0.122119906,0.2028927709,-0.140130755,0.33106021,0.2792929689,-0.080114476,0.1502068163,0.2008443008,0.0001116628,1,fac4,1
v000854,0.2804821157,-0.031716097,0.1328627569,-0.114001095,0.0103016556,-0.036268741,-0.052474541,-0.041475924,0.038948593,0,,
v000855,-0.04139617,-0.039547683,0.0500058331,0.2634471617,-0.063456361,-0.014541845,-0.175566323,0.0776948838,0.0228042491,0,,
v000856,0.5072860693,-0.315336634,-0.080149718,0.0094820876,-0.412614817,0.3131989065,0.3093366032,-0.042026992,-0.000317138,1,fac1,1
v000857,0.347263862,-0.211110665,-0.1187327,0.029375225,0.3531558713,0.2354762485,0.0122019184,0.0080916721,-0.007301715,1,fac5,1
v000858,0.2673884247,-0.222115048,-0.12365829,-0.016218762,0.2012046114,0.3204631796,-0.110808024,-0.006117275,-0.078229154,1,fac6,1
v000859,0.0518330711,0.1732751415,0.0018086768,-0.09014412,-0.038713369,0.1931972053,0.0278350808,0.3731798763,-0.079861298,1,fac8,1
v000860,0.2986518724,0.2691438051,-0.030236295,0.0898576056,-0.403090802,0.0591355394,0.402514466,-0.013427659,0.0713514456,1,fac5,-1
v000861,-0.407052603,-0.251181547,-0.3097424,0.103215324,-0.270086187,-0.360635231,-0.363259569,-0.086159648,0.4234710261,1,fac9,1
v000862,0.3207461436,0.0845842721,0.1300682622,0.0519857239,-0.0827174,0.0546636587,-0.224241159,-0.03682538,0.0173445664,1,fac1,1
v000863,-0.162914743,0.1521072697,-0.040501031,0.190570025,0.0429376509,-0.026008627,-0.270143932,0.1178848052,0.0826551358,0,,
v000864,0.3196969305,0.4556771172,-0.137210214,-0.065180165,-0.142439718,0.0544621449,0.0333949508,-0.139764342,0.0503838177,1,fac2,1
v000865,-0.1461303,0.0349846854,-0.123459831,0.0514235469,0.2612284119,0.0539059245,-0.1976838,0.128688684,-0.072168316,0,,
v000866,0.1896461001,0.598557112,-0.167423587,-0.057655321,-0.019650611,-0.043779786,-0.097981229,0.1403532238,0.0352757735,1,fac2,1
v000867,-0.116299921,-0.114543621,0.7987643962,-0.095212892,0.0336159112,-0.093269592,-0.123704558,0.0258793908,0.0635092999,1,fac3,1
v000868,-0.307550125,0.6386977494,-0.186243726,-0.05843553,-0.100519079,0.2588432048,0.4224459125,0.2122954259,-0.170987837,1,fac2,1
v000869,0.0398947794,0.0199455106,0.2336403382,0.12635666,0.3445441786,-0.007747835,0.0590739329,-0.014178156,0.0664800246,1,fac5,1
v000870,-0.002066891,-0.156483687,-0.03116903,-0.134822658,0.3367628145,0.3504352139,-0.119665722,0.0845124646,-0.212594829,1,fac6,1
v000871,0.1275415519,0.6258199627,0.1147087649,-0.08253557,-0.073864329,-0.18577868,-0.166926384,-0.117921646,0.0300969518,1,fac2,1
v000872,-0.201505568,-0.052568794,-0.039049854,0.3154722663,0.2198433106,0.0738464091,0.0217280101,0.1583718691,-0.263114142,1,fac4,1
v000873,-0.091197038,0.0538377298,-0.126078149,0.3064583567,0.2239033679,0.0244449525,0.2072634603,0.2159625747,0.0339239864,1,fac4,1
v000874,-0.026771288,0.0825282812,0.1593680548,-0.045394628,0.1568661966,0.4161901147,0.0151291049,0.1734622568,-0.094403298,1,fac6,1
v000875,0.4036787188,-0.061367906,-0.15595491,-0.069877913,0.148543139,0.200710973,0.1346966571,-0.115677925,-0.042984467,1,fac1,1
v000876,0.4890324389,-0.004013137,0.0629031858,-0.163685071,-0.045117328,-0.118012864,-0.279670151,-0.267300913,-0.172385375,1,fac1,1
v000877,0.0278998296,0.1900438644,0.0320491899,-0.021983997,-0.003057425,-0.073246063,-0.105697778,0.0269045761,-0.013573055,0,,
v000878,0.1667375597,-0.041803058,0.1754463231,-0.01842893,0.170314263,0.1426187657,0.0614061284,0.1194483026,-0.016677334,0,,
v000879,0.0959631763,-0.240525903,-0.313844419,-0.216631488,-0.252869811,-0.160709343,0.0706588834,-0.409026887,-0.138365951,1,fac8,-1
v000880,-0.025230865,0.0054518585,-0.118049412,0.6975171428,-0.251442186,-0.14307556,-0.204044692,-0.038878475,0.0292896527,1,fac4,1
v000881,-0.580177395,0.6433426615,-0.097595721,0.12934089,-0.257430788,-0.07405818,0.1162715745,-0.122983533,0.5743708629,1,fac2,1
v000882,-0.400836816,0.0151839591,-0.012047261,-0.299814095,0.1562746274,1.0083503987,-0.133793365,-0.298768472,0.1238024162,1,fac6,1
v000883,0.5984404519,0.0872630657,0.1022449721,0.0913243017,-0.186486711,0.1286851017,0.2778739019,0.2641075654,-0.025864951,1,fac1,1
v000884,0.0924997657,0.1641004872,-0.044040374,0.272455867,-0.32010584,-0.033657239,0.2358288635,0.1776647798,0.1652963939,1,fac5,-1
v000885,0.0362510493,0.4558030541,-0.004261182,0.0789502964,0.0976910257,-0.040813835,0.0571354252,0.0079660787,-0.115509956,1,fac2,1
v000886,-0.390575636,0.6080754996,-0.434046375,-0.597890453,-0.280003085,-0.438858645,0.1707809841,-0.356794878,-0.261126546,1,fac2,1
v000887,-0.283206878,0.0079746382,0.1603835921,0.4310171976,0.0222565969,0.2759198796,-0.045256923,-0.004582754,-0.486478799,1,fac9,-1
v000888,0.0185866033,0.0594762132,-0.069170726,0.3913109388,-0.117747874,0.0087040961,0.0589600945,0.0930738793,-0.034764186,1,fac4,1
v000889,0.3943011946,0.1268216908,0.0271347472,0.1998747377,-0.239790776,0.0133795455,0.0753288551,0.0364966962,-0.07981167,1,fac1,1
v000890,0.4119284908,0.207325418,-0.108941013,0.0132933048,-0.048299759,-0.016911825,-0.003199794,-0.089278883,-0.044784579,1,fac1,1
v000891,0.2792137421,0.4094109672,-0.132532357,-0.170292341,-0.100646619,0.4506255432,0.2184617545,-0.020675678,0.2346152297,1,fac6,1
v000892,0.2463460724,0.4227459082,0.1309510628,-0.183650409,0.0494544777,-0.004852442,0.0668632048,-0.18008942,0.0174061688,1,fac2,1
v000893,0.2381943775,0.3996797376,0.0698304656,-0.154640167,0.0767845147,-0.08815179,-0.030811769,-0.004069004,0.0391715184,1,fac2,1
v000894,-0.354120726,-0.024941472,-0.03121561,0.4007760123,0.2271323513,0.1270882208,0.0531892716,0.0524717226,-0.235013096,1,fac4,1
v000895,0.1600788316,0.1376428834,0.0985402923,0.0469387801,-0.1526088,-0.249511434,-0.308156432,-0.082789918,-0.171867694,1,fac7,-1
v000896,0.4960621327,0.1276738298,0.0438814095,-0.173411858,0.0528917353,-0.15826534,-0.186291618,-0.085071599,-0.20096361,1,fac1,1
v000897,0.2196820672,-0.074433081,0.0417577824,0.405001619,-0.086641199,0.0323521013,0.0504569363,0.0542836402,-0.014421897,1,fac4,1
v000898,-0.097534929,0.3966300374,0.0425103548,-0.014302954,-0.042689084,-0.007628191,0.098507234,0.0910469648,-0.011251178,1,fac2,1
v000899,0.4464146977,-0.088399832,0.1555529865,0.1195447474,-0.10128646,-0.005082395,-0.186594209,-0.119158971,-0.041533746,1,fac1,1
v000900,-0.085557409,0.0161982268,0.012121335,0.3122813122,0.0916341463,-0.079123217,-0.023720856,0.1016268604,-0.024803546,1,fac4,1
v000901,0.0262453118,-0.202170945,0.5362731269,0.0323526923,0.1648796133,-0.053980591,0.0061240638,-0.044335336,-0.074579485,1,fac3,1
v000902,0.3220211937,0.1028820683,-0.132157375,0.1575171946,0.0671430517,0.0309288377,0.1650003543,-0.107165718,-0.07049699,1,fac1,1
v000903,-0.027927603,0.1307633096,-0.03671465,-0.011339782,0.0128972938,-0.080570131,-0.128990765,0.0187347667,0.0906994948,0,,
v000904,-0.110081913,0.1250566536,0.1076136373,-0.064924361,0.2504296168,-0.07480349,0.0074523661,0.0319422138,0.0376838328,0,,
v000905,-0.081068383,0.1632040942,0.0840165542,-0.045382182,-0.072473508,-0.07431686,-0.146770555,-0.056700227,0.1117669234,0,,
v000906,0.3523530815,0.0385847788,0.1453438242,0.1063783109,-0.053816496,0.0366680022,0.1666846236,0.228785732,0.0316109643,1,fac1,1
v000907,0.0805284685,-0.090342106,-0.037696837,0.6551438305,-0.350428222,0.0321048893,-0.210608062,-0.426209689,0.1792128487,1,fac4,1
v000908,-0.517019063,-0.520915604,-0.381105752,-0.283183407,-0.239656902,-0.218374327,0.5343745702,-0.159286032,0.0805507148,1,fac7,1
v000909,0.3251783853,0.0354796432,0.027038277,0.1299077065,-0.087662844,-0.011485906,0.0996166382,0.1087362208,-0.000459509,1,fac1,1
v000910,-0.010395538,-0.024525955,-0.175546792,0.7891769602,-0.320545201,-0.136861871,0.0587697958,0.1729312698,-0.092909383,1,fac4,1
v000911,-0.001227796,0.0938357549,0.1484038939,0.0157085078,0.0081212069,-0.007222143,-0.313070543,-0.02807874,-0.099879334,1,fac7,-1
v000912,-0.353297862,0.0597977154,0.1810487111,-0.177091639,0.0029739999,0.2517673381,-0.350157623,0.4257297747,0.0125991332,1,fac8,1
v000913,0.108808863,-0.27156086,-0.325739382,-0.378932057,0.0414750858,0.1260170276,0.5362222219,0.4078028309,0.5454477264,1,fac9,1
v000914,0.123879729,-0.047413363,0.0473706159,-0.024922035,-0.121466779,0.1208959597,-0.399804345,-0.062876915,-0.265766741,1,fac7,-1
v000915,-0.134885176,-0.112347324,0.1425091701,-0.06539518,0.228141196,0.241617391,-0.22938749,0.0233271774,-0.146102361,0,,
v000916,-0.282543444,-0.222312272,-0.420236064,-0.551916661,-0.272465832,-0.405530775,0.7112899881,-0.270835217,-0.275460327,1,fac7,1
v000917,0.1858675359,-0.102995774,0.0908357692,-0.008220649,0.1641779604,0.1902891096,0.1304332105,0.058174228,0.0875407927,0,,
v000918,0.1578222685,-0.048256302,0.1459183773,0.2132321512,0.1141088911,0.0666973412,0.0643402842,-0.201715794,0.0003091428,0,,
v000919,0.0813943664,-0.118542433,0.0497841857,-0.043228219,0.1420840463,0.0840057288,-0.062882309,0.1419097772,-0.299765035,0,,
v000920,-0.242197068,-0.294154846,0.9469022058,-0.167413478,-0.430584203,-0.051089216,-0.010151406,0.0475262886,0.1085391566,1,fac3,1
v000921,0.1593278413,0.2303144289,0.0045448944,0.0880809748,-0.063865688,0.0208524314,-0.002432844,-0.03135998,0.0440011787,0,,
v000922,0.3151172131,0.2306108975,-0.139330941,0.19919942,-0.175498635,0.0443645336,-0.012305261,-0.150291638,-0.022701518,1,fac1,1
v000923,0.271174705,0.0315729716,-0.179403945,0.6275065571,-0.2120465,-0.006804417,0.0729861837,-0.037747692,0.0984788973,1,fac4,1
v000924,0.5092057678,-0.105034794,-0.110397766,0.109012233,-0.093683494,0.1950123005,-0.029527357,-0.060685219,-0.006730403,1,fac1,1
v000925,0.0775664734,0.019392808,0.0127642358,-0.045812027,-0.057963646,0.1175146051,-0.115200877,-0.023960964,-0.060306272,0,,
v000926,0.1480959884,0.1948432515,-0.148288356,0.1113611117,-0.109480955,-0.057662328,-0.309322316,-0.043720013,0.1178222155,1,fac7,-1
v000927,0.0609768823,0.0810775208,0.0986877235,-0.202646996,0.0065152562,0.0047573189,-0.096481946,0.103450668,-0.002401674,0,,
v000928,0.2971976887,-0.023039391,-0.153007516,0.2724255099,0.0727591081,0.3949859329,0.0983998279,-0.401195959,0.0620602554,1,fac8,-1
v000929,0.3771455508,0.0358485497,-0.054206547,0.0407105779,0.0681195183,0.0246277025,0.0379731825,0.2540585791,-0.018727922,1,fac1,1
v000930,0.3784662108,-0.170432309,0.1062170064,-0.057737202,-0.1364365,-0.092123489,-0.109411556,0.1677448343,0.0494217338,1,fac1,1
v000931,-0.037743021,-0.026855686,-0.155114373,0.2342562362,-0.179981072,-0.119994014,-0.02064702,0.240938387,-0.402161931,1,fac9,-1
v000932,-0.039659839,0.0480863316,-0.163384755,-0.010290288,0.0230539844,-0.040901221,-0.463019044,-0.006030211,0.2521453015,1,fac7,-1
v000933,-0.148231804,-0.359032032,-0.144796745,-0.100903178,-0.017654601,-0.200483612,-0.094363499,1.0120181558,-0.141226915,1,fac8,1
v000934,0.118837409,-0.082485688,-0.186395498,0.0695704099,0.4505472238,0.0195733529,0.1367327129,0.3144910021,0.1251323301,1,fac5,1
v000935,-0.450662611,-0.580602372,-0.601801775,-0.492772342,-0.301138159,-0.295260696,0.2952746125,-0.184012377,0.1341005501,1,fac3,-1
v000936,-0.125369245,0.1249748238,0.0667990172,-0.041379024,0.3677926817,-0.058284563,-0.049056325,0.1181094821,0.0518012426,1,fac5,1
v000937,0.02766182,-0.170650926,-0.405900218,0.4661024591,0.0659726661,-0.099525177,0.0417082567,-0.121218688,-0.605725195,1,fac9,-1
v000938,0.2985211358,-0.157723813,-0.176559307,0.0798484594,0.4321355439,0.2526964246,0.3626551117,0.0227787472,0.4585189696,1,fac9,1
v000939,0.1615804624,-0.370466151,-0.176299348,-0.483512508,-0.412286977,0.0461860543,-0.012630489,0.4044080446,-0.081932243,1,fac4,-1
v000940,0.1805741944,0.1708281096,-0.116397705,-0.102149282,-0.007511318,-0.029279103,-0.217273095,-0.114382005,-0.033535336,0,,
v000941,-0.12089657,-0.050227377,0.6608918992,-0.064574502,0.0665655739,-0.12654262,-0.06243049,0.0291942209,0.0107650357,1,fac3,1
v000942,0.5247310828,-0.009870942,-0.305643106,-0.279094637,-0.411094013,0.3135660737,-0.013114987,0.296224587,-0.09814064,1,fac1,1
v000943,0.0245630619,-0.133801875,0.1099315081,0.1361366672,0.4241090984,0.145090765,-0.065103374,-0.198866425,-0.453979905,1,fac9,-1
v000944,0.1955341403,0.2519933062,0.0521941496,-0.028282385,0.1328676764,-0.055342928,0.0953130327,-0.015810974,0.0190513804,0,,
v000945,0.0923586378,0.1096589111,0.3922868311,-0.07122489,0.0035696901,0.0440753565,-0.138352885,0.2542023687,-0.138936974,1,fac3,1
v000946,0.0134238328,-0.111312128,0.1183944208,0.1259846755,0.4130342564,0.1750360938,-0.036697982,-0.194119113,-0.488661455,1,fac9,-1
v000947,0.1076798002,0.0756358226,0.1648626566,-0.268791699,-0.182404496,-0.270491633,-0.016695223,-0.00129401,-0.373823769,1,fac9,-1
v000948,0.002316343,-0.041133875,0.0623186775,-0.00012171,-0.035850131,0.054497477,-0.10652347,0.0026708336,-0.169197217,0,,
v000949,0.0389850492,0.0031964704,-0.204648595,0.2466562864,0.0480159135,0.5622060863,-0.020248745,-0.298517439,-0.088632094,1,fac6,1
v000951,-0.087956672,-0.053555275,0.0346153446,0.091351884,0.2227395606,-0.014141315,-0.068498371,0.2062998449,-0.347749436,1,fac9,-1
v000952,0.7104315649,-0.208071601,-0.172591209,-0.244541516,-0.178800463,-0.647728275,-0.155716197,-0.193835184,0.2640176323,1,fac1,1
v000953,0.6016309954,-0.162166855,-0.122794788,-0.165981451,0.1653715121,-0.568298186,-0.147921535,-0.116421935,0.3151473428,1,fac1,1
v000954,0.436497666,-0.296627795,-0.141352085,-0.092293415,0.0647638242,-0.383516506,-0.300991582,-0.037797644,0.391478636,1,fac1,1
v000955,-0.121448227,0.1498818401,0.1367027028,-0.057577903,0.4637615675,-0.134799264,0.2113397452,0.1080295608,0.0361510632,1,fac5,1
v000956,-0.115902726,-0.026450964,-0.136110492,0.3811107869,-0.069894701,-0.338907377,0.14395455,-0.096453153,-0.181770365,1,fac4,1
v000957,0.059620019,0.3474828239,-0.059540801,-0.119445707,-0.164396009,0.9256731015,0.1901342059,0.0052484722,0.1262366318,1,fac6,1
v000958,0.1301069786,0.0755663919,-0.043287707,0.1810677073,0.4102642894,0.0918049937,0.4115082129,0.3172426434,0.1696665402,1,fac7,1
v000959,-0.142563489,0.0603608045,0.0990089145,0.0513506948,0.0064252736,-0.038814994,-0.155247987,0.4517072953,0.0715051191,1,fac8,1
v000960,-0.059131608,0.1407952362,-0.048372622,0.2305174604,0.071678954,-0.064395793,-0.041149602,0.2547663462,0.0154855621,0,,
v000961,-0.069608429,-0.024727834,0.1727038162,-0.166819387,-0.044399682,0.101348638,-0.542210681,0.2797311908,-0.103518606,1,fac7,-1
v000962,0.046183914,-0.073867687,0.1223391997,0.0567259917,0.2967157261,0.0261293645,0.1103488671,-0.118041913,0.0016599959,0,,
v000963,-0.017105098,0.0315063748,0.2611571174,-0.055119836,0.1077201236,-0.035091377,-0.225631397,0.0833625579,-0.037256848,0,,
v000964,-0.052396372,0.1112194668,0.0798818686,0.0132117878,0.0031196691,-0.047219837,-0.145523263,0.4019269508,-0.064247953,1,fac8,1
v000965,0.2989563224,0.0394642032,-0.06081087,-0.351257591,0.0766683925,-0.440294429,-0.144679769,-0.102044379,0.2153764515,1,fac6,-1
v000966,-0.117622866,-0.078225327,0.7653284604,-0.074940494,0.3038726534,-0.1655686,0.1998650537,-0.188241718,-0.061555963,1,fac3,1
v000968,-0.135747979,-0.060799146,-0.160975551,0.3180682658,0.1469905612,-0.044701037,0.0278398648,0.1811269289,-0.243888498,1,fac4,1
v000969,0.0150799789,0.10585976,0.0026242111,0.1174640443,0.0150661353,-0.025915245,0.0505988811,0.0448645622,-0.051358872,0,,
v000970,0.0724280687,0.4761729104,0.0542000505,-0.039952046,0.0289243485,-0.120297524,0.1059622254,-0.031999318,-0.374060042,1,fac2,1
v000971,-0.088076907,-0.086103332,-0.017437241,0.043995417,0.2564224763,-0.087799111,0.1194151043,0.4871541955,0.0877104845,1,fac8,1
v000972,-0.266515981,-0.047983724,-0.084402362,-0.037629884,0.1803492857,0.01112872,-0.166950171,0.7174933608,-0.039797406,1,fac8,1
v000973,0.1335997559,0.4154566183,0.0765407678,0.1250530152,-0.10623969,0.0096276742,0.0159932429,0.0152215317,0.0435859079,1,fac2,1
v000974,0.0002162629,-0.041857343,-0.092064053,-0.430213462,-0.327753463,1.2488063193,0.14856705,-0.09718187,0.0474353658,1,fac6,1
v000975,-0.014971029,0.2802673136,-0.017972463,-0.045374484,0.2285020637,-0.018398702,-0.079662023,0.1457514865,0.1162468577,0,,
v000976,0.1745177367,-0.066082562,-0.055562436,0.1023514375,-0.109084446,0.0263374596,-0.158685305,-0.108755062,-0.088619477,0,,
v000977,-0.360498075,0.0545121127,0.1258757896,-0.051417032,0.1186815357,-0.268723118,0.5604131158,-0.095291876,-0.141505305,1,fac7,1
v000978,0.046526452,0.076130254,0.0510179779,-0.082858121,0.0606906926,0.0099498326,-0.139823395,0.131647802,0.0055765837,0,,
v000979,-0.158443137,0.860844527,-0.31335523,-0.266472173,-0.082884049,-0.434594179,0.1309389961,-0.219288578,-0.173344716,1,fac2,1
v000980,0.5611566652,-0.026758313,-0.293717546,-0.12479567,0.0393249904,0.2739585386,-0.059180489,-0.11876299,0.00263351,1,fac1,1
v000981,0.0744468612,0.2588931952,-0.154961172,-0.054038217,0.3331816634,0.019710404,-0.080987473,-0.061954957,-0.052637593,1,fac5,1
v000982,0.1560882972,-0.03564617,0.0667575728,0.1426279301,0.1673459835,-0.142121016,-0.267181202,0.0051654988,0.0027302456,0,,
v000983,0.0184140864,-0.025126748,0.2007628398,0.0607871192,0.4284540966,0.0017788671,0.0787015631,-0.034867937,-0.158244796,1,fac5,1
v000984,-0.034302972,0.7564438002,-0.057044526,-0.09182964,-0.13258946,0.4438489542,0.1485052677,-0.028407648,0.2356297699,1,fac2,1
v000985,0.3769325905,0.0177577642,-0.112980753,0.3301992548,-0.2179035,0.1747151493,0.0434619888,-0.106111018,-0.126986299,1,fac1,1
v000986,0.395693457,-0.051311282,-0.083024214,-0.107848868,0.1344831632,0.2338936698,0.0286102821,-0.067085178,0.0355968134,1,fac1,1
v000987,0.3803696416,-0.062854915,0.1392460811,0.1803442719,-0.089052096,0.0277480677,-0.122549269,0.0879401313,-0.125150011,1,fac1,1
v000988,0.2138249235,0.0455180265,0.1654983308,-0.050838373,0.0691018154,0.0988080827,0.1206968617,0.1021488923,-0.084403086,0,,
v000989,0.4384764812,0.1125064659,0.017022384,0.2750579884,-0.251264478,0.108716041,-0.000413594,0.1273009713,0.2607164171,1,fac1,1
v000990,0.0431829932,0.0995007033,0.1036062734,0.1063964851,-0.09143623,0.0469128513,-0.116186555,0.0850540383,0.0121318229,0,,
v000991,0.2038458596,-0.006350153,-0.053903796,0.3133200781,-0.320246796,-0.115412116,-0.261615473,0.1733608076,0.2790018375,1,fac5,-1
v000992,-0.33369252,0.0422057537,-0.317023336,0.1526652291,0.1665481964,0.0937798984,-0.189012832,-0.223149551,1.4008088208,1,fac9,1
v000993,0.1222827724,-0.06626876,-0.332266473,0.0537980859,-0.013090153,-0.507347162,0.050518618,-0.138890185,-0.021700044,1,fac6,-1
v000995,0.0339167678,0.0728493568,-0.051922675,0.0977468828,0.1214182771,-0.066203668,0.0643239464,-0.011992436,-0.056093272,0,,
v000996,-0.019275604,-0.174029165,-0.021970323,0.0380082182,0.4942553676,0.0130880236,-0.00392178,0.1044419686,0.020364148,1,fac5,1
v000997,0.0555208158,0.3572798777,-0.063250662,-0.009557665,0.0336314653,-0.034459615,0.0641759634,0.1417082519,0.0178818903,1,fac2,1
v000998,0.177081218,0.0649181916,-0.016423754,0.0298162559,0.1648972314,0.0562355435,0.0573176122,-0.067364894,-0.101449487,0,,
v000999,0.4163144788,-0.032011985,-0.093627754,0.135836406,0.1104441594,-0.140704666,-0.236624655,0.0473929546,0.0032416958,1,fac1,1
v001000,-0.175329178,0.4463028201,-0.371644881,-0.596515804,-0.365765827,-0.378533502,0.1961414785,-0.522515674,-0.283717744,1,fac4,-1
v001001,0.0710131751,0.0631026963,-0.026561286,0.3103361297,0.0830987722,-0.027878977,0.0042505695,0.098859853,-0.048441182,1,fac4,1
v001002,0.0926204076,-0.016623303,-0.121970639,0.6217137868,-0.084566834,0.0050965537,-0.00828847,0.0463813255,-0.020169165,1,fac4,1
v001003,0.0282674025,-0.009772025,0.1445782025,0.1877735792,0.2331470975,-0.064819032,-0.003056456,0.2265462301,-0.10831405,0,,
v001004,0.2569737992,-0.05300985,-0.034664427,0.0529645515,-0.055475787,-0.034622483,-0.116015197,-0.086466374,0.0609309683,0,,
v001005,0.4398708163,-0.072915044,-0.019994903,-0.166725305,0.0503264606,-0.00325473,-0.148803599,-0.021717425,0.0139264989,1,fac1,1
v001006,0.3905631567,0.0097445739,-0.032686766,-0.00144269,0.1381610247,0.1461413293,0.0938629514,-0.014392395,-0.000263092,1,fac1,1
v001007,-0.638426399,-0.314223985,-0.321065039,-0.240615033,0.1212427732,1.179330023,-0.094327523,-0.566939351,-0.060596696,1,fac6,1
v001008,-0.12176182,0.0566910071,0.0308638538,-0.056633931,0.0920238462,-0.10371237,-0.091743655,0.0489654841,-0.09053362,0,,
v001009,-0.002085113,0.2812021498,-0.272355069,-0.025227587,0.0818850908,-0.423171793,-0.298038233,-0.042974637,0.1067809945,1,fac6,-1
v001010,-0.095787013,0.6300178786,-0.089202907,-0.129760963,-0.023107904,0.287365444,0.1599859519,0.0885819706,0.1757883527,1,fac2,1
v001011,0.0012195384,0.0591505071,0.1873141001,-0.068051708,0.13959594,0.0534819953,-0.276141612,0.0935739195,-0.032174998,0,,
v001012,-0.113469401,0.1870410773,0.0936762199,-0.02407494,0.1767598336,-0.01447665,-0.072916345,0.1090389465,-0.045571828,0,,
